# 2026-07-29T06:17:21-04:00 steps=1000 K=from-filename (HamLib=--sym L4, SuiteSparse=full)
E2EEVCSV,/mnt/beegfs/ysu34/hamlib/dia_e2e/B2_10_4.txt,1024,71,1000,4,didx,9.206,0.667,33.111,139.625,4.217,5.215e-08
E2EOPCSV,/mnt/beegfs/ysu34/hamlib/dia_e2e/B2_10_4.txt,1024,71,2,747,436668,1.065,0.025,-1
E2EOPCSV,/mnt/beegfs/ysu34/hamlib/dia_e2e/B2_10_4.txt,1024,71,3,1887,991896,20.458,0.070,-1
E2EOPBUILDCSV,/mnt/beegfs/ysu34/hamlib/dia_e2e/B2_10_4.txt,1024,4,1024,524800,6.657,-1,-1
E2EEVCSV,/mnt/beegfs/ysu34/hamlib/dia_e2e/B2_12_4.txt,4096,210,1000,4,didx,3.748,4.270,40.846,176.186,4.313,5.401e-08
E2EOPCSV,/mnt/beegfs/ysu34/hamlib/dia_e2e/B2_12_4.txt,4096,210,2,4804,11380419,21.892,0.346,-1
E2EOPCSV,/mnt/beegfs/ysu34/hamlib/dia_e2e/B2_12_4.txt,4096,210,3,8189,16776912,643.560,5.728,-1
E2EOPBUILDCSV,/mnt/beegfs/ysu34/hamlib/dia_e2e/B2_12_4.txt,4096,4,4096,8390656,90.691,-1,-1
E2EEVCSV,/mnt/beegfs/ysu34/hamlib/dia_e2e/B2_14_4.txt,16384,389,1000,4,didx,20.332,22.218,56.226,414.089,7.365,6.013e-08
E2EOPCSV,/mnt/beegfs/ysu34/hamlib/dia_e2e/B2_14_4.txt,16384,389,2,18515,190009390,146.228,5.736,-1
E2EOPCSV,/mnt/beegfs/ysu34/hamlib/dia_e2e/B2_14_4.txt,16384,389,3,32767,268435456,9599.234,254.746,-1
E2EEVCSV,/mnt/beegfs/ysu34/hamlib/dia_e2e/B2_8_4.txt,256,47,1000,4,didx,0.202,0.480,28.650,130.020,4.538,6.372e-08
E2EOPCSV,/mnt/beegfs/ysu34/hamlib/dia_e2e/B2_8_4.txt,256,47,2,319,44616,0.368,0.014,-1
E2EOPCSV,/mnt/beegfs/ysu34/hamlib/dia_e2e/B2_8_4.txt,256,47,3,511,65536,2.708,0.017,-1
E2EOPBUILDCSV,/mnt/beegfs/ysu34/hamlib/dia_e2e/B2_8_4.txt,256,4,256,32896,0.977,-1,-1
E2EEVCSV,/mnt/beegfs/ysu34/hamlib/dia_e2e/BeH_12_4.txt,4096,299,1000,4,didx,5.496,4.148,54.294,179.189,3.300,5.128e-07
E2EOPCSV,/mnt/beegfs/ysu34/hamlib/dia_e2e/BeH_12_4.txt,4096,299,2,5031,11437262,26.039,0.539,-1
E2EOPCSV,/mnt/beegfs/ysu34/hamlib/dia_e2e/BeH_12_4.txt,4096,299,3,8191,16777216,532.004,7.366,-1
E2EEVCSV,/mnt/beegfs/ysu34/hamlib/dia_e2e/BeH_12_6.txt,4096,299,1000,6,didx,5.532,4.173,81.013,272.445,3.363,5.063e-07
E2EOPCSV,/mnt/beegfs/ysu34/hamlib/dia_e2e/BeH_12_6.txt,4096,299,2,5031,11437262,26.038,0.539,-1
E2EOPCSV,/mnt/beegfs/ysu34/hamlib/dia_e2e/BeH_12_6.txt,4096,299,3,8191,16777216,531.055,7.368,-1
E2EEVCSV,/mnt/beegfs/ysu34/hamlib/dia_e2e/BeH_8_3.txt,256,45,1000,3,didx,0.202,0.485,21.245,95.943,4.516,2.392e-08
E2EOPCSV,/mnt/beegfs/ysu34/hamlib/dia_e2e/BeH_8_3.txt,256,45,2,295,39880,0.294,0.013,-1
E2EOPCSV,/mnt/beegfs/ysu34/hamlib/dia_e2e/BeH_8_3.txt,256,45,3,509,65508,2.570,0.016,-1
E2EOPBUILDCSV,/mnt/beegfs/ysu34/hamlib/dia_e2e/BeH_8_3.txt,256,3,255,32882,0.549,-1,-1
E2EEVCSV,/mnt/beegfs/ysu34/hamlib/dia_e2e/BH_20_7.txt,1048576,127,1000,7,didx,875.864,703.758,1436.192,13341.016,9.289,7.527e-07
E2EOPCSV,/mnt/beegfs/ysu34/hamlib/dia_e2e/BH_20_7.txt,1048576,127,2,5555,5108440242,-1,-1,-1
E2EOPBUILDCSV,/mnt/beegfs/ysu34/hamlib/dia_e2e/BH_20_7.txt,1048576,7,1048576,549756338176,-1,-1,-1
E2EEVCSV,/mnt/beegfs/ysu34/hamlib/dia_e2e/fermi_10_4.txt,1024,17,1000,4,didx,0.753,2.101,29.673,143.938,4.851,1.682e-07
E2EOPCSV,/mnt/beegfs/ysu34/hamlib/dia_e2e/fermi_10_4.txt,1024,17,2,113,102554,0.052,0.009,-1
E2EOPCSV,/mnt/beegfs/ysu34/hamlib/dia_e2e/fermi_10_4.txt,1024,17,3,393,330602,0.804,0.012,-1
E2EOPBUILDCSV,/mnt/beegfs/ysu34/hamlib/dia_e2e/fermi_10_4.txt,1024,4,428,324533,2.284,-1,-1
E2EEVCSV,/mnt/beegfs/ysu34/hamlib/dia_e2e/fermi_12_4.txt,4096,21,1000,4,didx,0.720,0.749,31.989,147.291,4.604,1.903e-07
E2EOPCSV,/mnt/beegfs/ysu34/hamlib/dia_e2e/fermi_12_4.txt,4096,21,2,177,656322,0.117,0.013,-1
E2EOPCSV,/mnt/beegfs/ysu34/hamlib/dia_e2e/fermi_12_4.txt,4096,21,3,793,2765826,2.624,0.047,-1
E2EOPBUILDCSV,/mnt/beegfs/ysu34/hamlib/dia_e2e/fermi_12_4.txt,4096,4,1084,3485057,2.471,-1,-1
E2EEVCSV,/mnt/beegfs/ysu34/hamlib/dia_e2e/fermi_14_5.txt,16384,25,1000,5,didx,2.709,2.732,44.063,213.008,4.834,2.086e-07
E2EOPCSV,/mnt/beegfs/ysu34/hamlib/dia_e2e/fermi_14_5.txt,16384,25,2,257,3870866,0.307,0.041,-1
E2EOPCSV,/mnt/beegfs/ysu34/hamlib/dia_e2e/fermi_14_5.txt,16384,25,3,1433,20514002,7.822,0.404,-1
E2EOPBUILDCSV,/mnt/beegfs/ysu34/hamlib/dia_e2e/fermi_14_5.txt,16384,5,5584,68470888,43.502,-1,-1
E2EEVCSV,/mnt/beegfs/ysu34/hamlib/dia_e2e/fermi_16_5.txt,65536,29,1000,5,didx,10.397,10.289,52.109,366.004,7.024,2.150e-07
E2EOPCSV,/mnt/beegfs/ysu34/hamlib/dia_e2e/fermi_16_5.txt,65536,29,2,353,21513010,0.390,0.187,-1
E2EOPCSV,/mnt/beegfs/ysu34/hamlib/dia_e2e/fermi_16_5.txt,65536,29,3,2377,138741682,18.242,2.481,-1
E2EOPBUILDCSV,/mnt/beegfs/ysu34/hamlib/dia_e2e/fermi_16_5.txt,65536,5,13774,709815512,-1,-1,-1
E2EEVCSV,/mnt/beegfs/ysu34/hamlib/dia_e2e/fermi_8_4.txt,256,13,1000,4,didx,0.169,0.422,26.308,127.630,4.851,1.239e-07
E2EOPCSV,/mnt/beegfs/ysu34/hamlib/dia_e2e/fermi_8_4.txt,256,13,2,65,14310,0.026,0.006,-1
E2EOPCSV,/mnt/beegfs/ysu34/hamlib/dia_e2e/fermi_8_4.txt,256,13,3,169,33734,0.250,0.008,-1
E2EOPBUILDCSV,/mnt/beegfs/ysu34/hamlib/dia_e2e/fermi_8_4.txt,256,4,148,25923,0.502,-1,-1
E2EEVCSV,/mnt/beegfs/ysu34/hamlib/dia_e2e/heis_10_5.txt,1024,19,1000,5,didx,0.288,0.512,38.161,169.415,4.439,2.315e-07
E2EOPCSV,/mnt/beegfs/ysu34/hamlib/dia_e2e/heis_10_5.txt,1024,19,2,135,123122,0.072,0.009,-1
E2EOPCSV,/mnt/beegfs/ysu34/hamlib/dia_e2e/heis_10_5.txt,1024,19,3,471,395890,1.167,0.014,-1
E2EOPBUILDCSV,/mnt/beegfs/ysu34/hamlib/dia_e2e/heis_10_5.txt,1024,5,730,467000,2.412,-1,-1
E2EEVCSV,/mnt/beegfs/ysu34/hamlib/dia_e2e/heis_12_5.txt,4096,23,1000,5,didx,0.769,0.800,40.663,188.574,4.637,2.523e-07
E2EOPCSV,/mnt/beegfs/ysu34/hamlib/dia_e2e/heis_12_5.txt,4096,23,2,207,771058,0.146,0.014,-1
E2EOPCSV,/mnt/beegfs/ysu34/hamlib/dia_e2e/heis_12_5.txt,4096,23,3,951,3324018,3.713,0.058,-1
E2EOPBUILDCSV,/mnt/beegfs/ysu34/hamlib/dia_e2e/heis_12_5.txt,4096,5,2264,6372920,10.788,-1,-1
E2EEVCSV,/mnt/beegfs/ysu34/hamlib/dia_e2e/heis_14_5.txt,16384,27,1000,5,didx,2.898,3.090,43.218,215.958,4.997,2.728e-07
E2EOPCSV,/mnt/beegfs/ysu34/hamlib/dia_e2e/heis_14_5.txt,16384,27,2,295,4460530,0.420,0.047,-1
E2EOPCSV,/mnt/beegfs/ysu34/hamlib/dia_e2e/heis_14_5.txt,16384,27,3,1703,24453234,10.734,0.500,-1
E2EOPBUILDCSV,/mnt/beegfs/ysu34/hamlib/dia_e2e/heis_14_5.txt,16384,5,6390,77622840,57.839,-1,-1
E2EEVCSV,/mnt/beegfs/ysu34/hamlib/dia_e2e/heis_16_5.txt,65536,31,1000,5,didx,10.559,11.652,51.929,383.798,7.391,2.924e-07
E2EOPCSV,/mnt/beegfs/ysu34/hamlib/dia_e2e/heis_16_5.txt,65536,31,2,399,24395762,0.423,0.213,-1
E2EOPCSV,/mnt/beegfs/ysu34/hamlib/dia_e2e/heis_16_5.txt,65536,31,3,2791,163414130,21.047,3.000,-1
E2EOPBUILDCSV,/mnt/beegfs/ysu34/hamlib/dia_e2e/heis_16_5.txt,65536,5,16084,825757240,-1,-1,-1
E2EEVCSV,/mnt/beegfs/ysu34/hamlib/dia_e2e/heis_18_5.txt,262144,35,1000,5,didx,43.490,56.571,97.137,872.829,8.986,3.075e-07
E2EOPCSV,/mnt/beegfs/ysu34/hamlib/dia_e2e/heis_18_5.txt,262144,35,2,519,127991794,1.341,1.349,-1
E2EOPCSV,/mnt/beegfs/ysu34/hamlib/dia_e2e/heis_18_5.txt,262144,35,3,4279,1016725618,-1,-1,-1
E2EOPBUILDCSV,/mnt/beegfs/ysu34/hamlib/dia_e2e/heis_18_5.txt,262144,5,36242,7742295608,-1,-1,-1
E2EEVCSV,/mnt/beegfs/ysu34/hamlib/dia_e2e/heis_20_5.txt,1048576,39,1000,5,didx,221.294,268.559,433.470,3076.206,7.097,3.225e-07
E2EOPCSV,/mnt/beegfs/ysu34/hamlib/dia_e2e/heis_20_5.txt,1048576,39,2,655,650379250,-1,-1,-1
E2EOPBUILDCSV,/mnt/beegfs/ysu34/hamlib/dia_e2e/heis_20_5.txt,1048576,5,74192,65260228152,-1,-1,-1
E2EEVCSV,/mnt/beegfs/ysu34/hamlib/dia_e2e/heis_20_6.txt,1048576,39,1000,6,didx,232.061,268.356,519.113,3698.869,7.125,3.223e-07
E2EOPCSV,/mnt/beegfs/ysu34/hamlib/dia_e2e/heis_20_6.txt,1048576,39,2,655,650379250,-1,-1,-1
E2EOPBUILDCSV,/mnt/beegfs/ysu34/hamlib/dia_e2e/heis_20_6.txt,1048576,6,204956,168641400384,-1,-1,-1
E2EEVCSV,/mnt/beegfs/ysu34/hamlib/dia_e2e/heis_22_5.txt,4194304,43,1000,5,didx,1093.504,1270.915,1746.430,14167.432,8.112,3.365e-07
E2EOPCSV,/mnt/beegfs/ysu34/hamlib/dia_e2e/heis_22_5.txt,4194304,43,2,807,3222274034,-1,-1,-1
E2EOPBUILDCSV,/mnt/beegfs/ysu34/hamlib/dia_e2e/heis_22_5.txt,4194304,5,140206,504237133368,-1,-1,-1
E2EEVCSV,/mnt/beegfs/ysu34/hamlib/dia_e2e/heis_22_6.txt,4194304,43,1000,6,didx,1037.163,1283.659,2092.114,17018.170,8.134,3.366e-07
E2EOPCSV,/mnt/beegfs/ysu34/hamlib/dia_e2e/heis_22_6.txt,4194304,43,2,807,3222274034,-1,-1,-1
E2EOPBUILDCSV,/mnt/beegfs/ysu34/hamlib/dia_e2e/heis_22_6.txt,4194304,6,458192,1560639671872,-1,-1,-1
E2EEVCSV,/mnt/beegfs/ysu34/hamlib/dia_e2e/heis_24_5.txt,16777216,47,1000,5,didx,4930.618,6039.894,7585.348,64635.695,8.521,3.497e-07
E2EOPCSV,/mnt/beegfs/ysu34/hamlib/dia_e2e/heis_24_5.txt,16777216,47,2,975,15640559602,-1,-1,-1
E2EOPBUILDCSV,/mnt/beegfs/ysu34/hamlib/dia_e2e/heis_24_5.txt,16777216,5,248012,3629280923192,-1,-1,-1
E2EEVCSV,/mnt/beegfs/ysu34/hamlib/dia_e2e/heis_24_6.txt,16777216,47,1000,6,didx,5013.599,6057.555,9074.654,77710.570,8.563,3.497e-07
E2EOPCSV,/mnt/beegfs/ysu34/hamlib/dia_e2e/heis_24_6.txt,16777216,47,2,975,15640559602,-1,-1,-1
E2EOPBUILDCSV,/mnt/beegfs/ysu34/hamlib/dia_e2e/heis_24_6.txt,16777216,6,944444,13207393504832,-1,-1,-1
E2EEVCSV,/mnt/beegfs/ysu34/hamlib/dia_e2e/heis_8_4.txt,256,15,1000,4,didx,0.167,0.453,29.361,136.119,4.636,2.222e-07
E2EOPCSV,/mnt/beegfs/ysu34/hamlib/dia_e2e/heis_8_4.txt,256,15,2,79,17458,0.029,0.007,-1
E2EOPCSV,/mnt/beegfs/ysu34/hamlib/dia_e2e/heis_8_4.txt,256,15,3,199,39410,0.295,0.008,-1
E2EOPBUILDCSV,/mnt/beegfs/ysu34/hamlib/dia_e2e/heis_8_4.txt,256,4,163,27801,0.507,-1,-1
E2EEVCSV,/mnt/beegfs/ysu34/hamlib/dia_e2e/maxcut_10_4.txt,1024,1,1000,4,stream,0.132,0.446,26.656,114.074,4.280,0.000e+00
E2EOPCSV,/mnt/beegfs/ysu34/hamlib/dia_e2e/maxcut_10_4.txt,1024,1,2,1,1024,0.001,0.004,-1
E2EOPCSV,/mnt/beegfs/ysu34/hamlib/dia_e2e/maxcut_10_4.txt,1024,1,3,1,1024,0.000,0.004,-1
E2EOPBUILDCSV,/mnt/beegfs/ysu34/hamlib/dia_e2e/maxcut_10_4.txt,1024,4,1,1024,0.376,-1,-1
E2EEVCSV,/mnt/beegfs/ysu34/hamlib/dia_e2e/maxcut_12_4.txt,4096,1,1000,4,stream,0.144,0.477,26.708,157.672,5.904,0.000e+00
E2EOPCSV,/mnt/beegfs/ysu34/hamlib/dia_e2e/maxcut_12_4.txt,4096,1,2,1,4096,0.002,0.004,-1
E2EOPCSV,/mnt/beegfs/ysu34/hamlib/dia_e2e/maxcut_12_4.txt,4096,1,3,1,4096,0.001,0.004,-1
E2EOPBUILDCSV,/mnt/beegfs/ysu34/hamlib/dia_e2e/maxcut_12_4.txt,4096,4,1,4096,0.396,-1,-1
E2EEVCSV,/mnt/beegfs/ysu34/hamlib/dia_e2e/maxcut_14_5.txt,16384,1,1000,5,stream,0.212,0.589,32.468,202.490,6.237,0.000e+00
E2EOPCSV,/mnt/beegfs/ysu34/hamlib/dia_e2e/maxcut_14_5.txt,16384,1,2,1,16384,0.003,0.004,-1
E2EOPCSV,/mnt/beegfs/ysu34/hamlib/dia_e2e/maxcut_14_5.txt,16384,1,3,1,16384,0.001,0.004,-1
E2EOPBUILDCSV,/mnt/beegfs/ysu34/hamlib/dia_e2e/maxcut_14_5.txt,16384,5,1,16384,0.528,-1,-1
E2EEVCSV,/mnt/beegfs/ysu34/hamlib/dia_e2e/maxcut_16_5.txt,65536,1,1000,5,stream,0.460,1.097,37.218,216.311,5.812,0.000e+00
E2EOPCSV,/mnt/beegfs/ysu34/hamlib/dia_e2e/maxcut_16_5.txt,65536,1,2,1,65536,0.004,0.005,-1
E2EOPCSV,/mnt/beegfs/ysu34/hamlib/dia_e2e/maxcut_16_5.txt,65536,1,3,1,65536,0.001,0.005,-1
E2EOPBUILDCSV,/mnt/beegfs/ysu34/hamlib/dia_e2e/maxcut_16_5.txt,65536,5,1,65536,0.708,-1,-1
E2EEVCSV,/mnt/beegfs/ysu34/hamlib/dia_e2e/maxcut_18_5.txt,262144,1,1000,5,stream,1.410,3.298,51.297,250.098,4.876,0.000e+00
E2EOPCSV,/mnt/beegfs/ysu34/hamlib/dia_e2e/maxcut_18_5.txt,262144,1,2,1,262144,0.005,0.006,-1
E2EOPCSV,/mnt/beegfs/ysu34/hamlib/dia_e2e/maxcut_18_5.txt,262144,1,3,1,262144,0.003,0.006,-1
E2EOPBUILDCSV,/mnt/beegfs/ysu34/hamlib/dia_e2e/maxcut_18_5.txt,262144,5,1,262144,1.616,-1,-1
E2EEVCSV,/mnt/beegfs/ysu34/hamlib/dia_e2e/maxcut_20_5.txt,1048576,1,1000,5,stream,4.769,9.232,118.289,462.211,3.907,0.000e+00
E2EOPCSV,/mnt/beegfs/ysu34/hamlib/dia_e2e/maxcut_20_5.txt,1048576,1,2,1,1048576,0.012,0.009,-1
E2EOPCSV,/mnt/beegfs/ysu34/hamlib/dia_e2e/maxcut_20_5.txt,1048576,1,3,1,1048576,0.008,0.009,-1
E2EOPBUILDCSV,/mnt/beegfs/ysu34/hamlib/dia_e2e/maxcut_20_5.txt,1048576,5,1,1048576,5.132,-1,-1
E2EEVCSV,/mnt/beegfs/ysu34/hamlib/dia_e2e/O2_16_5.txt,65536,1243,1000,5,didx,266.820,382.135,588.006,4669.850,7.942,6.092e-07
E2EOPCSV,/mnt/beegfs/ysu34/hamlib/dia_e2e/O2_16_5.txt,65536,1243,2,100975,3840684748,-1,-1,-1
E2EOPBUILDCSV,/mnt/beegfs/ysu34/hamlib/dia_e2e/O2_16_5.txt,65536,5,65536,2147516416,-1,-1,-1
E2EEVCSV,/mnt/beegfs/ysu34/hamlib/dia_e2e/O2_16_7.txt,65536,1243,1000,7,didx,262.107,390.098,822.000,6470.391,7.872,6.063e-07
E2EOPCSV,/mnt/beegfs/ysu34/hamlib/dia_e2e/O2_16_7.txt,65536,1243,2,100975,3840684748,-1,-1,-1
E2EOPBUILDCSV,/mnt/beegfs/ysu34/hamlib/dia_e2e/O2_16_7.txt,65536,7,65536,2147516416,-1,-1,-1
E2EEVCSV,/mnt/beegfs/ysu34/hamlib/dia_e2e/qmaxcut_10_4.txt,1024,19,1000,4,didx,0.738,0.484,31.526,146.271,4.640,8.142e-08
E2EOPCSV,/mnt/beegfs/ysu34/hamlib/dia_e2e/qmaxcut_10_4.txt,1024,19,2,181,89042,0.074,0.009,-1
E2EOPCSV,/mnt/beegfs/ysu34/hamlib/dia_e2e/qmaxcut_10_4.txt,1024,19,3,631,340390,1.679,0.012,-1
E2EOPBUILDCSV,/mnt/beegfs/ysu34/hamlib/dia_e2e/qmaxcut_10_4.txt,1024,4,762,387564,9.616,-1,-1
E2EEVCSV,/mnt/beegfs/ysu34/hamlib/dia_e2e/qmaxcut_12_4.txt,4096,23,1000,4,didx,0.512,0.717,33.756,152.698,4.524,8.370e-08
E2EOPCSV,/mnt/beegfs/ysu34/hamlib/dia_e2e/qmaxcut_12_4.txt,4096,23,2,265,520138,0.145,0.013,-1
E2EOPCSV,/mnt/beegfs/ysu34/hamlib/dia_e2e/qmaxcut_12_4.txt,4096,23,3,1167,2512768,4.715,0.035,-1
E2EOPBUILDCSV,/mnt/beegfs/ysu34/hamlib/dia_e2e/qmaxcut_12_4.txt,4096,4,1908,3860742,3.840,-1,-1
E2EEVCSV,/mnt/beegfs/ysu34/hamlib/dia_e2e/qmaxcut_14_4.txt,16384,27,1000,4,didx,1.852,1.967,34.510,161.708,4.686,9.163e-08
E2EOPCSV,/mnt/beegfs/ysu34/hamlib/dia_e2e/qmaxcut_14_4.txt,16384,27,2,365,2867138,0.318,0.027,-1
E2EOPCSV,/mnt/beegfs/ysu34/hamlib/dia_e2e/qmaxcut_14_4.txt,16384,27,3,1951,16752466,12.021,0.264,-1
E2EOPBUILDCSV,/mnt/beegfs/ysu34/hamlib/dia_e2e/qmaxcut_14_4.txt,16384,4,4076,32892512,11.974,-1,-1
E2EEVCSV,/mnt/beegfs/ysu34/hamlib/dia_e2e/qmaxcut_16_4.txt,65536,31,1000,4,didx,6.919,6.686,42.313,250.000,5.908,9.889e-08
E2EOPCSV,/mnt/beegfs/ysu34/hamlib/dia_e2e/qmaxcut_16_4.txt,65536,31,2,481,15138746,0.344,0.108,-1
E2EOPCSV,/mnt/beegfs/ysu34/hamlib/dia_e2e/qmaxcut_16_4.txt,65536,31,3,3031,103776028,21.354,1.229,-1
E2EOPBUILDCSV,/mnt/beegfs/ysu34/hamlib/dia_e2e/qmaxcut_16_4.txt,65536,4,7754,249929066,39.904,-1,-1
E2EEVCSV,/mnt/beegfs/ysu34/hamlib/dia_e2e/qmaxcut_18_4.txt,262144,35,1000,4,didx,26.856,27.244,78.788,481.587,6.112,1.047e-07
E2EOPCSV,/mnt/beegfs/ysu34/hamlib/dia_e2e/qmaxcut_18_4.txt,262144,35,2,613,77332402,0.967,0.537,-1
E2EOPCSV,/mnt/beegfs/ysu34/hamlib/dia_e2e/qmaxcut_18_4.txt,262144,35,3,4455,608304862,-1,-1,-1
E2EOPBUILDCSV,/mnt/beegfs/ysu34/hamlib/dia_e2e/qmaxcut_18_4.txt,262144,4,13526,1742896148,-1,-1,-1
E2EEVCSV,/mnt/beegfs/ysu34/hamlib/dia_e2e/qmaxcut_20_4.txt,1048576,39,1000,4,didx,138.945,153.933,362.598,1461.934,4.032,1.102e-07
E2EOPCSV,/mnt/beegfs/ysu34/hamlib/dia_e2e/qmaxcut_20_4.txt,1048576,39,2,761,384827306,3.561,2.826,-1
E2EOPCSV,/mnt/beegfs/ysu34/hamlib/dia_e2e/qmaxcut_20_4.txt,1048576,39,3,6271,3415735960,-1,-1,-1
E2EOPBUILDCSV,/mnt/beegfs/ysu34/hamlib/dia_e2e/qmaxcut_20_4.txt,1048576,4,22072,11375606350,-1,-1,-1
E2EEVCSV,/mnt/beegfs/ysu34/hamlib/dia_e2e/tfim_10_4.txt,1024,21,1000,4,didx,0.307,0.516,32.746,138.275,4.223,2.005e-07
E2EOPCSV,/mnt/beegfs/ysu34/hamlib/dia_e2e/tfim_10_4.txt,1024,21,2,167,138738,0.092,0.010,-1
E2EOPCSV,/mnt/beegfs/ysu34/hamlib/dia_e2e/tfim_10_4.txt,1024,21,3,659,474224,1.939,0.016,-1
E2EOPBUILDCSV,/mnt/beegfs/ysu34/hamlib/dia_e2e/tfim_10_4.txt,1024,4,712,435264,1.594,-1,-1
E2EEVCSV,/mnt/beegfs/ysu34/hamlib/dia_e2e/tfim_12_4.txt,4096,25,1000,4,didx,0.865,0.910,32.529,152.009,4.673,2.153e-07
E2EOPCSV,/mnt/beegfs/ysu34/hamlib/dia_e2e/tfim_12_4.txt,4096,25,2,247,849906,0.188,0.015,-1
E2EOPCSV,/mnt/beegfs/ysu34/hamlib/dia_e2e/tfim_12_4.txt,4096,25,3,1263,3870832,5.853,0.067,-1
E2EOPBUILDCSV,/mnt/beegfs/ysu34/hamlib/dia_e2e/tfim_12_4.txt,4096,4,1824,4884032,4.551,-1,-1
E2EEVCSV,/mnt/beegfs/ysu34/hamlib/dia_e2e/tfim_14_4.txt,16384,29,1000,4,didx,3.335,3.052,36.867,177.034,4.802,2.291e-07
E2EOPCSV,/mnt/beegfs/ysu34/hamlib/dia_e2e/tfim_14_4.txt,16384,29,2,343,4841458,0.478,0.052,-1
E2EOPCSV,/mnt/beegfs/ysu34/hamlib/dia_e2e/tfim_14_4.txt,16384,29,3,2171,27836528,15.620,0.572,-1
E2EOPBUILDCSV,/mnt/beegfs/ysu34/hamlib/dia_e2e/tfim_14_4.txt,16384,4,4016,46063168,14.735,-1,-1
E2EEVCSV,/mnt/beegfs/ysu34/hamlib/dia_e2e/tfim_16_4.txt,65536,33,1000,4,didx,14.247,11.580,47.778,334.779,7.007,2.405e-07
E2EOPCSV,/mnt/beegfs/ysu34/hamlib/dia_e2e/tfim_16_4.txt,65536,33,2,455,26181618,0.502,0.229,-1
E2EOPCSV,/mnt/beegfs/ysu34/hamlib/dia_e2e/tfim_16_4.txt,65536,33,3,3447,182780016,28.916,3.335,-1
E2EOPBUILDCSV,/mnt/beegfs/ysu34/hamlib/dia_e2e/tfim_16_4.txt,65536,4,7864,379747904,61.721,-1,-1
E2EEVCSV,/mnt/beegfs/ysu34/hamlib/dia_e2e/tfim_16_5.txt,65536,33,1000,5,didx,14.398,10.798,58.827,415.374,7.061,2.403e-07
E2EOPCSV,/mnt/beegfs/ysu34/hamlib/dia_e2e/tfim_16_5.txt,65536,33,2,455,26181618,0.504,0.229,-1
E2EOPCSV,/mnt/beegfs/ysu34/hamlib/dia_e2e/tfim_16_5.txt,65536,33,3,3447,182780016,29.367,3.335,-1
E2EOPBUILDCSV,/mnt/beegfs/ysu34/hamlib/dia_e2e/tfim_16_5.txt,65536,5,22736,984256000,-1,-1,-1
E2EEVCSV,/mnt/beegfs/ysu34/hamlib/dia_e2e/tfim_18_4.txt,262144,37,1000,4,didx,72.893,58.107,127.831,712.350,5.573,2.550e-07
E2EOPCSV,/mnt/beegfs/ysu34/hamlib/dia_e2e/tfim_18_4.txt,262144,37,2,583,136183794,1.552,1.447,-1
E2EOPCSV,/mnt/beegfs/ysu34/hamlib/dia_e2e/tfim_18_4.txt,262144,37,3,5155,1121714288,-1,-1,-1
E2EOPBUILDCSV,/mnt/beegfs/ysu34/hamlib/dia_e2e/tfim_18_4.txt,262144,4,14072,2826305088,-1,-1,-1
E2EEVCSV,/mnt/beegfs/ysu34/hamlib/dia_e2e/tfim_18_5.txt,262144,37,1000,5,didx,70.949,56.607,159.306,894.014,5.612,2.559e-07
E2EOPCSV,/mnt/beegfs/ysu34/hamlib/dia_e2e/tfim_18_5.txt,262144,37,2,583,136183794,1.540,1.447,-1
E2EOPCSV,/mnt/beegfs/ysu34/hamlib/dia_e2e/tfim_18_5.txt,262144,37,3,5155,1121714288,-1,-1,-1
E2EOPBUILDCSV,/mnt/beegfs/ysu34/hamlib/dia_e2e/tfim_18_5.txt,262144,5,49848,9121697280,-1,-1,-1
E2EEVCSV,/mnt/beegfs/ysu34/hamlib/dia_e2e/tfim_20_5.txt,1048576,41,1000,5,didx,329.394,283.811,715.936,3153.330,4.404,2.679e-07
E2EOPCSV,/mnt/beegfs/ysu34/hamlib/dia_e2e/tfim_20_5.txt,1048576,41,2,727,687341554,-1,-1,-1
E2EOPBUILDCSV,/mnt/beegfs/ysu34/hamlib/dia_e2e/tfim_20_5.txt,1048576,5,99240,75856612864,-1,-1,-1
E2EEVCSV,/mnt/beegfs/ysu34/hamlib/dia_e2e/tfim_22_5.txt,4194304,45,1000,5,didx,1681.279,1336.347,3222.287,14573.314,4.523,2.790e-07
E2EOPCSV,/mnt/beegfs/ysu34/hamlib/dia_e2e/tfim_22_5.txt,4194304,45,2,887,3386900466,-1,-1,-1
E2EOPBUILDCSV,/mnt/beegfs/ysu34/hamlib/dia_e2e/tfim_22_5.txt,4194304,5,182816,578581171712,-1,-1,-1
E2EEVCSV,/mnt/beegfs/ysu34/hamlib/dia_e2e/tfim_24_5.txt,16777216,49,1000,5,didx,7367.073,6878.521,14289.420,65757.016,4.602,2.889e-07
E2EOPCSV,/mnt/beegfs/ysu34/hamlib/dia_e2e/tfim_24_5.txt,16777216,49,2,1063,16366174194,-1,-1,-1
E2EOPBUILDCSV,/mnt/beegfs/ysu34/hamlib/dia_e2e/tfim_24_5.txt,16777216,5,316192,4116231228928,-1,-1,-1
E2EEVCSV,/mnt/beegfs/ysu34/hamlib/dia_e2e/tfim_8_4.txt,256,17,1000,4,didx,0.176,0.455,29.136,132.567,4.550,1.725e-07
E2EOPCSV,/mnt/beegfs/ysu34/hamlib/dia_e2e/tfim_8_4.txt,256,17,2,103,20338,0.048,0.007,-1
E2EOPCSV,/mnt/beegfs/ysu34/hamlib/dia_e2e/tfim_8_4.txt,256,17,3,295,48496,0.532,0.009,-1
E2EOPBUILDCSV,/mnt/beegfs/ysu34/hamlib/dia_e2e/tfim_8_4.txt,256,4,232,31936,0.618,-1,-1
E2EEVCSV,/mnt/beegfs/ysu34/hamlib/dia_e2e/tsp_15_4.txt,32768,1,1000,4,stream,0.286,0.751,29.115,173.649,5.964,0.000e+00
E2EOPCSV,/mnt/beegfs/ysu34/hamlib/dia_e2e/tsp_15_4.txt,32768,1,2,1,32768,0.003,0.004,-1
E2EOPCSV,/mnt/beegfs/ysu34/hamlib/dia_e2e/tsp_15_4.txt,32768,1,3,1,32768,0.001,0.004,-1
E2EOPBUILDCSV,/mnt/beegfs/ysu34/hamlib/dia_e2e/tsp_15_4.txt,32768,4,1,32768,0.466,-1,-1
E2EEVCSV,/mnt/beegfs/ysu34/hamlib/dia_e2e/tsp_18_4.txt,262144,1,1000,4,stream,1.412,3.454,41.564,200.773,4.830,0.000e+00
E2EOPCSV,/mnt/beegfs/ysu34/hamlib/dia_e2e/tsp_18_4.txt,262144,1,2,1,262144,0.005,0.006,-1
E2EOPCSV,/mnt/beegfs/ysu34/hamlib/dia_e2e/tsp_18_4.txt,262144,1,3,1,262144,0.003,0.006,-1
E2EOPBUILDCSV,/mnt/beegfs/ysu34/hamlib/dia_e2e/tsp_18_4.txt,262144,4,1,262144,1.285,-1,-1
E2EEVCSV,/mnt/beegfs/ysu34/hamlib/dia_e2e/tsp_8_4.txt,256,1,1000,4,stream,0.134,0.434,26.805,96.516,3.601,0.000e+00
E2EOPCSV,/mnt/beegfs/ysu34/hamlib/dia_e2e/tsp_8_4.txt,256,1,2,1,256,0.001,0.003,-1
E2EOPCSV,/mnt/beegfs/ysu34/hamlib/dia_e2e/tsp_8_4.txt,256,1,3,1,256,0.000,0.003,-1
E2EOPBUILDCSV,/mnt/beegfs/ysu34/hamlib/dia_e2e/tsp_8_4.txt,256,4,1,256,0.369,-1,-1
E2EEVCSV,/mnt/beegfs/ysu34/hamlib/dia_suitesparse/flowmeter0.txt,9669,801,1000,6,didx,23.064,47.171,52.700,725.568,13.768,6.139e-06
E2EOPCSV,/mnt/beegfs/ysu34/hamlib/dia_suitesparse/flowmeter0.txt,9669,801,2,3075,27355213,40.892,15.641,-1
E2EOPCSV,/mnt/beegfs/ysu34/hamlib/dia_suitesparse/flowmeter0.txt,9669,801,3,4957,41781523,227.675,95.857,-1
E2EOPBUILDCSV,/mnt/beegfs/ysu34/hamlib/dia_suitesparse/flowmeter0.txt,9669,6,10113,72214335,3538.717,5421.332,1.532
E2EEVCSV,/mnt/beegfs/ysu34/hamlib/dia_suitesparse/fv1.txt,9604,9,1000,6,stream,0.607,0.793,44.088,222.014,5.036,1.703e-07
E2EOPCSV,/mnt/beegfs/ysu34/hamlib/dia_suitesparse/fv1.txt,9604,9,2,25,237154,0.014,0.007,-1
E2EOPCSV,/mnt/beegfs/ysu34/hamlib/dia_suitesparse/fv1.txt,9604,9,3,49,462352,0.037,0.010,-1
E2EOPBUILDCSV,/mnt/beegfs/ysu34/hamlib/dia_suitesparse/fv1.txt,9604,6,169,1569526,2.189,4.857,2.218
E2EEVCSV,/mnt/beegfs/ysu34/hamlib/dia_suitesparse/rdb5000.txt,5000,7,1000,6,stream,0.351,0.573,45.402,225.673,4.971,1.002e-06
E2EOPCSV,/mnt/beegfs/ysu34/hamlib/dia_suitesparse/rdb5000.txt,5000,7,2,21,103580,0.008,0.006,-1
E2EOPCSV,/mnt/beegfs/ysu34/hamlib/dia_suitesparse/rdb5000.txt,5000,7,3,43,210558,0.026,0.007,-1
E2EOPBUILDCSV,/mnt/beegfs/ysu34/hamlib/dia_suitesparse/rdb5000.txt,5000,6,157,752644,1.613,3.250,2.015
E2EEVCSV,/mnt/beegfs/ysu34/hamlib/dia_suitesparse/tols4000.txt,4000,177,1000,6,stream,0.971,3.688,124.897,243.942,1.953,0.000e+00
E2EOPCSV,/mnt/beegfs/ysu34/hamlib/dia_suitesparse/tols4000.txt,4000,177,2,587,1297805,1.820,0.153,-1
E2EOPCSV,/mnt/beegfs/ysu34/hamlib/dia_suitesparse/tols4000.txt,4000,177,3,978,2032069,7.244,0.381,-1
E2EOPBUILDCSV,/mnt/beegfs/ysu34/hamlib/dia_suitesparse/tols4000.txt,4000,6,2049,4100000,97.695,125.663,1.286
