AMORTSPMSPM,/mnt/beegfs/ysu34/hamlib/dia_e2e/BH_20_7.txt,ours_flat,1,69.331
AMORTSPMSPM,/mnt/beegfs/ysu34/hamlib/dia_e2e/BH_20_7.txt,ours_flat,3,146.763
AMORTSPMSPM,/mnt/beegfs/ysu34/hamlib/dia_e2e/BH_20_7.txt,ours_flat,10,362.611
AMORTSPMSPM,/mnt/beegfs/ysu34/hamlib/dia_e2e/BH_20_7.txt,ours_flat,30,1034.779
AMORTSPMSPM,/mnt/beegfs/ysu34/hamlib/dia_e2e/BH_20_7.txt,ours_flat,100,3354.256
AMORTSPMSPM,/mnt/beegfs/ysu34/hamlib/dia_e2e/BH_20_7.txt,ours_sym,1,56.071
AMORTSPMSPM,/mnt/beegfs/ysu34/hamlib/dia_e2e/BH_20_7.txt,ours_sym,3,84.809
AMORTSPMSPM,/mnt/beegfs/ysu34/hamlib/dia_e2e/BH_20_7.txt,ours_sym,10,206.412
AMORTSPMSPM,/mnt/beegfs/ysu34/hamlib/dia_e2e/BH_20_7.txt,ours_sym,30,559.256
AMORTSPMSPM,/mnt/beegfs/ysu34/hamlib/dia_e2e/BH_20_7.txt,ours_sym,100,1898.139
AMORTSPMSPM,/mnt/beegfs/ysu34/hamlib/dia_e2e/bhc_16_7.txt,ours_flat,1,4.138
AMORTSPMSPM,/mnt/beegfs/ysu34/hamlib/dia_e2e/bhc_16_7.txt,ours_flat,3,5.714
AMORTSPMSPM,/mnt/beegfs/ysu34/hamlib/dia_e2e/bhc_16_7.txt,ours_flat,10,11.899
AMORTSPMSPM,/mnt/beegfs/ysu34/hamlib/dia_e2e/bhc_16_7.txt,ours_flat,30,29.950
AMORTSPMSPM,/mnt/beegfs/ysu34/hamlib/dia_e2e/bhc_16_7.txt,ours_flat,100,93.713
AMORTSPMSPM,/mnt/beegfs/ysu34/hamlib/dia_e2e/bhc_16_7.txt,ours_sym,1,1.679
AMORTSPMSPM,/mnt/beegfs/ysu34/hamlib/dia_e2e/bhc_16_7.txt,ours_sym,3,2.769
AMORTSPMSPM,/mnt/beegfs/ysu34/hamlib/dia_e2e/bhc_16_7.txt,ours_sym,10,6.446
AMORTSPMSPM,/mnt/beegfs/ysu34/hamlib/dia_e2e/bhc_16_7.txt,ours_sym,30,16.916
AMORTSPMSPM,/mnt/beegfs/ysu34/hamlib/dia_e2e/bhc_16_7.txt,ours_sym,100,53.422
AMORTSPMSPM,/mnt/beegfs/ysu34/hamlib/dia_e2e/bhc_18_7.txt,ours_flat,1,16.613
AMORTSPMSPM,/mnt/beegfs/ysu34/hamlib/dia_e2e/bhc_18_7.txt,ours_flat,3,27.651
AMORTSPMSPM,/mnt/beegfs/ysu34/hamlib/dia_e2e/bhc_18_7.txt,ours_flat,10,66.661
AMORTSPMSPM,/mnt/beegfs/ysu34/hamlib/dia_e2e/bhc_18_7.txt,ours_flat,30,180.568
AMORTSPMSPM,/mnt/beegfs/ysu34/hamlib/dia_e2e/bhc_18_7.txt,ours_flat,100,591.355
AMORTSPMSPM,/mnt/beegfs/ysu34/hamlib/dia_e2e/bhc_18_7.txt,ours_sym,1,9.196
AMORTSPMSPM,/mnt/beegfs/ysu34/hamlib/dia_e2e/bhc_18_7.txt,ours_sym,3,16.376
AMORTSPMSPM,/mnt/beegfs/ysu34/hamlib/dia_e2e/bhc_18_7.txt,ours_sym,10,37.613
AMORTSPMSPM,/mnt/beegfs/ysu34/hamlib/dia_e2e/bhc_18_7.txt,ours_sym,30,107.128
AMORTSPMSPM,/mnt/beegfs/ysu34/hamlib/dia_e2e/bhc_18_7.txt,ours_sym,100,345.495
AMORTSPMSPM,/mnt/beegfs/ysu34/hamlib/dia_e2e/bhD1_18_7.txt,ours_flat,1,16.438
AMORTSPMSPM,/mnt/beegfs/ysu34/hamlib/dia_e2e/bhD1_18_7.txt,ours_flat,3,27.625
AMORTSPMSPM,/mnt/beegfs/ysu34/hamlib/dia_e2e/bhD1_18_7.txt,ours_flat,10,66.653
AMORTSPMSPM,/mnt/beegfs/ysu34/hamlib/dia_e2e/bhD1_18_7.txt,ours_flat,30,180.308
AMORTSPMSPM,/mnt/beegfs/ysu34/hamlib/dia_e2e/bhD1_18_7.txt,ours_flat,100,589.352
AMORTSPMSPM,/mnt/beegfs/ysu34/hamlib/dia_e2e/bhD1_18_7.txt,ours_sym,1,10.595
AMORTSPMSPM,/mnt/beegfs/ysu34/hamlib/dia_e2e/bhD1_18_7.txt,ours_sym,3,16.374
AMORTSPMSPM,/mnt/beegfs/ysu34/hamlib/dia_e2e/bhD1_18_7.txt,ours_sym,10,37.808
AMORTSPMSPM,/mnt/beegfs/ysu34/hamlib/dia_e2e/bhD1_18_7.txt,ours_sym,30,106.581
AMORTSPMSPM,/mnt/beegfs/ysu34/hamlib/dia_e2e/bhD1_18_7.txt,ours_sym,100,346.826
AMORTSPMSPM,/mnt/beegfs/ysu34/hamlib/dia_e2e/C2c_18_4.txt,ours_flat,1,OOM
AMORTSPMSPM,/mnt/beegfs/ysu34/hamlib/dia_e2e/C2c_18_4.txt,ours_sym,1,OOM
AMORTSPMSPM,/mnt/beegfs/ysu34/hamlib/dia_e2e/fermi_16_5.txt,ours_flat,1,1.048
AMORTSPMSPM,/mnt/beegfs/ysu34/hamlib/dia_e2e/fermi_16_5.txt,ours_flat,3,1.047
AMORTSPMSPM,/mnt/beegfs/ysu34/hamlib/dia_e2e/fermi_16_5.txt,ours_flat,10,1.862
AMORTSPMSPM,/mnt/beegfs/ysu34/hamlib/dia_e2e/fermi_16_5.txt,ours_flat,30,4.451
AMORTSPMSPM,/mnt/beegfs/ysu34/hamlib/dia_e2e/fermi_16_5.txt,ours_flat,100,13.543
AMORTSPMSPM,/mnt/beegfs/ysu34/hamlib/dia_e2e/fermi_16_5.txt,ours_sym,1,0.514
AMORTSPMSPM,/mnt/beegfs/ysu34/hamlib/dia_e2e/fermi_16_5.txt,ours_sym,3,0.636
AMORTSPMSPM,/mnt/beegfs/ysu34/hamlib/dia_e2e/fermi_16_5.txt,ours_sym,10,1.206
AMORTSPMSPM,/mnt/beegfs/ysu34/hamlib/dia_e2e/fermi_16_5.txt,ours_sym,30,2.839
AMORTSPMSPM,/mnt/beegfs/ysu34/hamlib/dia_e2e/fermi_16_5.txt,ours_sym,100,8.601
AMORTSPMSPM,/mnt/beegfs/ysu34/hamlib/dia_e2e/fermi_18_5.txt,ours_flat,1,3.046
AMORTSPMSPM,/mnt/beegfs/ysu34/hamlib/dia_e2e/fermi_18_5.txt,ours_flat,3,4.517
AMORTSPMSPM,/mnt/beegfs/ysu34/hamlib/dia_e2e/fermi_18_5.txt,ours_flat,10,9.703
AMORTSPMSPM,/mnt/beegfs/ysu34/hamlib/dia_e2e/fermi_18_5.txt,ours_flat,30,24.282
AMORTSPMSPM,/mnt/beegfs/ysu34/hamlib/dia_e2e/fermi_18_5.txt,ours_flat,100,75.602
AMORTSPMSPM,/mnt/beegfs/ysu34/hamlib/dia_e2e/fermi_18_5.txt,ours_sym,1,1.948
AMORTSPMSPM,/mnt/beegfs/ysu34/hamlib/dia_e2e/fermi_18_5.txt,ours_sym,3,2.799
AMORTSPMSPM,/mnt/beegfs/ysu34/hamlib/dia_e2e/fermi_18_5.txt,ours_sym,10,5.663
AMORTSPMSPM,/mnt/beegfs/ysu34/hamlib/dia_e2e/fermi_18_5.txt,ours_sym,30,13.865
AMORTSPMSPM,/mnt/beegfs/ysu34/hamlib/dia_e2e/fermi_18_5.txt,ours_sym,100,42.627
AMORTSPMSPM,/mnt/beegfs/ysu34/hamlib/dia_e2e/fermi_20_5.txt,ours_flat,1,14.499
AMORTSPMSPM,/mnt/beegfs/ysu34/hamlib/dia_e2e/fermi_20_5.txt,ours_flat,3,22.674
AMORTSPMSPM,/mnt/beegfs/ysu34/hamlib/dia_e2e/fermi_20_5.txt,ours_flat,10,49.755
AMORTSPMSPM,/mnt/beegfs/ysu34/hamlib/dia_e2e/fermi_20_5.txt,ours_flat,30,128.828
AMORTSPMSPM,/mnt/beegfs/ysu34/hamlib/dia_e2e/fermi_20_5.txt,ours_flat,100,405.770
AMORTSPMSPM,/mnt/beegfs/ysu34/hamlib/dia_e2e/fermi_20_5.txt,ours_sym,1,9.494
AMORTSPMSPM,/mnt/beegfs/ysu34/hamlib/dia_e2e/fermi_20_5.txt,ours_sym,3,14.372
AMORTSPMSPM,/mnt/beegfs/ysu34/hamlib/dia_e2e/fermi_20_5.txt,ours_sym,10,29.950
AMORTSPMSPM,/mnt/beegfs/ysu34/hamlib/dia_e2e/fermi_20_5.txt,ours_sym,30,74.803
AMORTSPMSPM,/mnt/beegfs/ysu34/hamlib/dia_e2e/fermi_20_5.txt,ours_sym,100,249.803
AMORTSPMSPM,/mnt/beegfs/ysu34/hamlib/dia_e2e/fermiFH_18_4.txt,ours_flat,1,8.732
AMORTSPMSPM,/mnt/beegfs/ysu34/hamlib/dia_e2e/fermiFH_18_4.txt,ours_flat,3,13.969
AMORTSPMSPM,/mnt/beegfs/ysu34/hamlib/dia_e2e/fermiFH_18_4.txt,ours_flat,10,32.297
AMORTSPMSPM,/mnt/beegfs/ysu34/hamlib/dia_e2e/fermiFH_18_4.txt,ours_flat,30,84.856
AMORTSPMSPM,/mnt/beegfs/ysu34/hamlib/dia_e2e/fermiFH_18_4.txt,ours_flat,100,271.623
AMORTSPMSPM,/mnt/beegfs/ysu34/hamlib/dia_e2e/fermiFH_18_4.txt,ours_sym,1,4.896
AMORTSPMSPM,/mnt/beegfs/ysu34/hamlib/dia_e2e/fermiFH_18_4.txt,ours_sym,3,8.200
AMORTSPMSPM,/mnt/beegfs/ysu34/hamlib/dia_e2e/fermiFH_18_4.txt,ours_sym,10,18.277
AMORTSPMSPM,/mnt/beegfs/ysu34/hamlib/dia_e2e/fermiFH_18_4.txt,ours_sym,30,46.920
AMORTSPMSPM,/mnt/beegfs/ysu34/hamlib/dia_e2e/fermiFH_18_4.txt,ours_sym,100,148.166
AMORTSPMSPM,/mnt/beegfs/ysu34/hamlib/dia_e2e/H8c_16_4.txt,ours_flat,1,8858.038
AMORTSPMSPM,/mnt/beegfs/ysu34/hamlib/dia_e2e/H8c_16_4.txt,ours_flat,3,17758.738
AMORTSPMSPM,/mnt/beegfs/ysu34/hamlib/dia_e2e/H8c_16_4.txt,ours_flat,10,49133.966
AMORTSPMSPM,/mnt/beegfs/ysu34/hamlib/dia_e2e/H8c_16_4.txt,ours_flat,30,138899.029
AMORTSPMSPM,/mnt/beegfs/ysu34/hamlib/dia_e2e/H8c_16_4.txt,ours_flat,100,452433.333
AMORTSPMSPM,/mnt/beegfs/ysu34/hamlib/dia_e2e/H8c_16_4.txt,ours_sym,1,2724.782
AMORTSPMSPM,/mnt/beegfs/ysu34/hamlib/dia_e2e/H8c_16_4.txt,ours_sym,3,7163.424
AMORTSPMSPM,/mnt/beegfs/ysu34/hamlib/dia_e2e/H8c_16_4.txt,ours_sym,10,22702.525
AMORTSPMSPM,/mnt/beegfs/ysu34/hamlib/dia_e2e/H8c_16_4.txt,ours_sym,30,67073.217
AMORTSPMSPM,/mnt/beegfs/ysu34/hamlib/dia_e2e/H8c_16_4.txt,ours_sym,100,222408.574
AMORTSPMSPM,/mnt/beegfs/ysu34/hamlib/dia_e2e/heis_16_5.txt,ours_flat,1,1.136
AMORTSPMSPM,/mnt/beegfs/ysu34/hamlib/dia_e2e/heis_16_5.txt,ours_flat,3,1.156
AMORTSPMSPM,/mnt/beegfs/ysu34/hamlib/dia_e2e/heis_16_5.txt,ours_flat,10,2.088
AMORTSPMSPM,/mnt/beegfs/ysu34/hamlib/dia_e2e/heis_16_5.txt,ours_flat,30,5.032
AMORTSPMSPM,/mnt/beegfs/ysu34/hamlib/dia_e2e/heis_16_5.txt,ours_flat,100,15.351
AMORTSPMSPM,/mnt/beegfs/ysu34/hamlib/dia_e2e/heis_16_5.txt,ours_sym,1,0.528
AMORTSPMSPM,/mnt/beegfs/ysu34/hamlib/dia_e2e/heis_16_5.txt,ours_sym,3,0.698
AMORTSPMSPM,/mnt/beegfs/ysu34/hamlib/dia_e2e/heis_16_5.txt,ours_sym,10,1.321
AMORTSPMSPM,/mnt/beegfs/ysu34/hamlib/dia_e2e/heis_16_5.txt,ours_sym,30,3.171
AMORTSPMSPM,/mnt/beegfs/ysu34/hamlib/dia_e2e/heis_16_5.txt,ours_sym,100,9.660
AMORTSPMSPM,/mnt/beegfs/ysu34/hamlib/dia_e2e/heis_18_5.txt,ours_flat,1,3.690
AMORTSPMSPM,/mnt/beegfs/ysu34/hamlib/dia_e2e/heis_18_5.txt,ours_flat,3,5.023
AMORTSPMSPM,/mnt/beegfs/ysu34/hamlib/dia_e2e/heis_18_5.txt,ours_flat,10,10.828
AMORTSPMSPM,/mnt/beegfs/ysu34/hamlib/dia_e2e/heis_18_5.txt,ours_flat,30,27.284
AMORTSPMSPM,/mnt/beegfs/ysu34/hamlib/dia_e2e/heis_18_5.txt,ours_flat,100,85.605
AMORTSPMSPM,/mnt/beegfs/ysu34/hamlib/dia_e2e/heis_18_5.txt,ours_sym,1,2.264
AMORTSPMSPM,/mnt/beegfs/ysu34/hamlib/dia_e2e/heis_18_5.txt,ours_sym,3,3.089
AMORTSPMSPM,/mnt/beegfs/ysu34/hamlib/dia_e2e/heis_18_5.txt,ours_sym,10,6.350
AMORTSPMSPM,/mnt/beegfs/ysu34/hamlib/dia_e2e/heis_18_5.txt,ours_sym,30,15.590
AMORTSPMSPM,/mnt/beegfs/ysu34/hamlib/dia_e2e/heis_18_5.txt,ours_sym,100,47.856
AMORTSPMSPM,/mnt/beegfs/ysu34/hamlib/dia_e2e/heis_20_5.txt,ours_flat,1,15.114
AMORTSPMSPM,/mnt/beegfs/ysu34/hamlib/dia_e2e/heis_20_5.txt,ours_flat,3,24.915
AMORTSPMSPM,/mnt/beegfs/ysu34/hamlib/dia_e2e/heis_20_5.txt,ours_flat,10,55.118
AMORTSPMSPM,/mnt/beegfs/ysu34/hamlib/dia_e2e/heis_20_5.txt,ours_flat,30,143.848
AMORTSPMSPM,/mnt/beegfs/ysu34/hamlib/dia_e2e/heis_20_5.txt,ours_flat,100,456.207
AMORTSPMSPM,/mnt/beegfs/ysu34/hamlib/dia_e2e/heis_20_5.txt,ours_sym,1,10.039
AMORTSPMSPM,/mnt/beegfs/ysu34/hamlib/dia_e2e/heis_20_5.txt,ours_sym,3,15.699
AMORTSPMSPM,/mnt/beegfs/ysu34/hamlib/dia_e2e/heis_20_5.txt,ours_sym,10,33.104
AMORTSPMSPM,/mnt/beegfs/ysu34/hamlib/dia_e2e/heis_20_5.txt,ours_sym,30,83.975
AMORTSPMSPM,/mnt/beegfs/ysu34/hamlib/dia_e2e/heis_20_5.txt,ours_sym,100,289.869
AMORTSPMSPM,/mnt/beegfs/ysu34/hamlib/dia_e2e/heis_20_6.txt,ours_flat,1,15.223
AMORTSPMSPM,/mnt/beegfs/ysu34/hamlib/dia_e2e/heis_20_6.txt,ours_flat,3,24.936
AMORTSPMSPM,/mnt/beegfs/ysu34/hamlib/dia_e2e/heis_20_6.txt,ours_flat,10,55.144
AMORTSPMSPM,/mnt/beegfs/ysu34/hamlib/dia_e2e/heis_20_6.txt,ours_flat,30,143.661
AMORTSPMSPM,/mnt/beegfs/ysu34/hamlib/dia_e2e/heis_20_6.txt,ours_flat,100,455.946
AMORTSPMSPM,/mnt/beegfs/ysu34/hamlib/dia_e2e/heis_20_6.txt,ours_sym,1,9.913
AMORTSPMSPM,/mnt/beegfs/ysu34/hamlib/dia_e2e/heis_20_6.txt,ours_sym,3,15.721
AMORTSPMSPM,/mnt/beegfs/ysu34/hamlib/dia_e2e/heis_20_6.txt,ours_sym,10,33.054
AMORTSPMSPM,/mnt/beegfs/ysu34/hamlib/dia_e2e/heis_20_6.txt,ours_sym,30,83.969
AMORTSPMSPM,/mnt/beegfs/ysu34/hamlib/dia_e2e/heis_20_6.txt,ours_sym,100,288.175
AMORTSPMSPM,/mnt/beegfs/ysu34/hamlib/dia_e2e/maxcut_16_5.txt,ours_flat,1,0.358
AMORTSPMSPM,/mnt/beegfs/ysu34/hamlib/dia_e2e/maxcut_16_5.txt,ours_flat,3,0.196
AMORTSPMSPM,/mnt/beegfs/ysu34/hamlib/dia_e2e/maxcut_16_5.txt,ours_flat,10,0.190
AMORTSPMSPM,/mnt/beegfs/ysu34/hamlib/dia_e2e/maxcut_16_5.txt,ours_flat,30,0.276
AMORTSPMSPM,/mnt/beegfs/ysu34/hamlib/dia_e2e/maxcut_16_5.txt,ours_flat,100,0.590
AMORTSPMSPM,/mnt/beegfs/ysu34/hamlib/dia_e2e/maxcut_16_5.txt,ours_sym,1,0.170
AMORTSPMSPM,/mnt/beegfs/ysu34/hamlib/dia_e2e/maxcut_16_5.txt,ours_sym,3,0.118
AMORTSPMSPM,/mnt/beegfs/ysu34/hamlib/dia_e2e/maxcut_16_5.txt,ours_sym,10,0.159
AMORTSPMSPM,/mnt/beegfs/ysu34/hamlib/dia_e2e/maxcut_16_5.txt,ours_sym,30,0.288
AMORTSPMSPM,/mnt/beegfs/ysu34/hamlib/dia_e2e/maxcut_16_5.txt,ours_sym,100,0.737
AMORTSPMSPM,/mnt/beegfs/ysu34/hamlib/dia_e2e/maxcut_18_5.txt,ours_flat,1,0.687
AMORTSPMSPM,/mnt/beegfs/ysu34/hamlib/dia_e2e/maxcut_18_5.txt,ours_flat,3,0.553
AMORTSPMSPM,/mnt/beegfs/ysu34/hamlib/dia_e2e/maxcut_18_5.txt,ours_flat,10,0.471
AMORTSPMSPM,/mnt/beegfs/ysu34/hamlib/dia_e2e/maxcut_18_5.txt,ours_flat,30,0.561
AMORTSPMSPM,/mnt/beegfs/ysu34/hamlib/dia_e2e/maxcut_18_5.txt,ours_flat,100,0.894
AMORTSPMSPM,/mnt/beegfs/ysu34/hamlib/dia_e2e/maxcut_18_5.txt,ours_sym,1,0.497
AMORTSPMSPM,/mnt/beegfs/ysu34/hamlib/dia_e2e/maxcut_18_5.txt,ours_sym,3,0.231
AMORTSPMSPM,/mnt/beegfs/ysu34/hamlib/dia_e2e/maxcut_18_5.txt,ours_sym,10,0.328
AMORTSPMSPM,/mnt/beegfs/ysu34/hamlib/dia_e2e/maxcut_18_5.txt,ours_sym,30,0.415
AMORTSPMSPM,/mnt/beegfs/ysu34/hamlib/dia_e2e/maxcut_18_5.txt,ours_sym,100,0.891
AMORTSPMSPM,/mnt/beegfs/ysu34/hamlib/dia_e2e/maxcut_20_5.txt,ours_flat,1,1.936
AMORTSPMSPM,/mnt/beegfs/ysu34/hamlib/dia_e2e/maxcut_20_5.txt,ours_flat,3,1.490
AMORTSPMSPM,/mnt/beegfs/ysu34/hamlib/dia_e2e/maxcut_20_5.txt,ours_flat,10,1.414
AMORTSPMSPM,/mnt/beegfs/ysu34/hamlib/dia_e2e/maxcut_20_5.txt,ours_flat,30,1.553
AMORTSPMSPM,/mnt/beegfs/ysu34/hamlib/dia_e2e/maxcut_20_5.txt,ours_flat,100,2.054
AMORTSPMSPM,/mnt/beegfs/ysu34/hamlib/dia_e2e/maxcut_20_5.txt,ours_sym,1,1.386
AMORTSPMSPM,/mnt/beegfs/ysu34/hamlib/dia_e2e/maxcut_20_5.txt,ours_sym,3,0.609
AMORTSPMSPM,/mnt/beegfs/ysu34/hamlib/dia_e2e/maxcut_20_5.txt,ours_sym,10,0.674
AMORTSPMSPM,/mnt/beegfs/ysu34/hamlib/dia_e2e/maxcut_20_5.txt,ours_sym,30,0.877
AMORTSPMSPM,/mnt/beegfs/ysu34/hamlib/dia_e2e/maxcut_20_5.txt,ours_sym,100,1.579
AMORTSPMSPM,/mnt/beegfs/ysu34/hamlib/dia_e2e/O2c_16_5.txt,ours_flat,1,421.597
AMORTSPMSPM,/mnt/beegfs/ysu34/hamlib/dia_e2e/O2c_16_5.txt,ours_flat,3,557.469
AMORTSPMSPM,/mnt/beegfs/ysu34/hamlib/dia_e2e/O2c_16_5.txt,ours_flat,10,1033.285
AMORTSPMSPM,/mnt/beegfs/ysu34/hamlib/dia_e2e/O2c_16_5.txt,ours_flat,30,2482.789
AMORTSPMSPM,/mnt/beegfs/ysu34/hamlib/dia_e2e/O2c_16_5.txt,ours_flat,100,7552.869
AMORTSPMSPM,/mnt/beegfs/ysu34/hamlib/dia_e2e/O2c_16_5.txt,ours_sym,1,55.086
AMORTSPMSPM,/mnt/beegfs/ysu34/hamlib/dia_e2e/O2c_16_5.txt,ours_sym,3,114.666
AMORTSPMSPM,/mnt/beegfs/ysu34/hamlib/dia_e2e/O2c_16_5.txt,ours_sym,10,345.368
AMORTSPMSPM,/mnt/beegfs/ysu34/hamlib/dia_e2e/O2c_16_5.txt,ours_sym,30,1046.287
AMORTSPMSPM,/mnt/beegfs/ysu34/hamlib/dia_e2e/O2c_16_5.txt,ours_sym,100,3451.630
AMORTSPMSPM,/mnt/beegfs/ysu34/hamlib/dia_e2e/O2c_20_5.txt,ours_flat,1,OOM
AMORTSPMSPM,/mnt/beegfs/ysu34/hamlib/dia_e2e/O2c_20_5.txt,ours_sym,1,OOM
AMORTSPMSPM,/mnt/beegfs/ysu34/hamlib/dia_e2e/qmaxcut_16_4.txt,ours_flat,1,0.891
AMORTSPMSPM,/mnt/beegfs/ysu34/hamlib/dia_e2e/qmaxcut_16_4.txt,ours_flat,3,0.789
AMORTSPMSPM,/mnt/beegfs/ysu34/hamlib/dia_e2e/qmaxcut_16_4.txt,ours_flat,10,1.236
AMORTSPMSPM,/mnt/beegfs/ysu34/hamlib/dia_e2e/qmaxcut_16_4.txt,ours_flat,30,2.718
AMORTSPMSPM,/mnt/beegfs/ysu34/hamlib/dia_e2e/qmaxcut_16_4.txt,ours_flat,100,7.920
AMORTSPMSPM,/mnt/beegfs/ysu34/hamlib/dia_e2e/qmaxcut_16_4.txt,ours_sym,1,0.419
AMORTSPMSPM,/mnt/beegfs/ysu34/hamlib/dia_e2e/qmaxcut_16_4.txt,ours_sym,3,0.455
AMORTSPMSPM,/mnt/beegfs/ysu34/hamlib/dia_e2e/qmaxcut_16_4.txt,ours_sym,10,0.794
AMORTSPMSPM,/mnt/beegfs/ysu34/hamlib/dia_e2e/qmaxcut_16_4.txt,ours_sym,30,1.783
AMORTSPMSPM,/mnt/beegfs/ysu34/hamlib/dia_e2e/qmaxcut_16_4.txt,ours_sym,100,5.227
AMORTSPMSPM,/mnt/beegfs/ysu34/hamlib/dia_e2e/qmaxcut_18_4.txt,ours_flat,1,2.501
AMORTSPMSPM,/mnt/beegfs/ysu34/hamlib/dia_e2e/qmaxcut_18_4.txt,ours_flat,3,2.754
AMORTSPMSPM,/mnt/beegfs/ysu34/hamlib/dia_e2e/qmaxcut_18_4.txt,ours_flat,10,5.033
AMORTSPMSPM,/mnt/beegfs/ysu34/hamlib/dia_e2e/qmaxcut_18_4.txt,ours_flat,30,12.164
AMORTSPMSPM,/mnt/beegfs/ysu34/hamlib/dia_e2e/qmaxcut_18_4.txt,ours_flat,100,37.209
AMORTSPMSPM,/mnt/beegfs/ysu34/hamlib/dia_e2e/qmaxcut_18_4.txt,ours_sym,1,1.252
AMORTSPMSPM,/mnt/beegfs/ysu34/hamlib/dia_e2e/qmaxcut_18_4.txt,ours_sym,3,1.579
AMORTSPMSPM,/mnt/beegfs/ysu34/hamlib/dia_e2e/qmaxcut_18_4.txt,ours_sym,10,3.176
AMORTSPMSPM,/mnt/beegfs/ysu34/hamlib/dia_e2e/qmaxcut_18_4.txt,ours_sym,30,7.734
AMORTSPMSPM,/mnt/beegfs/ysu34/hamlib/dia_e2e/qmaxcut_18_4.txt,ours_sym,100,23.705
AMORTSPMSPM,/mnt/beegfs/ysu34/hamlib/dia_e2e/qmaxcut_20_4.txt,ours_flat,1,9.245
AMORTSPMSPM,/mnt/beegfs/ysu34/hamlib/dia_e2e/qmaxcut_20_4.txt,ours_flat,3,12.616
AMORTSPMSPM,/mnt/beegfs/ysu34/hamlib/dia_e2e/qmaxcut_20_4.txt,ours_flat,10,25.661
AMORTSPMSPM,/mnt/beegfs/ysu34/hamlib/dia_e2e/qmaxcut_20_4.txt,ours_flat,30,63.176
AMORTSPMSPM,/mnt/beegfs/ysu34/hamlib/dia_e2e/qmaxcut_20_4.txt,ours_flat,100,197.854
AMORTSPMSPM,/mnt/beegfs/ysu34/hamlib/dia_e2e/qmaxcut_20_4.txt,ours_sym,1,5.959
AMORTSPMSPM,/mnt/beegfs/ysu34/hamlib/dia_e2e/qmaxcut_20_4.txt,ours_sym,3,8.215
AMORTSPMSPM,/mnt/beegfs/ysu34/hamlib/dia_e2e/qmaxcut_20_4.txt,ours_sym,10,16.337
AMORTSPMSPM,/mnt/beegfs/ysu34/hamlib/dia_e2e/qmaxcut_20_4.txt,ours_sym,30,39.538
AMORTSPMSPM,/mnt/beegfs/ysu34/hamlib/dia_e2e/qmaxcut_20_4.txt,ours_sym,100,121.542
AMORTSPMSPM,/mnt/beegfs/ysu34/hamlib/dia_e2e/qmaxcutC_18_4.txt,ours_flat,1,9.864
AMORTSPMSPM,/mnt/beegfs/ysu34/hamlib/dia_e2e/qmaxcutC_18_4.txt,ours_flat,3,16.928
AMORTSPMSPM,/mnt/beegfs/ysu34/hamlib/dia_e2e/qmaxcutC_18_4.txt,ours_flat,10,39.559
AMORTSPMSPM,/mnt/beegfs/ysu34/hamlib/dia_e2e/qmaxcutC_18_4.txt,ours_flat,30,104.748
AMORTSPMSPM,/mnt/beegfs/ysu34/hamlib/dia_e2e/qmaxcutC_18_4.txt,ours_flat,100,335.607
AMORTSPMSPM,/mnt/beegfs/ysu34/hamlib/dia_e2e/qmaxcutC_18_4.txt,ours_sym,1,6.169
AMORTSPMSPM,/mnt/beegfs/ysu34/hamlib/dia_e2e/qmaxcutC_18_4.txt,ours_sym,3,9.946
AMORTSPMSPM,/mnt/beegfs/ysu34/hamlib/dia_e2e/qmaxcutC_18_4.txt,ours_sym,10,22.474
AMORTSPMSPM,/mnt/beegfs/ysu34/hamlib/dia_e2e/qmaxcutC_18_4.txt,ours_sym,30,57.685
AMORTSPMSPM,/mnt/beegfs/ysu34/hamlib/dia_e2e/qmaxcutC_18_4.txt,ours_sym,100,183.829
AMORTSPMSPM,/mnt/beegfs/ysu34/hamlib/dia_e2e/qmaxcutK_18_4.txt,ours_flat,1,1.810
AMORTSPMSPM,/mnt/beegfs/ysu34/hamlib/dia_e2e/qmaxcutK_18_4.txt,ours_flat,3,1.975
AMORTSPMSPM,/mnt/beegfs/ysu34/hamlib/dia_e2e/qmaxcutK_18_4.txt,ours_flat,10,3.421
AMORTSPMSPM,/mnt/beegfs/ysu34/hamlib/dia_e2e/qmaxcutK_18_4.txt,ours_flat,30,7.895
AMORTSPMSPM,/mnt/beegfs/ysu34/hamlib/dia_e2e/qmaxcutK_18_4.txt,ours_flat,100,23.879
AMORTSPMSPM,/mnt/beegfs/ysu34/hamlib/dia_e2e/qmaxcutK_18_4.txt,ours_sym,1,1.079
AMORTSPMSPM,/mnt/beegfs/ysu34/hamlib/dia_e2e/qmaxcutK_18_4.txt,ours_sym,3,1.165
AMORTSPMSPM,/mnt/beegfs/ysu34/hamlib/dia_e2e/qmaxcutK_18_4.txt,ours_sym,10,2.126
AMORTSPMSPM,/mnt/beegfs/ysu34/hamlib/dia_e2e/qmaxcutK_18_4.txt,ours_sym,30,4.960
AMORTSPMSPM,/mnt/beegfs/ysu34/hamlib/dia_e2e/qmaxcutK_18_4.txt,ours_sym,100,14.652
AMORTSPMSPM,/mnt/beegfs/ysu34/hamlib/dia_e2e/qmaxcutR_18_3.txt,ours_flat,1,1.096
AMORTSPMSPM,/mnt/beegfs/ysu34/hamlib/dia_e2e/qmaxcutR_18_3.txt,ours_flat,3,0.975
AMORTSPMSPM,/mnt/beegfs/ysu34/hamlib/dia_e2e/qmaxcutR_18_3.txt,ours_flat,10,1.228
AMORTSPMSPM,/mnt/beegfs/ysu34/hamlib/dia_e2e/qmaxcutR_18_3.txt,ours_flat,30,2.336
AMORTSPMSPM,/mnt/beegfs/ysu34/hamlib/dia_e2e/qmaxcutR_18_3.txt,ours_flat,100,6.223
AMORTSPMSPM,/mnt/beegfs/ysu34/hamlib/dia_e2e/qmaxcutR_18_3.txt,ours_sym,1,0.715
AMORTSPMSPM,/mnt/beegfs/ysu34/hamlib/dia_e2e/qmaxcutR_18_3.txt,ours_sym,3,0.577
AMORTSPMSPM,/mnt/beegfs/ysu34/hamlib/dia_e2e/qmaxcutR_18_3.txt,ours_sym,10,0.823
AMORTSPMSPM,/mnt/beegfs/ysu34/hamlib/dia_e2e/qmaxcutR_18_3.txt,ours_sym,30,1.617
AMORTSPMSPM,/mnt/beegfs/ysu34/hamlib/dia_e2e/qmaxcutR_18_3.txt,ours_sym,100,4.173
AMORTSPMSPM,/mnt/beegfs/ysu34/hamlib/dia_e2e/tfim_16_4.txt,ours_flat,1,1.214
AMORTSPMSPM,/mnt/beegfs/ysu34/hamlib/dia_e2e/tfim_16_4.txt,ours_flat,3,1.235
AMORTSPMSPM,/mnt/beegfs/ysu34/hamlib/dia_e2e/tfim_16_4.txt,ours_flat,10,2.237
AMORTSPMSPM,/mnt/beegfs/ysu34/hamlib/dia_e2e/tfim_16_4.txt,ours_flat,30,5.388
AMORTSPMSPM,/mnt/beegfs/ysu34/hamlib/dia_e2e/tfim_16_4.txt,ours_flat,100,16.439
AMORTSPMSPM,/mnt/beegfs/ysu34/hamlib/dia_e2e/tfim_16_4.txt,ours_sym,1,0.544
AMORTSPMSPM,/mnt/beegfs/ysu34/hamlib/dia_e2e/tfim_16_4.txt,ours_sym,3,0.737
AMORTSPMSPM,/mnt/beegfs/ysu34/hamlib/dia_e2e/tfim_16_4.txt,ours_sym,10,1.406
AMORTSPMSPM,/mnt/beegfs/ysu34/hamlib/dia_e2e/tfim_16_4.txt,ours_sym,30,3.398
AMORTSPMSPM,/mnt/beegfs/ysu34/hamlib/dia_e2e/tfim_16_4.txt,ours_sym,100,10.329
AMORTSPMSPM,/mnt/beegfs/ysu34/hamlib/dia_e2e/tfim_16_5.txt,ours_flat,1,1.199
AMORTSPMSPM,/mnt/beegfs/ysu34/hamlib/dia_e2e/tfim_16_5.txt,ours_flat,3,1.245
AMORTSPMSPM,/mnt/beegfs/ysu34/hamlib/dia_e2e/tfim_16_5.txt,ours_flat,10,2.246
AMORTSPMSPM,/mnt/beegfs/ysu34/hamlib/dia_e2e/tfim_16_5.txt,ours_flat,30,5.392
AMORTSPMSPM,/mnt/beegfs/ysu34/hamlib/dia_e2e/tfim_16_5.txt,ours_flat,100,16.437
AMORTSPMSPM,/mnt/beegfs/ysu34/hamlib/dia_e2e/tfim_16_5.txt,ours_sym,1,0.542
AMORTSPMSPM,/mnt/beegfs/ysu34/hamlib/dia_e2e/tfim_16_5.txt,ours_sym,3,0.739
AMORTSPMSPM,/mnt/beegfs/ysu34/hamlib/dia_e2e/tfim_16_5.txt,ours_sym,10,1.407
AMORTSPMSPM,/mnt/beegfs/ysu34/hamlib/dia_e2e/tfim_16_5.txt,ours_sym,30,3.406
AMORTSPMSPM,/mnt/beegfs/ysu34/hamlib/dia_e2e/tfim_16_5.txt,ours_sym,100,10.327
AMORTSPMSPM,/mnt/beegfs/ysu34/hamlib/dia_e2e/tfim_18_4.txt,ours_flat,1,3.488
AMORTSPMSPM,/mnt/beegfs/ysu34/hamlib/dia_e2e/tfim_18_4.txt,ours_flat,3,5.324
AMORTSPMSPM,/mnt/beegfs/ysu34/hamlib/dia_e2e/tfim_18_4.txt,ours_flat,10,11.557
AMORTSPMSPM,/mnt/beegfs/ysu34/hamlib/dia_e2e/tfim_18_4.txt,ours_flat,30,29.211
AMORTSPMSPM,/mnt/beegfs/ysu34/hamlib/dia_e2e/tfim_18_4.txt,ours_flat,100,91.275
AMORTSPMSPM,/mnt/beegfs/ysu34/hamlib/dia_e2e/tfim_18_4.txt,ours_sym,1,2.242
AMORTSPMSPM,/mnt/beegfs/ysu34/hamlib/dia_e2e/tfim_18_4.txt,ours_sym,3,3.267
AMORTSPMSPM,/mnt/beegfs/ysu34/hamlib/dia_e2e/tfim_18_4.txt,ours_sym,10,6.698
AMORTSPMSPM,/mnt/beegfs/ysu34/hamlib/dia_e2e/tfim_18_4.txt,ours_sym,30,16.533
AMORTSPMSPM,/mnt/beegfs/ysu34/hamlib/dia_e2e/tfim_18_4.txt,ours_sym,100,50.863
AMORTSPMSPM,/mnt/beegfs/ysu34/hamlib/dia_e2e/tfim_18_5.txt,ours_flat,1,3.486
AMORTSPMSPM,/mnt/beegfs/ysu34/hamlib/dia_e2e/tfim_18_5.txt,ours_flat,3,5.351
AMORTSPMSPM,/mnt/beegfs/ysu34/hamlib/dia_e2e/tfim_18_5.txt,ours_flat,10,11.520
AMORTSPMSPM,/mnt/beegfs/ysu34/hamlib/dia_e2e/tfim_18_5.txt,ours_flat,30,29.268
AMORTSPMSPM,/mnt/beegfs/ysu34/hamlib/dia_e2e/tfim_18_5.txt,ours_flat,100,91.314
AMORTSPMSPM,/mnt/beegfs/ysu34/hamlib/dia_e2e/tfim_18_5.txt,ours_sym,1,2.242
AMORTSPMSPM,/mnt/beegfs/ysu34/hamlib/dia_e2e/tfim_18_5.txt,ours_sym,3,3.254
AMORTSPMSPM,/mnt/beegfs/ysu34/hamlib/dia_e2e/tfim_18_5.txt,ours_sym,10,6.697
AMORTSPMSPM,/mnt/beegfs/ysu34/hamlib/dia_e2e/tfim_18_5.txt,ours_sym,30,16.528
AMORTSPMSPM,/mnt/beegfs/ysu34/hamlib/dia_e2e/tfim_18_5.txt,ours_sym,100,50.889
AMORTSPMSPM,/mnt/beegfs/ysu34/hamlib/dia_e2e/tfim_20_5.txt,ours_flat,1,15.733
AMORTSPMSPM,/mnt/beegfs/ysu34/hamlib/dia_e2e/tfim_20_5.txt,ours_flat,3,26.444
AMORTSPMSPM,/mnt/beegfs/ysu34/hamlib/dia_e2e/tfim_20_5.txt,ours_flat,10,58.230
AMORTSPMSPM,/mnt/beegfs/ysu34/hamlib/dia_e2e/tfim_20_5.txt,ours_flat,30,151.195
AMORTSPMSPM,/mnt/beegfs/ysu34/hamlib/dia_e2e/tfim_20_5.txt,ours_flat,100,481.637
AMORTSPMSPM,/mnt/beegfs/ysu34/hamlib/dia_e2e/tfim_20_5.txt,ours_sym,1,10.084
AMORTSPMSPM,/mnt/beegfs/ysu34/hamlib/dia_e2e/tfim_20_5.txt,ours_sym,3,16.457
AMORTSPMSPM,/mnt/beegfs/ysu34/hamlib/dia_e2e/tfim_20_5.txt,ours_sym,10,34.924
AMORTSPMSPM,/mnt/beegfs/ysu34/hamlib/dia_e2e/tfim_20_5.txt,ours_sym,30,91.333
AMORTSPMSPM,/mnt/beegfs/ysu34/hamlib/dia_e2e/tfim_20_5.txt,ours_sym,100,303.078
AMORTSPMSPM,/mnt/beegfs/ysu34/hamlib/dia_e2e/tsp_18_4.txt,ours_flat,1,0.724
AMORTSPMSPM,/mnt/beegfs/ysu34/hamlib/dia_e2e/tsp_18_4.txt,ours_flat,3,0.558
AMORTSPMSPM,/mnt/beegfs/ysu34/hamlib/dia_e2e/tsp_18_4.txt,ours_flat,10,0.472
AMORTSPMSPM,/mnt/beegfs/ysu34/hamlib/dia_e2e/tsp_18_4.txt,ours_flat,30,0.561
AMORTSPMSPM,/mnt/beegfs/ysu34/hamlib/dia_e2e/tsp_18_4.txt,ours_flat,100,0.877
AMORTSPMSPM,/mnt/beegfs/ysu34/hamlib/dia_e2e/tsp_18_4.txt,ours_sym,1,0.490
AMORTSPMSPM,/mnt/beegfs/ysu34/hamlib/dia_e2e/tsp_18_4.txt,ours_sym,3,0.237
AMORTSPMSPM,/mnt/beegfs/ysu34/hamlib/dia_e2e/tsp_18_4.txt,ours_sym,10,0.276
AMORTSPMSPM,/mnt/beegfs/ysu34/hamlib/dia_e2e/tsp_18_4.txt,ours_sym,30,0.460
AMORTSPMSPM,/mnt/beegfs/ysu34/hamlib/dia_e2e/tsp_18_4.txt,ours_sym,100,0.925
AMORTSPMSPM,/mnt/beegfs/ysu34/hamlib/dia_e2e/vibbf3_18_3.txt,ours_flat,1,1.143
AMORTSPMSPM,/mnt/beegfs/ysu34/hamlib/dia_e2e/vibbf3_18_3.txt,ours_flat,3,1.156
AMORTSPMSPM,/mnt/beegfs/ysu34/hamlib/dia_e2e/vibbf3_18_3.txt,ours_flat,10,1.748
AMORTSPMSPM,/mnt/beegfs/ysu34/hamlib/dia_e2e/vibbf3_18_3.txt,ours_flat,30,3.622
AMORTSPMSPM,/mnt/beegfs/ysu34/hamlib/dia_e2e/vibbf3_18_3.txt,ours_flat,100,10.296
AMORTSPMSPM,/mnt/beegfs/ysu34/hamlib/dia_e2e/vibbf3_18_3.txt,ours_sym,1,0.854
AMORTSPMSPM,/mnt/beegfs/ysu34/hamlib/dia_e2e/vibbf3_18_3.txt,ours_sym,3,0.755
AMORTSPMSPM,/mnt/beegfs/ysu34/hamlib/dia_e2e/vibbf3_18_3.txt,ours_sym,10,1.138
AMORTSPMSPM,/mnt/beegfs/ysu34/hamlib/dia_e2e/vibbf3_18_3.txt,ours_sym,30,2.367
AMORTSPMSPM,/mnt/beegfs/ysu34/hamlib/dia_e2e/vibbf3_18_3.txt,ours_sym,100,6.701
AMORTSPMSPM,/mnt/beegfs/ysu34/hamlib/dia_suitesparse/atmosmodd.txt,ours_flat,1,3.531
AMORTSPMSPM,/mnt/beegfs/ysu34/hamlib/dia_suitesparse/atmosmodd.txt,ours_flat,3,3.393
AMORTSPMSPM,/mnt/beegfs/ysu34/hamlib/dia_suitesparse/atmosmodd.txt,ours_flat,10,4.507
AMORTSPMSPM,/mnt/beegfs/ysu34/hamlib/dia_suitesparse/atmosmodd.txt,ours_flat,30,8.292
AMORTSPMSPM,/mnt/beegfs/ysu34/hamlib/dia_suitesparse/atmosmodd.txt,ours_flat,100,21.285
AMORTSPMSPM,/mnt/beegfs/ysu34/hamlib/dia_suitesparse/ecology2.txt,ours_flat,1,2.537
AMORTSPMSPM,/mnt/beegfs/ysu34/hamlib/dia_suitesparse/ecology2.txt,ours_flat,3,2.487
AMORTSPMSPM,/mnt/beegfs/ysu34/hamlib/dia_suitesparse/ecology2.txt,ours_flat,10,3.224
AMORTSPMSPM,/mnt/beegfs/ysu34/hamlib/dia_suitesparse/ecology2.txt,ours_flat,30,5.620
AMORTSPMSPM,/mnt/beegfs/ysu34/hamlib/dia_suitesparse/ecology2.txt,ours_flat,100,14.224
AMORTSPMSPM,/mnt/beegfs/ysu34/hamlib/dia_suitesparse/ecology2.txt,ours_sym,1,2.102
AMORTSPMSPM,/mnt/beegfs/ysu34/hamlib/dia_suitesparse/ecology2.txt,ours_sym,3,1.494
AMORTSPMSPM,/mnt/beegfs/ysu34/hamlib/dia_suitesparse/ecology2.txt,ours_sym,10,2.245
AMORTSPMSPM,/mnt/beegfs/ysu34/hamlib/dia_suitesparse/ecology2.txt,ours_sym,30,3.682
AMORTSPMSPM,/mnt/beegfs/ysu34/hamlib/dia_suitesparse/ecology2.txt,ours_sym,100,9.402
AMORTSPMSPM,/mnt/beegfs/ysu34/hamlib/dia_suitesparse/Lin.txt,ours_flat,1,0.961
AMORTSPMSPM,/mnt/beegfs/ysu34/hamlib/dia_suitesparse/Lin.txt,ours_flat,3,0.825
AMORTSPMSPM,/mnt/beegfs/ysu34/hamlib/dia_suitesparse/Lin.txt,ours_flat,10,0.951
AMORTSPMSPM,/mnt/beegfs/ysu34/hamlib/dia_suitesparse/Lin.txt,ours_flat,30,1.664
AMORTSPMSPM,/mnt/beegfs/ysu34/hamlib/dia_suitesparse/Lin.txt,ours_flat,100,4.160
AMORTSPMSPM,/mnt/beegfs/ysu34/hamlib/dia_suitesparse/Lin.txt,ours_sym,1,0.627
AMORTSPMSPM,/mnt/beegfs/ysu34/hamlib/dia_suitesparse/Lin.txt,ours_sym,3,0.510
AMORTSPMSPM,/mnt/beegfs/ysu34/hamlib/dia_suitesparse/Lin.txt,ours_sym,10,0.639
AMORTSPMSPM,/mnt/beegfs/ysu34/hamlib/dia_suitesparse/Lin.txt,ours_sym,30,1.163
AMORTSPMSPM,/mnt/beegfs/ysu34/hamlib/dia_suitesparse/Lin.txt,ours_sym,100,2.993
