AMORTCSV,/mnt/beegfs/ysu34/hamlib/dia_e2e/BH_20_7.txt,didx,1,248.807
AMORTCSV,/mnt/beegfs/ysu34/hamlib/dia_e2e/BH_20_7.txt,didx,10,249.528
AMORTCSV,/mnt/beegfs/ysu34/hamlib/dia_e2e/BH_20_7.txt,didx,100,255.505
AMORTCSV,/mnt/beegfs/ysu34/hamlib/dia_e2e/BH_20_7.txt,didx,1000,314.407
AMORTCSV,/mnt/beegfs/ysu34/hamlib/dia_e2e/BH_20_7.txt,didx,10000,899.332
AMORTCSV,/mnt/beegfs/ysu34/hamlib/dia_e2e/BH_20_7.txt,didx_sym,1,144.378
AMORTCSV,/mnt/beegfs/ysu34/hamlib/dia_e2e/BH_20_7.txt,didx_sym,10,144.010
AMORTCSV,/mnt/beegfs/ysu34/hamlib/dia_e2e/BH_20_7.txt,didx_sym,100,150.695
AMORTCSV,/mnt/beegfs/ysu34/hamlib/dia_e2e/BH_20_7.txt,didx_sym,1000,217.334
AMORTCSV,/mnt/beegfs/ysu34/hamlib/dia_e2e/BH_20_7.txt,didx_sym,10000,878.833
AMORTCSV,/mnt/beegfs/ysu34/hamlib/dia_e2e/bhc_16_7.txt,didx,1,10.336
AMORTCSV,/mnt/beegfs/ysu34/hamlib/dia_e2e/bhc_16_7.txt,didx,10,10.539
AMORTCSV,/mnt/beegfs/ysu34/hamlib/dia_e2e/bhc_16_7.txt,didx,100,11.018
AMORTCSV,/mnt/beegfs/ysu34/hamlib/dia_e2e/bhc_16_7.txt,didx,1000,16.737
AMORTCSV,/mnt/beegfs/ysu34/hamlib/dia_e2e/bhc_16_7.txt,didx,10000,74.595
AMORTCSV,/mnt/beegfs/ysu34/hamlib/dia_e2e/bhc_16_7.txt,didx_sym,1,6.728
AMORTCSV,/mnt/beegfs/ysu34/hamlib/dia_e2e/bhc_16_7.txt,didx_sym,10,6.669
AMORTCSV,/mnt/beegfs/ysu34/hamlib/dia_e2e/bhc_16_7.txt,didx_sym,100,7.272
AMORTCSV,/mnt/beegfs/ysu34/hamlib/dia_e2e/bhc_16_7.txt,didx_sym,1000,12.992
AMORTCSV,/mnt/beegfs/ysu34/hamlib/dia_e2e/bhc_16_7.txt,didx_sym,10000,70.602
AMORTCSV,/mnt/beegfs/ysu34/hamlib/dia_e2e/bhc_18_7.txt,didx,1,46.849
AMORTCSV,/mnt/beegfs/ysu34/hamlib/dia_e2e/bhc_18_7.txt,didx,10,47.301
AMORTCSV,/mnt/beegfs/ysu34/hamlib/dia_e2e/bhc_18_7.txt,didx,100,48.137
AMORTCSV,/mnt/beegfs/ysu34/hamlib/dia_e2e/bhc_18_7.txt,didx,1000,60.529
AMORTCSV,/mnt/beegfs/ysu34/hamlib/dia_e2e/bhc_18_7.txt,didx,10000,180.939
AMORTCSV,/mnt/beegfs/ysu34/hamlib/dia_e2e/bhc_18_7.txt,didx_sym,1,31.310
AMORTCSV,/mnt/beegfs/ysu34/hamlib/dia_e2e/bhc_18_7.txt,didx_sym,10,31.198
AMORTCSV,/mnt/beegfs/ysu34/hamlib/dia_e2e/bhc_18_7.txt,didx_sym,100,32.406
AMORTCSV,/mnt/beegfs/ysu34/hamlib/dia_e2e/bhc_18_7.txt,didx_sym,1000,44.991
AMORTCSV,/mnt/beegfs/ysu34/hamlib/dia_e2e/bhc_18_7.txt,didx_sym,10000,172.307
AMORTCSV,/mnt/beegfs/ysu34/hamlib/dia_e2e/bhD1_18_7.txt,didx,1,46.554
AMORTCSV,/mnt/beegfs/ysu34/hamlib/dia_e2e/bhD1_18_7.txt,didx,10,46.417
AMORTCSV,/mnt/beegfs/ysu34/hamlib/dia_e2e/bhD1_18_7.txt,didx,100,48.072
AMORTCSV,/mnt/beegfs/ysu34/hamlib/dia_e2e/bhD1_18_7.txt,didx,1000,59.652
AMORTCSV,/mnt/beegfs/ysu34/hamlib/dia_e2e/bhD1_18_7.txt,didx,10000,180.807
AMORTCSV,/mnt/beegfs/ysu34/hamlib/dia_e2e/bhD1_18_7.txt,didx_sym,1,30.618
AMORTCSV,/mnt/beegfs/ysu34/hamlib/dia_e2e/bhD1_18_7.txt,didx_sym,10,30.889
AMORTCSV,/mnt/beegfs/ysu34/hamlib/dia_e2e/bhD1_18_7.txt,didx_sym,100,32.273
AMORTCSV,/mnt/beegfs/ysu34/hamlib/dia_e2e/bhD1_18_7.txt,didx_sym,1000,44.908
AMORTCSV,/mnt/beegfs/ysu34/hamlib/dia_e2e/bhD1_18_7.txt,didx_sym,10000,172.843
AMORTCSV,/mnt/beegfs/ysu34/hamlib/dia_e2e/C2c_18_4.txt,didx,1,2690.360
AMORTCSV,/mnt/beegfs/ysu34/hamlib/dia_e2e/C2c_18_4.txt,didx,10,2698.275
AMORTCSV,/mnt/beegfs/ysu34/hamlib/dia_e2e/C2c_18_4.txt,didx,100,2800.930
AMORTCSV,/mnt/beegfs/ysu34/hamlib/dia_e2e/C2c_18_4.txt,didx,1000,3835.771
AMORTCSV,/mnt/beegfs/ysu34/hamlib/dia_e2e/C2c_18_4.txt,didx,10000,14170.082
AMORTCSV,/mnt/beegfs/ysu34/hamlib/dia_e2e/fermi_16_5.txt,didx,1,4.099
AMORTCSV,/mnt/beegfs/ysu34/hamlib/dia_e2e/fermi_16_5.txt,didx,10,4.125
AMORTCSV,/mnt/beegfs/ysu34/hamlib/dia_e2e/fermi_16_5.txt,didx,100,4.635
AMORTCSV,/mnt/beegfs/ysu34/hamlib/dia_e2e/fermi_16_5.txt,didx,1000,10.201
AMORTCSV,/mnt/beegfs/ysu34/hamlib/dia_e2e/fermi_16_5.txt,didx,10000,64.912
AMORTCSV,/mnt/beegfs/ysu34/hamlib/dia_e2e/fermi_16_5.txt,didx_sym,1,2.757
AMORTCSV,/mnt/beegfs/ysu34/hamlib/dia_e2e/fermi_16_5.txt,didx_sym,10,2.775
AMORTCSV,/mnt/beegfs/ysu34/hamlib/dia_e2e/fermi_16_5.txt,didx_sym,100,3.316
AMORTCSV,/mnt/beegfs/ysu34/hamlib/dia_e2e/fermi_16_5.txt,didx_sym,1000,8.771
AMORTCSV,/mnt/beegfs/ysu34/hamlib/dia_e2e/fermi_16_5.txt,didx_sym,10000,63.828
AMORTCSV,/mnt/beegfs/ysu34/hamlib/dia_e2e/fermi_18_5.txt,didx,1,18.747
AMORTCSV,/mnt/beegfs/ysu34/hamlib/dia_e2e/fermi_18_5.txt,didx,10,18.801
AMORTCSV,/mnt/beegfs/ysu34/hamlib/dia_e2e/fermi_18_5.txt,didx,100,19.826
AMORTCSV,/mnt/beegfs/ysu34/hamlib/dia_e2e/fermi_18_5.txt,didx,1000,30.741
AMORTCSV,/mnt/beegfs/ysu34/hamlib/dia_e2e/fermi_18_5.txt,didx,10000,138.749
AMORTCSV,/mnt/beegfs/ysu34/hamlib/dia_e2e/fermi_18_5.txt,didx_sym,1,12.175
AMORTCSV,/mnt/beegfs/ysu34/hamlib/dia_e2e/fermi_18_5.txt,didx_sym,10,12.292
AMORTCSV,/mnt/beegfs/ysu34/hamlib/dia_e2e/fermi_18_5.txt,didx_sym,100,13.437
AMORTCSV,/mnt/beegfs/ysu34/hamlib/dia_e2e/fermi_18_5.txt,didx_sym,1000,23.984
AMORTCSV,/mnt/beegfs/ysu34/hamlib/dia_e2e/fermi_18_5.txt,didx_sym,10000,130.252
AMORTCSV,/mnt/beegfs/ysu34/hamlib/dia_e2e/fermi_20_5.txt,didx,1,122.892
AMORTCSV,/mnt/beegfs/ysu34/hamlib/dia_e2e/fermi_20_5.txt,didx,10,124.319
AMORTCSV,/mnt/beegfs/ysu34/hamlib/dia_e2e/fermi_20_5.txt,didx,100,129.111
AMORTCSV,/mnt/beegfs/ysu34/hamlib/dia_e2e/fermi_20_5.txt,didx,1000,179.815
AMORTCSV,/mnt/beegfs/ysu34/hamlib/dia_e2e/fermi_20_5.txt,didx,10000,687.366
AMORTCSV,/mnt/beegfs/ysu34/hamlib/dia_e2e/fermi_20_5.txt,didx_sym,1,55.586
AMORTCSV,/mnt/beegfs/ysu34/hamlib/dia_e2e/fermi_20_5.txt,didx_sym,10,56.355
AMORTCSV,/mnt/beegfs/ysu34/hamlib/dia_e2e/fermi_20_5.txt,didx_sym,100,61.493
AMORTCSV,/mnt/beegfs/ysu34/hamlib/dia_e2e/fermi_20_5.txt,didx_sym,1000,109.644
AMORTCSV,/mnt/beegfs/ysu34/hamlib/dia_e2e/fermi_20_5.txt,didx_sym,10000,589.042
AMORTCSV,/mnt/beegfs/ysu34/hamlib/dia_e2e/fermiFH_18_4.txt,didx,1,31.377
AMORTCSV,/mnt/beegfs/ysu34/hamlib/dia_e2e/fermiFH_18_4.txt,didx,10,31.407
AMORTCSV,/mnt/beegfs/ysu34/hamlib/dia_e2e/fermiFH_18_4.txt,didx,100,32.454
AMORTCSV,/mnt/beegfs/ysu34/hamlib/dia_e2e/fermiFH_18_4.txt,didx,1000,42.770
AMORTCSV,/mnt/beegfs/ysu34/hamlib/dia_e2e/fermiFH_18_4.txt,didx,10000,147.355
AMORTCSV,/mnt/beegfs/ysu34/hamlib/dia_e2e/fermiFH_18_4.txt,didx_sym,1,21.477
AMORTCSV,/mnt/beegfs/ysu34/hamlib/dia_e2e/fermiFH_18_4.txt,didx_sym,10,21.496
AMORTCSV,/mnt/beegfs/ysu34/hamlib/dia_e2e/fermiFH_18_4.txt,didx_sym,100,22.162
AMORTCSV,/mnt/beegfs/ysu34/hamlib/dia_e2e/fermiFH_18_4.txt,didx_sym,1000,32.692
AMORTCSV,/mnt/beegfs/ysu34/hamlib/dia_e2e/fermiFH_18_4.txt,didx_sym,10000,136.904
AMORTCSV,/mnt/beegfs/ysu34/hamlib/dia_e2e/H8c_16_4.txt,didx,1,571.024
AMORTCSV,/mnt/beegfs/ysu34/hamlib/dia_e2e/H8c_16_4.txt,didx,10,576.935
AMORTCSV,/mnt/beegfs/ysu34/hamlib/dia_e2e/H8c_16_4.txt,didx,100,622.337
AMORTCSV,/mnt/beegfs/ysu34/hamlib/dia_e2e/H8c_16_4.txt,didx,1000,1087.472
AMORTCSV,/mnt/beegfs/ysu34/hamlib/dia_e2e/H8c_16_4.txt,didx,10000,5746.478
AMORTCSV,/mnt/beegfs/ysu34/hamlib/dia_e2e/heis_16_5.txt,didx,1,4.281
AMORTCSV,/mnt/beegfs/ysu34/hamlib/dia_e2e/heis_16_5.txt,didx,10,4.282
AMORTCSV,/mnt/beegfs/ysu34/hamlib/dia_e2e/heis_16_5.txt,didx,100,4.851
AMORTCSV,/mnt/beegfs/ysu34/hamlib/dia_e2e/heis_16_5.txt,didx,1000,10.324
AMORTCSV,/mnt/beegfs/ysu34/hamlib/dia_e2e/heis_16_5.txt,didx,10000,64.501
AMORTCSV,/mnt/beegfs/ysu34/hamlib/dia_e2e/heis_16_5.txt,didx_sym,1,2.958
AMORTCSV,/mnt/beegfs/ysu34/hamlib/dia_e2e/heis_16_5.txt,didx_sym,10,2.878
AMORTCSV,/mnt/beegfs/ysu34/hamlib/dia_e2e/heis_16_5.txt,didx_sym,100,3.394
AMORTCSV,/mnt/beegfs/ysu34/hamlib/dia_e2e/heis_16_5.txt,didx_sym,1000,8.878
AMORTCSV,/mnt/beegfs/ysu34/hamlib/dia_e2e/heis_16_5.txt,didx_sym,10000,64.642
AMORTCSV,/mnt/beegfs/ysu34/hamlib/dia_e2e/heis_18_5.txt,didx,1,20.817
AMORTCSV,/mnt/beegfs/ysu34/hamlib/dia_e2e/heis_18_5.txt,didx,10,20.922
AMORTCSV,/mnt/beegfs/ysu34/hamlib/dia_e2e/heis_18_5.txt,didx,100,22.120
AMORTCSV,/mnt/beegfs/ysu34/hamlib/dia_e2e/heis_18_5.txt,didx,1000,33.123
AMORTCSV,/mnt/beegfs/ysu34/hamlib/dia_e2e/heis_18_5.txt,didx,10000,144.292
AMORTCSV,/mnt/beegfs/ysu34/hamlib/dia_e2e/heis_18_5.txt,didx_sym,1,13.027
AMORTCSV,/mnt/beegfs/ysu34/hamlib/dia_e2e/heis_18_5.txt,didx_sym,10,13.082
AMORTCSV,/mnt/beegfs/ysu34/hamlib/dia_e2e/heis_18_5.txt,didx_sym,100,14.237
AMORTCSV,/mnt/beegfs/ysu34/hamlib/dia_e2e/heis_18_5.txt,didx_sym,1000,24.847
AMORTCSV,/mnt/beegfs/ysu34/hamlib/dia_e2e/heis_18_5.txt,didx_sym,10000,132.792
AMORTCSV,/mnt/beegfs/ysu34/hamlib/dia_e2e/heis_20_5.txt,didx,1,129.721
AMORTCSV,/mnt/beegfs/ysu34/hamlib/dia_e2e/heis_20_5.txt,didx,10,131.894
AMORTCSV,/mnt/beegfs/ysu34/hamlib/dia_e2e/heis_20_5.txt,didx,100,136.540
AMORTCSV,/mnt/beegfs/ysu34/hamlib/dia_e2e/heis_20_5.txt,didx,1000,190.104
AMORTCSV,/mnt/beegfs/ysu34/hamlib/dia_e2e/heis_20_5.txt,didx,10000,715.114
AMORTCSV,/mnt/beegfs/ysu34/hamlib/dia_e2e/heis_20_5.txt,didx_sym,1,59.260
AMORTCSV,/mnt/beegfs/ysu34/hamlib/dia_e2e/heis_20_5.txt,didx_sym,10,60.502
AMORTCSV,/mnt/beegfs/ysu34/hamlib/dia_e2e/heis_20_5.txt,didx_sym,100,64.496
AMORTCSV,/mnt/beegfs/ysu34/hamlib/dia_e2e/heis_20_5.txt,didx_sym,1000,114.457
AMORTCSV,/mnt/beegfs/ysu34/hamlib/dia_e2e/heis_20_5.txt,didx_sym,10000,613.569
AMORTCSV,/mnt/beegfs/ysu34/hamlib/dia_e2e/heis_20_6.txt,didx,1,128.713
AMORTCSV,/mnt/beegfs/ysu34/hamlib/dia_e2e/heis_20_6.txt,didx,10,131.674
AMORTCSV,/mnt/beegfs/ysu34/hamlib/dia_e2e/heis_20_6.txt,didx,100,136.533
AMORTCSV,/mnt/beegfs/ysu34/hamlib/dia_e2e/heis_20_6.txt,didx,1000,188.612
AMORTCSV,/mnt/beegfs/ysu34/hamlib/dia_e2e/heis_20_6.txt,didx,10000,713.619
AMORTCSV,/mnt/beegfs/ysu34/hamlib/dia_e2e/heis_20_6.txt,didx_sym,1,59.296
AMORTCSV,/mnt/beegfs/ysu34/hamlib/dia_e2e/heis_20_6.txt,didx_sym,10,60.693
AMORTCSV,/mnt/beegfs/ysu34/hamlib/dia_e2e/heis_20_6.txt,didx_sym,100,66.062
AMORTCSV,/mnt/beegfs/ysu34/hamlib/dia_e2e/heis_20_6.txt,didx_sym,1000,114.539
AMORTCSV,/mnt/beegfs/ysu34/hamlib/dia_e2e/heis_20_6.txt,didx_sym,10000,612.329
AMORTCSV,/mnt/beegfs/ysu34/hamlib/dia_e2e/maxcut_16_5.txt,didx,1,0.353
AMORTCSV,/mnt/beegfs/ysu34/hamlib/dia_e2e/maxcut_16_5.txt,didx,10,0.325
AMORTCSV,/mnt/beegfs/ysu34/hamlib/dia_e2e/maxcut_16_5.txt,didx,100,0.642
AMORTCSV,/mnt/beegfs/ysu34/hamlib/dia_e2e/maxcut_16_5.txt,didx,1000,3.980
AMORTCSV,/mnt/beegfs/ysu34/hamlib/dia_e2e/maxcut_16_5.txt,didx,10000,37.376
AMORTCSV,/mnt/beegfs/ysu34/hamlib/dia_e2e/maxcut_16_5.txt,didx_sym,1,0.306
AMORTCSV,/mnt/beegfs/ysu34/hamlib/dia_e2e/maxcut_16_5.txt,didx_sym,10,0.323
AMORTCSV,/mnt/beegfs/ysu34/hamlib/dia_e2e/maxcut_16_5.txt,didx_sym,100,0.667
AMORTCSV,/mnt/beegfs/ysu34/hamlib/dia_e2e/maxcut_16_5.txt,didx_sym,1000,4.141
AMORTCSV,/mnt/beegfs/ysu34/hamlib/dia_e2e/maxcut_16_5.txt,didx_sym,10000,38.731
AMORTCSV,/mnt/beegfs/ysu34/hamlib/dia_e2e/maxcut_18_5.txt,didx,1,1.315
AMORTCSV,/mnt/beegfs/ysu34/hamlib/dia_e2e/maxcut_18_5.txt,didx,10,1.291
AMORTCSV,/mnt/beegfs/ysu34/hamlib/dia_e2e/maxcut_18_5.txt,didx,100,1.703
AMORTCSV,/mnt/beegfs/ysu34/hamlib/dia_e2e/maxcut_18_5.txt,didx,1000,5.961
AMORTCSV,/mnt/beegfs/ysu34/hamlib/dia_e2e/maxcut_18_5.txt,didx,10000,48.925
AMORTCSV,/mnt/beegfs/ysu34/hamlib/dia_e2e/maxcut_18_5.txt,didx_sym,1,1.172
AMORTCSV,/mnt/beegfs/ysu34/hamlib/dia_e2e/maxcut_18_5.txt,didx_sym,10,1.198
AMORTCSV,/mnt/beegfs/ysu34/hamlib/dia_e2e/maxcut_18_5.txt,didx_sym,100,1.629
AMORTCSV,/mnt/beegfs/ysu34/hamlib/dia_e2e/maxcut_18_5.txt,didx_sym,1000,5.947
AMORTCSV,/mnt/beegfs/ysu34/hamlib/dia_e2e/maxcut_18_5.txt,didx_sym,10000,49.103
AMORTCSV,/mnt/beegfs/ysu34/hamlib/dia_e2e/maxcut_20_5.txt,didx,1,4.223
AMORTCSV,/mnt/beegfs/ysu34/hamlib/dia_e2e/maxcut_20_5.txt,didx,10,4.178
AMORTCSV,/mnt/beegfs/ysu34/hamlib/dia_e2e/maxcut_20_5.txt,didx,100,4.973
AMORTCSV,/mnt/beegfs/ysu34/hamlib/dia_e2e/maxcut_20_5.txt,didx,1000,12.392
AMORTCSV,/mnt/beegfs/ysu34/hamlib/dia_e2e/maxcut_20_5.txt,didx,10000,86.838
AMORTCSV,/mnt/beegfs/ysu34/hamlib/dia_e2e/maxcut_20_5.txt,didx_sym,1,4.533
AMORTCSV,/mnt/beegfs/ysu34/hamlib/dia_e2e/maxcut_20_5.txt,didx_sym,10,4.184
AMORTCSV,/mnt/beegfs/ysu34/hamlib/dia_e2e/maxcut_20_5.txt,didx_sym,100,4.916
AMORTCSV,/mnt/beegfs/ysu34/hamlib/dia_e2e/maxcut_20_5.txt,didx_sym,1000,12.565
AMORTCSV,/mnt/beegfs/ysu34/hamlib/dia_e2e/maxcut_20_5.txt,didx_sym,10000,89.057
AMORTCSV,/mnt/beegfs/ysu34/hamlib/dia_e2e/O2c_16_5.txt,didx,1,95.265
AMORTCSV,/mnt/beegfs/ysu34/hamlib/dia_e2e/O2c_16_5.txt,didx,10,96.128
AMORTCSV,/mnt/beegfs/ysu34/hamlib/dia_e2e/O2c_16_5.txt,didx,100,102.255
AMORTCSV,/mnt/beegfs/ysu34/hamlib/dia_e2e/O2c_16_5.txt,didx,1000,162.822
AMORTCSV,/mnt/beegfs/ysu34/hamlib/dia_e2e/O2c_16_5.txt,didx,10000,768.938
AMORTCSV,/mnt/beegfs/ysu34/hamlib/dia_e2e/O2c_20_5.txt,didx,1,5609.457
AMORTCSV,/mnt/beegfs/ysu34/hamlib/dia_e2e/O2c_20_5.txt,didx,10,5677.678
AMORTCSV,/mnt/beegfs/ysu34/hamlib/dia_e2e/O2c_20_5.txt,didx,100,5920.422
AMORTCSV,/mnt/beegfs/ysu34/hamlib/dia_e2e/O2c_20_5.txt,didx,1000,8396.906
AMORTCSV,/mnt/beegfs/ysu34/hamlib/dia_e2e/O2c_20_5.txt,didx,10000,33306.609
AMORTCSV,/mnt/beegfs/ysu34/hamlib/dia_e2e/qmaxcut_16_4.txt,didx,1,6.043
AMORTCSV,/mnt/beegfs/ysu34/hamlib/dia_e2e/qmaxcut_16_4.txt,didx,10,6.457
AMORTCSV,/mnt/beegfs/ysu34/hamlib/dia_e2e/qmaxcut_16_4.txt,didx,100,6.974
AMORTCSV,/mnt/beegfs/ysu34/hamlib/dia_e2e/qmaxcut_16_4.txt,didx,1000,13.055
AMORTCSV,/mnt/beegfs/ysu34/hamlib/dia_e2e/qmaxcut_16_4.txt,didx,10000,65.915
AMORTCSV,/mnt/beegfs/ysu34/hamlib/dia_e2e/qmaxcut_16_4.txt,didx_sym,1,1.864
AMORTCSV,/mnt/beegfs/ysu34/hamlib/dia_e2e/qmaxcut_16_4.txt,didx_sym,10,1.922
AMORTCSV,/mnt/beegfs/ysu34/hamlib/dia_e2e/qmaxcut_16_4.txt,didx_sym,100,2.517
AMORTCSV,/mnt/beegfs/ysu34/hamlib/dia_e2e/qmaxcut_16_4.txt,didx_sym,1000,8.489
AMORTCSV,/mnt/beegfs/ysu34/hamlib/dia_e2e/qmaxcut_16_4.txt,didx_sym,10000,68.963
AMORTCSV,/mnt/beegfs/ysu34/hamlib/dia_e2e/qmaxcut_18_4.txt,didx,1,13.292
AMORTCSV,/mnt/beegfs/ysu34/hamlib/dia_e2e/qmaxcut_18_4.txt,didx,10,13.238
AMORTCSV,/mnt/beegfs/ysu34/hamlib/dia_e2e/qmaxcut_18_4.txt,didx,100,14.367
AMORTCSV,/mnt/beegfs/ysu34/hamlib/dia_e2e/qmaxcut_18_4.txt,didx,1000,25.617
AMORTCSV,/mnt/beegfs/ysu34/hamlib/dia_e2e/qmaxcut_18_4.txt,didx,10000,138.094
AMORTCSV,/mnt/beegfs/ysu34/hamlib/dia_e2e/qmaxcut_18_4.txt,didx_sym,1,8.358
AMORTCSV,/mnt/beegfs/ysu34/hamlib/dia_e2e/qmaxcut_18_4.txt,didx_sym,10,8.348
AMORTCSV,/mnt/beegfs/ysu34/hamlib/dia_e2e/qmaxcut_18_4.txt,didx_sym,100,9.442
AMORTCSV,/mnt/beegfs/ysu34/hamlib/dia_e2e/qmaxcut_18_4.txt,didx_sym,1000,20.898
AMORTCSV,/mnt/beegfs/ysu34/hamlib/dia_e2e/qmaxcut_18_4.txt,didx_sym,10000,133.916
AMORTCSV,/mnt/beegfs/ysu34/hamlib/dia_e2e/qmaxcut_20_4.txt,didx,1,84.425
AMORTCSV,/mnt/beegfs/ysu34/hamlib/dia_e2e/qmaxcut_20_4.txt,didx,10,85.219
AMORTCSV,/mnt/beegfs/ysu34/hamlib/dia_e2e/qmaxcut_20_4.txt,didx,100,90.469
AMORTCSV,/mnt/beegfs/ysu34/hamlib/dia_e2e/qmaxcut_20_4.txt,didx,1000,145.655
AMORTCSV,/mnt/beegfs/ysu34/hamlib/dia_e2e/qmaxcut_20_4.txt,didx,10000,695.046
AMORTCSV,/mnt/beegfs/ysu34/hamlib/dia_e2e/qmaxcut_20_4.txt,didx_sym,1,36.600
AMORTCSV,/mnt/beegfs/ysu34/hamlib/dia_e2e/qmaxcut_20_4.txt,didx_sym,10,37.298
AMORTCSV,/mnt/beegfs/ysu34/hamlib/dia_e2e/qmaxcut_20_4.txt,didx_sym,100,43.394
AMORTCSV,/mnt/beegfs/ysu34/hamlib/dia_e2e/qmaxcut_20_4.txt,didx_sym,1000,100.025
AMORTCSV,/mnt/beegfs/ysu34/hamlib/dia_e2e/qmaxcut_20_4.txt,didx_sym,10000,670.158
AMORTCSV,/mnt/beegfs/ysu34/hamlib/dia_e2e/qmaxcutC_18_4.txt,didx,1,58.349
AMORTCSV,/mnt/beegfs/ysu34/hamlib/dia_e2e/qmaxcutC_18_4.txt,didx,10,58.261
AMORTCSV,/mnt/beegfs/ysu34/hamlib/dia_e2e/qmaxcutC_18_4.txt,didx,100,60.805
AMORTCSV,/mnt/beegfs/ysu34/hamlib/dia_e2e/qmaxcutC_18_4.txt,didx,1000,84.219
AMORTCSV,/mnt/beegfs/ysu34/hamlib/dia_e2e/qmaxcutC_18_4.txt,didx,10000,318.488
AMORTCSV,/mnt/beegfs/ysu34/hamlib/dia_e2e/qmaxcutC_18_4.txt,didx_sym,1,25.874
AMORTCSV,/mnt/beegfs/ysu34/hamlib/dia_e2e/qmaxcutC_18_4.txt,didx_sym,10,26.027
AMORTCSV,/mnt/beegfs/ysu34/hamlib/dia_e2e/qmaxcutC_18_4.txt,didx_sym,100,28.579
AMORTCSV,/mnt/beegfs/ysu34/hamlib/dia_e2e/qmaxcutC_18_4.txt,didx_sym,1000,51.515
AMORTCSV,/mnt/beegfs/ysu34/hamlib/dia_e2e/qmaxcutC_18_4.txt,didx_sym,10000,281.996
AMORTCSV,/mnt/beegfs/ysu34/hamlib/dia_e2e/qmaxcutK_18_4.txt,didx,1,11.052
AMORTCSV,/mnt/beegfs/ysu34/hamlib/dia_e2e/qmaxcutK_18_4.txt,didx,10,11.050
AMORTCSV,/mnt/beegfs/ysu34/hamlib/dia_e2e/qmaxcutK_18_4.txt,didx,100,12.014
AMORTCSV,/mnt/beegfs/ysu34/hamlib/dia_e2e/qmaxcutK_18_4.txt,didx,1000,19.803
AMORTCSV,/mnt/beegfs/ysu34/hamlib/dia_e2e/qmaxcutK_18_4.txt,didx,10000,98.361
AMORTCSV,/mnt/beegfs/ysu34/hamlib/dia_e2e/qmaxcutK_18_4.txt,didx_sym,1,7.534
AMORTCSV,/mnt/beegfs/ysu34/hamlib/dia_e2e/qmaxcutK_18_4.txt,didx_sym,10,7.553
AMORTCSV,/mnt/beegfs/ysu34/hamlib/dia_e2e/qmaxcutK_18_4.txt,didx_sym,100,8.426
AMORTCSV,/mnt/beegfs/ysu34/hamlib/dia_e2e/qmaxcutK_18_4.txt,didx_sym,1000,17.017
AMORTCSV,/mnt/beegfs/ysu34/hamlib/dia_e2e/qmaxcutK_18_4.txt,didx_sym,10000,104.881
AMORTCSV,/mnt/beegfs/ysu34/hamlib/dia_e2e/qmaxcutR_18_3.txt,didx,1,5.269
AMORTCSV,/mnt/beegfs/ysu34/hamlib/dia_e2e/qmaxcutR_18_3.txt,didx,10,5.277
AMORTCSV,/mnt/beegfs/ysu34/hamlib/dia_e2e/qmaxcutR_18_3.txt,didx,100,5.790
AMORTCSV,/mnt/beegfs/ysu34/hamlib/dia_e2e/qmaxcutR_18_3.txt,didx,1000,11.885
AMORTCSV,/mnt/beegfs/ysu34/hamlib/dia_e2e/qmaxcutR_18_3.txt,didx,10000,72.529
AMORTCSV,/mnt/beegfs/ysu34/hamlib/dia_e2e/qmaxcutR_18_3.txt,didx_sym,1,3.641
AMORTCSV,/mnt/beegfs/ysu34/hamlib/dia_e2e/qmaxcutR_18_3.txt,didx_sym,10,3.648
AMORTCSV,/mnt/beegfs/ysu34/hamlib/dia_e2e/qmaxcutR_18_3.txt,didx_sym,100,4.197
AMORTCSV,/mnt/beegfs/ysu34/hamlib/dia_e2e/qmaxcutR_18_3.txt,didx_sym,1000,11.214
AMORTCSV,/mnt/beegfs/ysu34/hamlib/dia_e2e/qmaxcutR_18_3.txt,didx_sym,10000,80.880
AMORTCSV,/mnt/beegfs/ysu34/hamlib/dia_e2e/tfim_16_4.txt,didx,1,6.408
AMORTCSV,/mnt/beegfs/ysu34/hamlib/dia_e2e/tfim_16_4.txt,didx,10,5.847
AMORTCSV,/mnt/beegfs/ysu34/hamlib/dia_e2e/tfim_16_4.txt,didx,100,6.638
AMORTCSV,/mnt/beegfs/ysu34/hamlib/dia_e2e/tfim_16_4.txt,didx,1000,12.996
AMORTCSV,/mnt/beegfs/ysu34/hamlib/dia_e2e/tfim_16_4.txt,didx,10000,78.078
AMORTCSV,/mnt/beegfs/ysu34/hamlib/dia_e2e/tfim_16_4.txt,didx_sym,1,3.341
AMORTCSV,/mnt/beegfs/ysu34/hamlib/dia_e2e/tfim_16_4.txt,didx_sym,10,3.298
AMORTCSV,/mnt/beegfs/ysu34/hamlib/dia_e2e/tfim_16_4.txt,didx_sym,100,3.954
AMORTCSV,/mnt/beegfs/ysu34/hamlib/dia_e2e/tfim_16_4.txt,didx_sym,1000,10.004
AMORTCSV,/mnt/beegfs/ysu34/hamlib/dia_e2e/tfim_16_4.txt,didx_sym,10000,71.196
AMORTCSV,/mnt/beegfs/ysu34/hamlib/dia_e2e/tfim_16_5.txt,didx,1,6.374
AMORTCSV,/mnt/beegfs/ysu34/hamlib/dia_e2e/tfim_16_5.txt,didx,10,5.853
AMORTCSV,/mnt/beegfs/ysu34/hamlib/dia_e2e/tfim_16_5.txt,didx,100,6.568
AMORTCSV,/mnt/beegfs/ysu34/hamlib/dia_e2e/tfim_16_5.txt,didx,1000,12.979
AMORTCSV,/mnt/beegfs/ysu34/hamlib/dia_e2e/tfim_16_5.txt,didx,10000,78.365
AMORTCSV,/mnt/beegfs/ysu34/hamlib/dia_e2e/tfim_16_5.txt,didx_sym,1,3.230
AMORTCSV,/mnt/beegfs/ysu34/hamlib/dia_e2e/tfim_16_5.txt,didx_sym,10,3.235
AMORTCSV,/mnt/beegfs/ysu34/hamlib/dia_e2e/tfim_16_5.txt,didx_sym,100,3.847
AMORTCSV,/mnt/beegfs/ysu34/hamlib/dia_e2e/tfim_16_5.txt,didx_sym,1000,9.939
AMORTCSV,/mnt/beegfs/ysu34/hamlib/dia_e2e/tfim_16_5.txt,didx_sym,10000,70.746
AMORTCSV,/mnt/beegfs/ysu34/hamlib/dia_e2e/tfim_18_4.txt,didx,1,47.408
AMORTCSV,/mnt/beegfs/ysu34/hamlib/dia_e2e/tfim_18_4.txt,didx,10,46.434
AMORTCSV,/mnt/beegfs/ysu34/hamlib/dia_e2e/tfim_18_4.txt,didx,100,48.622
AMORTCSV,/mnt/beegfs/ysu34/hamlib/dia_e2e/tfim_18_4.txt,didx,1000,68.344
AMORTCSV,/mnt/beegfs/ysu34/hamlib/dia_e2e/tfim_18_4.txt,didx,10000,266.541
AMORTCSV,/mnt/beegfs/ysu34/hamlib/dia_e2e/tfim_18_4.txt,didx_sym,1,15.209
AMORTCSV,/mnt/beegfs/ysu34/hamlib/dia_e2e/tfim_18_4.txt,didx_sym,10,14.926
AMORTCSV,/mnt/beegfs/ysu34/hamlib/dia_e2e/tfim_18_4.txt,didx_sym,100,16.425
AMORTCSV,/mnt/beegfs/ysu34/hamlib/dia_e2e/tfim_18_4.txt,didx_sym,1000,30.479
AMORTCSV,/mnt/beegfs/ysu34/hamlib/dia_e2e/tfim_18_4.txt,didx_sym,10000,170.068
AMORTCSV,/mnt/beegfs/ysu34/hamlib/dia_e2e/tfim_18_5.txt,didx,1,47.653
AMORTCSV,/mnt/beegfs/ysu34/hamlib/dia_e2e/tfim_18_5.txt,didx,10,46.567
AMORTCSV,/mnt/beegfs/ysu34/hamlib/dia_e2e/tfim_18_5.txt,didx,100,48.771
AMORTCSV,/mnt/beegfs/ysu34/hamlib/dia_e2e/tfim_18_5.txt,didx,1000,68.755
AMORTCSV,/mnt/beegfs/ysu34/hamlib/dia_e2e/tfim_18_5.txt,didx,10000,267.151
AMORTCSV,/mnt/beegfs/ysu34/hamlib/dia_e2e/tfim_18_5.txt,didx_sym,1,14.872
AMORTCSV,/mnt/beegfs/ysu34/hamlib/dia_e2e/tfim_18_5.txt,didx_sym,10,14.970
AMORTCSV,/mnt/beegfs/ysu34/hamlib/dia_e2e/tfim_18_5.txt,didx_sym,100,16.336
AMORTCSV,/mnt/beegfs/ysu34/hamlib/dia_e2e/tfim_18_5.txt,didx_sym,1000,30.361
AMORTCSV,/mnt/beegfs/ysu34/hamlib/dia_e2e/tfim_18_5.txt,didx_sym,10000,170.134
AMORTCSV,/mnt/beegfs/ysu34/hamlib/dia_e2e/tfim_20_5.txt,didx,1,228.936
AMORTCSV,/mnt/beegfs/ysu34/hamlib/dia_e2e/tfim_20_5.txt,didx,10,228.025
AMORTCSV,/mnt/beegfs/ysu34/hamlib/dia_e2e/tfim_20_5.txt,didx,100,238.342
AMORTCSV,/mnt/beegfs/ysu34/hamlib/dia_e2e/tfim_20_5.txt,didx,1000,333.738
AMORTCSV,/mnt/beegfs/ysu34/hamlib/dia_e2e/tfim_20_5.txt,didx,10000,1293.185
AMORTCSV,/mnt/beegfs/ysu34/hamlib/dia_e2e/tfim_20_5.txt,didx_sym,1,80.462
AMORTCSV,/mnt/beegfs/ysu34/hamlib/dia_e2e/tfim_20_5.txt,didx_sym,10,79.960
AMORTCSV,/mnt/beegfs/ysu34/hamlib/dia_e2e/tfim_20_5.txt,didx_sym,100,86.282
AMORTCSV,/mnt/beegfs/ysu34/hamlib/dia_e2e/tfim_20_5.txt,didx_sym,1000,154.982
AMORTCSV,/mnt/beegfs/ysu34/hamlib/dia_e2e/tfim_20_5.txt,didx_sym,10000,844.275
AMORTCSV,/mnt/beegfs/ysu34/hamlib/dia_e2e/tsp_18_4.txt,didx,1,1.304
AMORTCSV,/mnt/beegfs/ysu34/hamlib/dia_e2e/tsp_18_4.txt,didx,10,1.297
AMORTCSV,/mnt/beegfs/ysu34/hamlib/dia_e2e/tsp_18_4.txt,didx,100,1.723
AMORTCSV,/mnt/beegfs/ysu34/hamlib/dia_e2e/tsp_18_4.txt,didx,1000,5.871
AMORTCSV,/mnt/beegfs/ysu34/hamlib/dia_e2e/tsp_18_4.txt,didx,10000,47.635
AMORTCSV,/mnt/beegfs/ysu34/hamlib/dia_e2e/tsp_18_4.txt,didx_sym,1,1.181
AMORTCSV,/mnt/beegfs/ysu34/hamlib/dia_e2e/tsp_18_4.txt,didx_sym,10,1.245
AMORTCSV,/mnt/beegfs/ysu34/hamlib/dia_e2e/tsp_18_4.txt,didx_sym,100,1.638
AMORTCSV,/mnt/beegfs/ysu34/hamlib/dia_e2e/tsp_18_4.txt,didx_sym,1000,5.914
AMORTCSV,/mnt/beegfs/ysu34/hamlib/dia_e2e/tsp_18_4.txt,didx_sym,10000,48.405
AMORTCSV,/mnt/beegfs/ysu34/hamlib/dia_e2e/vibbf3_18_3.txt,didx,1,7.103
AMORTCSV,/mnt/beegfs/ysu34/hamlib/dia_e2e/vibbf3_18_3.txt,didx,10,7.225
AMORTCSV,/mnt/beegfs/ysu34/hamlib/dia_e2e/vibbf3_18_3.txt,didx,100,7.782
AMORTCSV,/mnt/beegfs/ysu34/hamlib/dia_e2e/vibbf3_18_3.txt,didx,1000,14.220
AMORTCSV,/mnt/beegfs/ysu34/hamlib/dia_e2e/vibbf3_18_3.txt,didx,10000,77.762
AMORTCSV,/mnt/beegfs/ysu34/hamlib/dia_e2e/vibbf3_18_3.txt,didx_sym,1,4.621
AMORTCSV,/mnt/beegfs/ysu34/hamlib/dia_e2e/vibbf3_18_3.txt,didx_sym,10,4.524
AMORTCSV,/mnt/beegfs/ysu34/hamlib/dia_e2e/vibbf3_18_3.txt,didx_sym,100,5.243
AMORTCSV,/mnt/beegfs/ysu34/hamlib/dia_e2e/vibbf3_18_3.txt,didx_sym,1000,12.345
AMORTCSV,/mnt/beegfs/ysu34/hamlib/dia_e2e/vibbf3_18_3.txt,didx_sym,10000,83.830
AMORTCSV,/mnt/beegfs/ysu34/hamlib/dia_suitesparse/atmosmodd.txt,didx,1,38.409
AMORTCSV,/mnt/beegfs/ysu34/hamlib/dia_suitesparse/atmosmodd.txt,didx,10,38.857
AMORTCSV,/mnt/beegfs/ysu34/hamlib/dia_suitesparse/atmosmodd.txt,didx,100,43.175
AMORTCSV,/mnt/beegfs/ysu34/hamlib/dia_suitesparse/atmosmodd.txt,didx,1000,85.842
AMORTCSV,/mnt/beegfs/ysu34/hamlib/dia_suitesparse/atmosmodd.txt,didx,10000,513.337
AMORTCSV,/mnt/beegfs/ysu34/hamlib/dia_suitesparse/ecology2.txt,didx,1,22.277
AMORTCSV,/mnt/beegfs/ysu34/hamlib/dia_suitesparse/ecology2.txt,didx,10,22.693
AMORTCSV,/mnt/beegfs/ysu34/hamlib/dia_suitesparse/ecology2.txt,didx,100,25.467
AMORTCSV,/mnt/beegfs/ysu34/hamlib/dia_suitesparse/ecology2.txt,didx,1000,53.101
AMORTCSV,/mnt/beegfs/ysu34/hamlib/dia_suitesparse/ecology2.txt,didx,10000,327.995
AMORTCSV,/mnt/beegfs/ysu34/hamlib/dia_suitesparse/ecology2.txt,didx_sym,1,14.546
AMORTCSV,/mnt/beegfs/ysu34/hamlib/dia_suitesparse/ecology2.txt,didx_sym,10,14.650
AMORTCSV,/mnt/beegfs/ysu34/hamlib/dia_suitesparse/ecology2.txt,didx_sym,100,16.914
AMORTCSV,/mnt/beegfs/ysu34/hamlib/dia_suitesparse/ecology2.txt,didx_sym,1000,37.504
AMORTCSV,/mnt/beegfs/ysu34/hamlib/dia_suitesparse/ecology2.txt,didx_sym,10000,245.872
AMORTCSV,/mnt/beegfs/ysu34/hamlib/dia_suitesparse/Lin.txt,didx,1,6.164
AMORTCSV,/mnt/beegfs/ysu34/hamlib/dia_suitesparse/Lin.txt,didx,10,6.200
AMORTCSV,/mnt/beegfs/ysu34/hamlib/dia_suitesparse/Lin.txt,didx,100,6.927
AMORTCSV,/mnt/beegfs/ysu34/hamlib/dia_suitesparse/Lin.txt,didx,1000,14.168
AMORTCSV,/mnt/beegfs/ysu34/hamlib/dia_suitesparse/Lin.txt,didx,10000,87.474
AMORTCSV,/mnt/beegfs/ysu34/hamlib/dia_suitesparse/Lin.txt,didx_sym,1,4.046
AMORTCSV,/mnt/beegfs/ysu34/hamlib/dia_suitesparse/Lin.txt,didx_sym,10,4.016
AMORTCSV,/mnt/beegfs/ysu34/hamlib/dia_suitesparse/Lin.txt,didx_sym,100,4.626
AMORTCSV,/mnt/beegfs/ysu34/hamlib/dia_suitesparse/Lin.txt,didx_sym,1000,11.621
AMORTCSV,/mnt/beegfs/ysu34/hamlib/dia_suitesparse/Lin.txt,didx_sym,10000,82.200
