AMORTSPMSPM,/mnt/beegfs/ysu34/hamlib/dia_e2e/BH_20_7.txt,ours_flat,1,144.976
AMORTSPMSPM,/mnt/beegfs/ysu34/hamlib/dia_e2e/BH_20_7.txt,ours_flat,3,457.611
AMORTSPMSPM,/mnt/beegfs/ysu34/hamlib/dia_e2e/BH_20_7.txt,ours_flat,10,814.998
AMORTSPMSPM,/mnt/beegfs/ysu34/hamlib/dia_e2e/BH_20_7.txt,ours_flat,30,1837.281
AMORTSPMSPM,/mnt/beegfs/ysu34/hamlib/dia_e2e/BH_20_7.txt,ours_flat,100,5410.426
AMORTSPMSPM,/mnt/beegfs/ysu34/hamlib/dia_e2e/BH_20_7.txt,ours_sym,1,296.280
AMORTSPMSPM,/mnt/beegfs/ysu34/hamlib/dia_e2e/BH_20_7.txt,ours_sym,3,360.200
AMORTSPMSPM,/mnt/beegfs/ysu34/hamlib/dia_e2e/BH_20_7.txt,ours_sym,10,527.077
AMORTSPMSPM,/mnt/beegfs/ysu34/hamlib/dia_e2e/BH_20_7.txt,ours_sym,30,1120.951
AMORTSPMSPM,/mnt/beegfs/ysu34/hamlib/dia_e2e/BH_20_7.txt,ours_sym,100,3199.757
AMORTSPMSPM,/mnt/beegfs/ysu34/hamlib/dia_e2e/bhc_16_7.txt,ours_flat,1,9.286
AMORTSPMSPM,/mnt/beegfs/ysu34/hamlib/dia_e2e/bhc_16_7.txt,ours_flat,3,19.663
AMORTSPMSPM,/mnt/beegfs/ysu34/hamlib/dia_e2e/bhc_16_7.txt,ours_flat,10,30.695
AMORTSPMSPM,/mnt/beegfs/ysu34/hamlib/dia_e2e/bhc_16_7.txt,ours_flat,30,62.241
AMORTSPMSPM,/mnt/beegfs/ysu34/hamlib/dia_e2e/bhc_16_7.txt,ours_flat,100,172.452
AMORTSPMSPM,/mnt/beegfs/ysu34/hamlib/dia_e2e/bhc_16_7.txt,ours_sym,1,13.609
AMORTSPMSPM,/mnt/beegfs/ysu34/hamlib/dia_e2e/bhc_16_7.txt,ours_sym,3,10.918
AMORTSPMSPM,/mnt/beegfs/ysu34/hamlib/dia_e2e/bhc_16_7.txt,ours_sym,10,16.764
AMORTSPMSPM,/mnt/beegfs/ysu34/hamlib/dia_e2e/bhc_16_7.txt,ours_sym,30,33.363
AMORTSPMSPM,/mnt/beegfs/ysu34/hamlib/dia_e2e/bhc_16_7.txt,ours_sym,100,91.474
AMORTSPMSPM,/mnt/beegfs/ysu34/hamlib/dia_e2e/bhc_18_7.txt,ours_flat,1,33.991
AMORTSPMSPM,/mnt/beegfs/ysu34/hamlib/dia_e2e/bhc_18_7.txt,ours_flat,3,102.071
AMORTSPMSPM,/mnt/beegfs/ysu34/hamlib/dia_e2e/bhc_18_7.txt,ours_flat,10,168.407
AMORTSPMSPM,/mnt/beegfs/ysu34/hamlib/dia_e2e/bhc_18_7.txt,ours_flat,30,358.161
AMORTSPMSPM,/mnt/beegfs/ysu34/hamlib/dia_e2e/bhc_18_7.txt,ours_flat,100,1022.055
AMORTSPMSPM,/mnt/beegfs/ysu34/hamlib/dia_e2e/bhc_18_7.txt,ours_sym,1,67.856
AMORTSPMSPM,/mnt/beegfs/ysu34/hamlib/dia_e2e/bhc_18_7.txt,ours_sym,3,63.225
AMORTSPMSPM,/mnt/beegfs/ysu34/hamlib/dia_e2e/bhc_18_7.txt,ours_sym,10,97.801
AMORTSPMSPM,/mnt/beegfs/ysu34/hamlib/dia_e2e/bhc_18_7.txt,ours_sym,30,204.695
AMORTSPMSPM,/mnt/beegfs/ysu34/hamlib/dia_e2e/bhc_18_7.txt,ours_sym,100,578.511
AMORTSPMSPM,/mnt/beegfs/ysu34/hamlib/dia_e2e/bhD1_18_7.txt,ours_flat,1,32.930
AMORTSPMSPM,/mnt/beegfs/ysu34/hamlib/dia_e2e/bhD1_18_7.txt,ours_flat,3,102.011
AMORTSPMSPM,/mnt/beegfs/ysu34/hamlib/dia_e2e/bhD1_18_7.txt,ours_flat,10,168.481
AMORTSPMSPM,/mnt/beegfs/ysu34/hamlib/dia_e2e/bhD1_18_7.txt,ours_flat,30,358.182
AMORTSPMSPM,/mnt/beegfs/ysu34/hamlib/dia_e2e/bhD1_18_7.txt,ours_flat,100,1022.007
AMORTSPMSPM,/mnt/beegfs/ysu34/hamlib/dia_e2e/bhD1_18_7.txt,ours_sym,1,67.783
AMORTSPMSPM,/mnt/beegfs/ysu34/hamlib/dia_e2e/bhD1_18_7.txt,ours_sym,3,63.266
AMORTSPMSPM,/mnt/beegfs/ysu34/hamlib/dia_e2e/bhD1_18_7.txt,ours_sym,10,97.845
AMORTSPMSPM,/mnt/beegfs/ysu34/hamlib/dia_e2e/bhD1_18_7.txt,ours_sym,30,204.646
AMORTSPMSPM,/mnt/beegfs/ysu34/hamlib/dia_e2e/bhD1_18_7.txt,ours_sym,100,578.625
AMORTSPMSPM,/mnt/beegfs/ysu34/hamlib/dia_e2e/C2c_18_4.txt,ours_flat,1,OOM
AMORTSPMSPM,/mnt/beegfs/ysu34/hamlib/dia_e2e/C2c_18_4.txt,ours_sym,1,OOM
AMORTSPMSPM,/mnt/beegfs/ysu34/hamlib/dia_e2e/fermi_16_5.txt,ours_flat,1,2.000
AMORTSPMSPM,/mnt/beegfs/ysu34/hamlib/dia_e2e/fermi_16_5.txt,ours_flat,3,3.475
AMORTSPMSPM,/mnt/beegfs/ysu34/hamlib/dia_e2e/fermi_16_5.txt,ours_flat,10,4.793
AMORTSPMSPM,/mnt/beegfs/ysu34/hamlib/dia_e2e/fermi_16_5.txt,ours_flat,30,8.526
AMORTSPMSPM,/mnt/beegfs/ysu34/hamlib/dia_e2e/fermi_16_5.txt,ours_flat,100,21.606
AMORTSPMSPM,/mnt/beegfs/ysu34/hamlib/dia_e2e/fermi_16_5.txt,ours_sym,1,2.537
AMORTSPMSPM,/mnt/beegfs/ysu34/hamlib/dia_e2e/fermi_16_5.txt,ours_sym,3,2.201
AMORTSPMSPM,/mnt/beegfs/ysu34/hamlib/dia_e2e/fermi_16_5.txt,ours_sym,10,2.995
AMORTSPMSPM,/mnt/beegfs/ysu34/hamlib/dia_e2e/fermi_16_5.txt,ours_sym,30,5.464
AMORTSPMSPM,/mnt/beegfs/ysu34/hamlib/dia_e2e/fermi_16_5.txt,ours_sym,100,14.006
AMORTSPMSPM,/mnt/beegfs/ysu34/hamlib/dia_e2e/fermi_18_5.txt,ours_flat,1,6.482
AMORTSPMSPM,/mnt/beegfs/ysu34/hamlib/dia_e2e/fermi_18_5.txt,ours_flat,3,18.256
AMORTSPMSPM,/mnt/beegfs/ysu34/hamlib/dia_e2e/fermi_18_5.txt,ours_flat,10,26.691
AMORTSPMSPM,/mnt/beegfs/ysu34/hamlib/dia_e2e/fermi_18_5.txt,ours_flat,30,50.699
AMORTSPMSPM,/mnt/beegfs/ysu34/hamlib/dia_e2e/fermi_18_5.txt,ours_flat,100,134.570
AMORTSPMSPM,/mnt/beegfs/ysu34/hamlib/dia_e2e/fermi_18_5.txt,ours_sym,1,12.797
AMORTSPMSPM,/mnt/beegfs/ysu34/hamlib/dia_e2e/fermi_18_5.txt,ours_sym,3,11.107
AMORTSPMSPM,/mnt/beegfs/ysu34/hamlib/dia_e2e/fermi_18_5.txt,ours_sym,10,15.885
AMORTSPMSPM,/mnt/beegfs/ysu34/hamlib/dia_e2e/fermi_18_5.txt,ours_sym,30,29.614
AMORTSPMSPM,/mnt/beegfs/ysu34/hamlib/dia_e2e/fermi_18_5.txt,ours_sym,100,77.472
AMORTSPMSPM,/mnt/beegfs/ysu34/hamlib/dia_e2e/fermi_20_5.txt,ours_flat,1,28.384
AMORTSPMSPM,/mnt/beegfs/ysu34/hamlib/dia_e2e/fermi_20_5.txt,ours_flat,3,90.811
AMORTSPMSPM,/mnt/beegfs/ysu34/hamlib/dia_e2e/fermi_20_5.txt,ours_flat,10,134.473
AMORTSPMSPM,/mnt/beegfs/ysu34/hamlib/dia_e2e/fermi_20_5.txt,ours_flat,30,258.879
AMORTSPMSPM,/mnt/beegfs/ysu34/hamlib/dia_e2e/fermi_20_5.txt,ours_flat,100,694.589
AMORTSPMSPM,/mnt/beegfs/ysu34/hamlib/dia_e2e/fermi_20_5.txt,ours_sym,1,63.930
AMORTSPMSPM,/mnt/beegfs/ysu34/hamlib/dia_e2e/fermi_20_5.txt,ours_sym,3,54.587
AMORTSPMSPM,/mnt/beegfs/ysu34/hamlib/dia_e2e/fermi_20_5.txt,ours_sym,10,80.752
AMORTSPMSPM,/mnt/beegfs/ysu34/hamlib/dia_e2e/fermi_20_5.txt,ours_sym,30,156.319
AMORTSPMSPM,/mnt/beegfs/ysu34/hamlib/dia_e2e/fermi_20_5.txt,ours_sym,100,419.588
AMORTSPMSPM,/mnt/beegfs/ysu34/hamlib/dia_e2e/fermiFH_18_4.txt,ours_flat,1,16.536
AMORTSPMSPM,/mnt/beegfs/ysu34/hamlib/dia_e2e/fermiFH_18_4.txt,ours_flat,3,55.458
AMORTSPMSPM,/mnt/beegfs/ysu34/hamlib/dia_e2e/fermiFH_18_4.txt,ours_flat,10,86.353
AMORTSPMSPM,/mnt/beegfs/ysu34/hamlib/dia_e2e/fermiFH_18_4.txt,ours_flat,30,174.244
AMORTSPMSPM,/mnt/beegfs/ysu34/hamlib/dia_e2e/fermiFH_18_4.txt,ours_flat,100,481.824
AMORTSPMSPM,/mnt/beegfs/ysu34/hamlib/dia_e2e/fermiFH_18_4.txt,ours_sym,1,39.715
AMORTSPMSPM,/mnt/beegfs/ysu34/hamlib/dia_e2e/fermiFH_18_4.txt,ours_sym,3,31.724
AMORTSPMSPM,/mnt/beegfs/ysu34/hamlib/dia_e2e/fermiFH_18_4.txt,ours_sym,10,49.048
AMORTSPMSPM,/mnt/beegfs/ysu34/hamlib/dia_e2e/fermiFH_18_4.txt,ours_sym,30,98.575
AMORTSPMSPM,/mnt/beegfs/ysu34/hamlib/dia_e2e/fermiFH_18_4.txt,ours_sym,100,271.593
AMORTSPMSPM,/mnt/beegfs/ysu34/hamlib/dia_e2e/H8c_16_4.txt,ours_flat,1,16886.932
AMORTSPMSPM,/mnt/beegfs/ysu34/hamlib/dia_e2e/H8c_16_4.txt,ours_flat,3,33377.048
AMORTSPMSPM,/mnt/beegfs/ysu34/hamlib/dia_e2e/H8c_16_4.txt,ours_flat,10,90976.738
AMORTSPMSPM,/mnt/beegfs/ysu34/hamlib/dia_e2e/H8c_16_4.txt,ours_flat,30,255460.470
AMORTSPMSPM,/mnt/beegfs/ysu34/hamlib/dia_e2e/H8c_16_4.txt,ours_flat,100,831370.360
AMORTSPMSPM,/mnt/beegfs/ysu34/hamlib/dia_e2e/H8c_16_4.txt,ours_sym,1,5067.899
AMORTSPMSPM,/mnt/beegfs/ysu34/hamlib/dia_e2e/H8c_16_4.txt,ours_sym,3,13425.197
AMORTSPMSPM,/mnt/beegfs/ysu34/hamlib/dia_e2e/H8c_16_4.txt,ours_sym,10,42670.047
AMORTSPMSPM,/mnt/beegfs/ysu34/hamlib/dia_e2e/H8c_16_4.txt,ours_sym,30,126272.128
AMORTSPMSPM,/mnt/beegfs/ysu34/hamlib/dia_e2e/H8c_16_4.txt,ours_sym,100,418822.640
AMORTSPMSPM,/mnt/beegfs/ysu34/hamlib/dia_e2e/heis_16_5.txt,ours_flat,1,2.183
AMORTSPMSPM,/mnt/beegfs/ysu34/hamlib/dia_e2e/heis_16_5.txt,ours_flat,3,3.924
AMORTSPMSPM,/mnt/beegfs/ysu34/hamlib/dia_e2e/heis_16_5.txt,ours_flat,10,5.349
AMORTSPMSPM,/mnt/beegfs/ysu34/hamlib/dia_e2e/heis_16_5.txt,ours_flat,30,9.644
AMORTSPMSPM,/mnt/beegfs/ysu34/hamlib/dia_e2e/heis_16_5.txt,ours_flat,100,24.555
AMORTSPMSPM,/mnt/beegfs/ysu34/hamlib/dia_e2e/heis_16_5.txt,ours_sym,1,2.792
AMORTSPMSPM,/mnt/beegfs/ysu34/hamlib/dia_e2e/heis_16_5.txt,ours_sym,3,2.450
AMORTSPMSPM,/mnt/beegfs/ysu34/hamlib/dia_e2e/heis_16_5.txt,ours_sym,10,3.401
AMORTSPMSPM,/mnt/beegfs/ysu34/hamlib/dia_e2e/heis_16_5.txt,ours_sym,30,6.140
AMORTSPMSPM,/mnt/beegfs/ysu34/hamlib/dia_e2e/heis_16_5.txt,ours_sym,100,15.786
AMORTSPMSPM,/mnt/beegfs/ysu34/hamlib/dia_e2e/heis_18_5.txt,ours_flat,1,7.570
AMORTSPMSPM,/mnt/beegfs/ysu34/hamlib/dia_e2e/heis_18_5.txt,ours_flat,3,20.298
AMORTSPMSPM,/mnt/beegfs/ysu34/hamlib/dia_e2e/heis_18_5.txt,ours_flat,10,29.869
AMORTSPMSPM,/mnt/beegfs/ysu34/hamlib/dia_e2e/heis_18_5.txt,ours_flat,30,56.912
AMORTSPMSPM,/mnt/beegfs/ysu34/hamlib/dia_e2e/heis_18_5.txt,ours_flat,100,151.294
AMORTSPMSPM,/mnt/beegfs/ysu34/hamlib/dia_e2e/heis_18_5.txt,ours_sym,1,14.328
AMORTSPMSPM,/mnt/beegfs/ysu34/hamlib/dia_e2e/heis_18_5.txt,ours_sym,3,12.270
AMORTSPMSPM,/mnt/beegfs/ysu34/hamlib/dia_e2e/heis_18_5.txt,ours_sym,10,17.639
AMORTSPMSPM,/mnt/beegfs/ysu34/hamlib/dia_e2e/heis_18_5.txt,ours_sym,30,33.087
AMORTSPMSPM,/mnt/beegfs/ysu34/hamlib/dia_e2e/heis_18_5.txt,ours_sym,100,86.867
AMORTSPMSPM,/mnt/beegfs/ysu34/hamlib/dia_e2e/heis_20_5.txt,ours_flat,1,30.623
AMORTSPMSPM,/mnt/beegfs/ysu34/hamlib/dia_e2e/heis_20_5.txt,ours_flat,3,99.789
AMORTSPMSPM,/mnt/beegfs/ysu34/hamlib/dia_e2e/heis_20_5.txt,ours_flat,10,148.392
AMORTSPMSPM,/mnt/beegfs/ysu34/hamlib/dia_e2e/heis_20_5.txt,ours_flat,30,287.042
AMORTSPMSPM,/mnt/beegfs/ysu34/hamlib/dia_e2e/heis_20_5.txt,ours_flat,100,772.126
AMORTSPMSPM,/mnt/beegfs/ysu34/hamlib/dia_e2e/heis_20_5.txt,ours_sym,1,70.672
AMORTSPMSPM,/mnt/beegfs/ysu34/hamlib/dia_e2e/heis_20_5.txt,ours_sym,3,59.619
AMORTSPMSPM,/mnt/beegfs/ysu34/hamlib/dia_e2e/heis_20_5.txt,ours_sym,10,88.894
AMORTSPMSPM,/mnt/beegfs/ysu34/hamlib/dia_e2e/heis_20_5.txt,ours_sym,30,172.823
AMORTSPMSPM,/mnt/beegfs/ysu34/hamlib/dia_e2e/heis_20_5.txt,ours_sym,100,465.693
AMORTSPMSPM,/mnt/beegfs/ysu34/hamlib/dia_e2e/heis_20_6.txt,ours_flat,1,30.670
AMORTSPMSPM,/mnt/beegfs/ysu34/hamlib/dia_e2e/heis_20_6.txt,ours_flat,3,99.801
AMORTSPMSPM,/mnt/beegfs/ysu34/hamlib/dia_e2e/heis_20_6.txt,ours_flat,10,148.445
AMORTSPMSPM,/mnt/beegfs/ysu34/hamlib/dia_e2e/heis_20_6.txt,ours_flat,30,287.122
AMORTSPMSPM,/mnt/beegfs/ysu34/hamlib/dia_e2e/heis_20_6.txt,ours_flat,100,772.209
AMORTSPMSPM,/mnt/beegfs/ysu34/hamlib/dia_e2e/heis_20_6.txt,ours_sym,1,70.786
AMORTSPMSPM,/mnt/beegfs/ysu34/hamlib/dia_e2e/heis_20_6.txt,ours_sym,3,59.528
AMORTSPMSPM,/mnt/beegfs/ysu34/hamlib/dia_e2e/heis_20_6.txt,ours_sym,10,88.810
AMORTSPMSPM,/mnt/beegfs/ysu34/hamlib/dia_e2e/heis_20_6.txt,ours_sym,30,172.812
AMORTSPMSPM,/mnt/beegfs/ysu34/hamlib/dia_e2e/heis_20_6.txt,ours_sym,100,465.748
AMORTSPMSPM,/mnt/beegfs/ysu34/hamlib/dia_e2e/maxcut_16_5.txt,ours_flat,1,0.571
AMORTSPMSPM,/mnt/beegfs/ysu34/hamlib/dia_e2e/maxcut_16_5.txt,ours_flat,3,0.393
AMORTSPMSPM,/mnt/beegfs/ysu34/hamlib/dia_e2e/maxcut_16_5.txt,ours_flat,10,0.381
AMORTSPMSPM,/mnt/beegfs/ysu34/hamlib/dia_e2e/maxcut_16_5.txt,ours_flat,30,0.472
AMORTSPMSPM,/mnt/beegfs/ysu34/hamlib/dia_e2e/maxcut_16_5.txt,ours_flat,100,0.833
AMORTSPMSPM,/mnt/beegfs/ysu34/hamlib/dia_e2e/maxcut_16_5.txt,ours_sym,1,0.344
AMORTSPMSPM,/mnt/beegfs/ysu34/hamlib/dia_e2e/maxcut_16_5.txt,ours_sym,3,0.226
AMORTSPMSPM,/mnt/beegfs/ysu34/hamlib/dia_e2e/maxcut_16_5.txt,ours_sym,10,0.275
AMORTSPMSPM,/mnt/beegfs/ysu34/hamlib/dia_e2e/maxcut_16_5.txt,ours_sym,30,0.435
AMORTSPMSPM,/mnt/beegfs/ysu34/hamlib/dia_e2e/maxcut_16_5.txt,ours_sym,100,0.977
AMORTSPMSPM,/mnt/beegfs/ysu34/hamlib/dia_e2e/maxcut_18_5.txt,ours_flat,1,1.307
AMORTSPMSPM,/mnt/beegfs/ysu34/hamlib/dia_e2e/maxcut_18_5.txt,ours_flat,3,1.154
AMORTSPMSPM,/mnt/beegfs/ysu34/hamlib/dia_e2e/maxcut_18_5.txt,ours_flat,10,1.033
AMORTSPMSPM,/mnt/beegfs/ysu34/hamlib/dia_e2e/maxcut_18_5.txt,ours_flat,30,1.142
AMORTSPMSPM,/mnt/beegfs/ysu34/hamlib/dia_e2e/maxcut_18_5.txt,ours_flat,100,1.534
AMORTSPMSPM,/mnt/beegfs/ysu34/hamlib/dia_e2e/maxcut_18_5.txt,ours_sym,1,0.822
AMORTSPMSPM,/mnt/beegfs/ysu34/hamlib/dia_e2e/maxcut_18_5.txt,ours_sym,3,0.461
AMORTSPMSPM,/mnt/beegfs/ysu34/hamlib/dia_e2e/maxcut_18_5.txt,ours_sym,10,0.525
AMORTSPMSPM,/mnt/beegfs/ysu34/hamlib/dia_e2e/maxcut_18_5.txt,ours_sym,30,0.708
AMORTSPMSPM,/mnt/beegfs/ysu34/hamlib/dia_e2e/maxcut_18_5.txt,ours_sym,100,1.298
AMORTSPMSPM,/mnt/beegfs/ysu34/hamlib/dia_e2e/maxcut_20_5.txt,ours_flat,1,4.171
AMORTSPMSPM,/mnt/beegfs/ysu34/hamlib/dia_e2e/maxcut_20_5.txt,ours_flat,3,3.441
AMORTSPMSPM,/mnt/beegfs/ysu34/hamlib/dia_e2e/maxcut_20_5.txt,ours_flat,10,3.321
AMORTSPMSPM,/mnt/beegfs/ysu34/hamlib/dia_e2e/maxcut_20_5.txt,ours_flat,30,3.498
AMORTSPMSPM,/mnt/beegfs/ysu34/hamlib/dia_e2e/maxcut_20_5.txt,ours_flat,100,4.196
AMORTSPMSPM,/mnt/beegfs/ysu34/hamlib/dia_e2e/maxcut_20_5.txt,ours_sym,1,2.754
AMORTSPMSPM,/mnt/beegfs/ysu34/hamlib/dia_e2e/maxcut_20_5.txt,ours_sym,3,1.434
AMORTSPMSPM,/mnt/beegfs/ysu34/hamlib/dia_e2e/maxcut_20_5.txt,ours_sym,10,1.485
AMORTSPMSPM,/mnt/beegfs/ysu34/hamlib/dia_e2e/maxcut_20_5.txt,ours_sym,30,1.698
AMORTSPMSPM,/mnt/beegfs/ysu34/hamlib/dia_e2e/maxcut_20_5.txt,ours_sym,100,2.673
AMORTSPMSPM,/mnt/beegfs/ysu34/hamlib/dia_e2e/O2c_16_5.txt,ours_flat,1,829.269
AMORTSPMSPM,/mnt/beegfs/ysu34/hamlib/dia_e2e/O2c_16_5.txt,ours_flat,3,1090.880
AMORTSPMSPM,/mnt/beegfs/ysu34/hamlib/dia_e2e/O2c_16_5.txt,ours_flat,10,2013.355
AMORTSPMSPM,/mnt/beegfs/ysu34/hamlib/dia_e2e/O2c_16_5.txt,ours_flat,30,4646.275
AMORTSPMSPM,/mnt/beegfs/ysu34/hamlib/dia_e2e/O2c_16_5.txt,ours_flat,100,13870.166
AMORTSPMSPM,/mnt/beegfs/ysu34/hamlib/dia_e2e/O2c_16_5.txt,ours_sym,1,195.265
AMORTSPMSPM,/mnt/beegfs/ysu34/hamlib/dia_e2e/O2c_16_5.txt,ours_sym,3,271.060
AMORTSPMSPM,/mnt/beegfs/ysu34/hamlib/dia_e2e/O2c_16_5.txt,ours_sym,10,707.784
AMORTSPMSPM,/mnt/beegfs/ysu34/hamlib/dia_e2e/O2c_16_5.txt,ours_sym,30,1959.047
AMORTSPMSPM,/mnt/beegfs/ysu34/hamlib/dia_e2e/O2c_16_5.txt,ours_sym,100,6342.005
AMORTSPMSPM,/mnt/beegfs/ysu34/hamlib/dia_e2e/O2c_20_5.txt,ours_flat,1,OOM
AMORTSPMSPM,/mnt/beegfs/ysu34/hamlib/dia_e2e/O2c_20_5.txt,ours_sym,1,OOM
AMORTSPMSPM,/mnt/beegfs/ysu34/hamlib/dia_e2e/qmaxcut_16_4.txt,ours_flat,1,1.596
AMORTSPMSPM,/mnt/beegfs/ysu34/hamlib/dia_e2e/qmaxcut_16_4.txt,ours_flat,3,2.371
AMORTSPMSPM,/mnt/beegfs/ysu34/hamlib/dia_e2e/qmaxcut_16_4.txt,ours_flat,10,3.110
AMORTSPMSPM,/mnt/beegfs/ysu34/hamlib/dia_e2e/qmaxcut_16_4.txt,ours_flat,30,5.274
AMORTSPMSPM,/mnt/beegfs/ysu34/hamlib/dia_e2e/qmaxcut_16_4.txt,ours_flat,100,12.791
AMORTSPMSPM,/mnt/beegfs/ysu34/hamlib/dia_e2e/qmaxcut_16_4.txt,ours_sym,1,1.812
AMORTSPMSPM,/mnt/beegfs/ysu34/hamlib/dia_e2e/qmaxcut_16_4.txt,ours_sym,3,1.578
AMORTSPMSPM,/mnt/beegfs/ysu34/hamlib/dia_e2e/qmaxcut_16_4.txt,ours_sym,10,2.082
AMORTSPMSPM,/mnt/beegfs/ysu34/hamlib/dia_e2e/qmaxcut_16_4.txt,ours_sym,30,3.536
AMORTSPMSPM,/mnt/beegfs/ysu34/hamlib/dia_e2e/qmaxcut_16_4.txt,ours_sym,100,8.663
AMORTSPMSPM,/mnt/beegfs/ysu34/hamlib/dia_e2e/qmaxcut_18_4.txt,ours_flat,1,5.047
AMORTSPMSPM,/mnt/beegfs/ysu34/hamlib/dia_e2e/qmaxcut_18_4.txt,ours_flat,3,11.279
AMORTSPMSPM,/mnt/beegfs/ysu34/hamlib/dia_e2e/qmaxcut_18_4.txt,ours_flat,10,15.065
AMORTSPMSPM,/mnt/beegfs/ysu34/hamlib/dia_e2e/qmaxcut_18_4.txt,ours_flat,30,25.861
AMORTSPMSPM,/mnt/beegfs/ysu34/hamlib/dia_e2e/qmaxcut_18_4.txt,ours_flat,100,63.531
AMORTSPMSPM,/mnt/beegfs/ysu34/hamlib/dia_e2e/qmaxcut_18_4.txt,ours_sym,1,8.570
AMORTSPMSPM,/mnt/beegfs/ysu34/hamlib/dia_e2e/qmaxcut_18_4.txt,ours_sym,3,6.891
AMORTSPMSPM,/mnt/beegfs/ysu34/hamlib/dia_e2e/qmaxcut_18_4.txt,ours_sym,10,9.370
AMORTSPMSPM,/mnt/beegfs/ysu34/hamlib/dia_e2e/qmaxcut_18_4.txt,ours_sym,30,16.499
AMORTSPMSPM,/mnt/beegfs/ysu34/hamlib/dia_e2e/qmaxcut_18_4.txt,ours_sym,100,41.570
AMORTSPMSPM,/mnt/beegfs/ysu34/hamlib/dia_e2e/qmaxcut_20_4.txt,ours_flat,1,18.423
AMORTSPMSPM,/mnt/beegfs/ysu34/hamlib/dia_e2e/qmaxcut_20_4.txt,ours_flat,3,54.685
AMORTSPMSPM,/mnt/beegfs/ysu34/hamlib/dia_e2e/qmaxcut_20_4.txt,ours_flat,10,74.726
AMORTSPMSPM,/mnt/beegfs/ysu34/hamlib/dia_e2e/qmaxcut_20_4.txt,ours_flat,30,131.200
AMORTSPMSPM,/mnt/beegfs/ysu34/hamlib/dia_e2e/qmaxcut_20_4.txt,ours_flat,100,328.901
AMORTSPMSPM,/mnt/beegfs/ysu34/hamlib/dia_e2e/qmaxcut_20_4.txt,ours_sym,1,41.417
AMORTSPMSPM,/mnt/beegfs/ysu34/hamlib/dia_e2e/qmaxcut_20_4.txt,ours_sym,3,32.823
AMORTSPMSPM,/mnt/beegfs/ysu34/hamlib/dia_e2e/qmaxcut_20_4.txt,ours_sym,10,45.735
AMORTSPMSPM,/mnt/beegfs/ysu34/hamlib/dia_e2e/qmaxcut_20_4.txt,ours_sym,30,82.837
AMORTSPMSPM,/mnt/beegfs/ysu34/hamlib/dia_e2e/qmaxcut_20_4.txt,ours_sym,100,211.911
AMORTSPMSPM,/mnt/beegfs/ysu34/hamlib/dia_e2e/qmaxcutC_18_4.txt,ours_flat,1,20.419
AMORTSPMSPM,/mnt/beegfs/ysu34/hamlib/dia_e2e/qmaxcutC_18_4.txt,ours_flat,3,67.248
AMORTSPMSPM,/mnt/beegfs/ysu34/hamlib/dia_e2e/qmaxcutC_18_4.txt,ours_flat,10,105.422
AMORTSPMSPM,/mnt/beegfs/ysu34/hamlib/dia_e2e/qmaxcutC_18_4.txt,ours_flat,30,213.844
AMORTSPMSPM,/mnt/beegfs/ysu34/hamlib/dia_e2e/qmaxcutC_18_4.txt,ours_flat,100,593.693
AMORTSPMSPM,/mnt/beegfs/ysu34/hamlib/dia_e2e/qmaxcutC_18_4.txt,ours_sym,1,47.496
AMORTSPMSPM,/mnt/beegfs/ysu34/hamlib/dia_e2e/qmaxcutC_18_4.txt,ours_sym,3,38.113
AMORTSPMSPM,/mnt/beegfs/ysu34/hamlib/dia_e2e/qmaxcutC_18_4.txt,ours_sym,10,59.372
AMORTSPMSPM,/mnt/beegfs/ysu34/hamlib/dia_e2e/qmaxcutC_18_4.txt,ours_sym,30,120.319
AMORTSPMSPM,/mnt/beegfs/ysu34/hamlib/dia_e2e/qmaxcutC_18_4.txt,ours_sym,100,333.308
AMORTSPMSPM,/mnt/beegfs/ysu34/hamlib/dia_e2e/qmaxcutK_18_4.txt,ours_flat,1,3.924
AMORTSPMSPM,/mnt/beegfs/ysu34/hamlib/dia_e2e/qmaxcutK_18_4.txt,ours_flat,3,6.746
AMORTSPMSPM,/mnt/beegfs/ysu34/hamlib/dia_e2e/qmaxcutK_18_4.txt,ours_flat,10,9.304
AMORTSPMSPM,/mnt/beegfs/ysu34/hamlib/dia_e2e/qmaxcutK_18_4.txt,ours_flat,30,16.636
AMORTSPMSPM,/mnt/beegfs/ysu34/hamlib/dia_e2e/qmaxcutK_18_4.txt,ours_flat,100,42.175
AMORTSPMSPM,/mnt/beegfs/ysu34/hamlib/dia_e2e/qmaxcutK_18_4.txt,ours_sym,1,4.445
AMORTSPMSPM,/mnt/beegfs/ysu34/hamlib/dia_e2e/qmaxcutK_18_4.txt,ours_sym,3,4.530
AMORTSPMSPM,/mnt/beegfs/ysu34/hamlib/dia_e2e/qmaxcutK_18_4.txt,ours_sym,10,6.028
AMORTSPMSPM,/mnt/beegfs/ysu34/hamlib/dia_e2e/qmaxcutK_18_4.txt,ours_sym,30,10.428
AMORTSPMSPM,/mnt/beegfs/ysu34/hamlib/dia_e2e/qmaxcutK_18_4.txt,ours_sym,100,25.776
AMORTSPMSPM,/mnt/beegfs/ysu34/hamlib/dia_e2e/qmaxcutR_18_3.txt,ours_flat,1,2.226
AMORTSPMSPM,/mnt/beegfs/ysu34/hamlib/dia_e2e/qmaxcutR_18_3.txt,ours_flat,3,2.190
AMORTSPMSPM,/mnt/beegfs/ysu34/hamlib/dia_e2e/qmaxcutR_18_3.txt,ours_flat,10,2.645
AMORTSPMSPM,/mnt/beegfs/ysu34/hamlib/dia_e2e/qmaxcutR_18_3.txt,ours_flat,30,4.314
AMORTSPMSPM,/mnt/beegfs/ysu34/hamlib/dia_e2e/qmaxcutR_18_3.txt,ours_flat,100,10.082
AMORTSPMSPM,/mnt/beegfs/ysu34/hamlib/dia_e2e/qmaxcutR_18_3.txt,ours_sym,1,1.491
AMORTSPMSPM,/mnt/beegfs/ysu34/hamlib/dia_e2e/qmaxcutR_18_3.txt,ours_sym,3,1.574
AMORTSPMSPM,/mnt/beegfs/ysu34/hamlib/dia_e2e/qmaxcutR_18_3.txt,ours_sym,10,1.922
AMORTSPMSPM,/mnt/beegfs/ysu34/hamlib/dia_e2e/qmaxcutR_18_3.txt,ours_sym,30,2.918
AMORTSPMSPM,/mnt/beegfs/ysu34/hamlib/dia_e2e/qmaxcutR_18_3.txt,ours_sym,100,6.388
AMORTSPMSPM,/mnt/beegfs/ysu34/hamlib/dia_e2e/tfim_16_4.txt,ours_flat,1,2.247
AMORTSPMSPM,/mnt/beegfs/ysu34/hamlib/dia_e2e/tfim_16_4.txt,ours_flat,3,4.084
AMORTSPMSPM,/mnt/beegfs/ysu34/hamlib/dia_e2e/tfim_16_4.txt,ours_flat,10,5.665
AMORTSPMSPM,/mnt/beegfs/ysu34/hamlib/dia_e2e/tfim_16_4.txt,ours_flat,30,10.303
AMORTSPMSPM,/mnt/beegfs/ysu34/hamlib/dia_e2e/tfim_16_4.txt,ours_flat,100,26.296
AMORTSPMSPM,/mnt/beegfs/ysu34/hamlib/dia_e2e/tfim_16_4.txt,ours_sym,1,2.928
AMORTSPMSPM,/mnt/beegfs/ysu34/hamlib/dia_e2e/tfim_16_4.txt,ours_sym,3,2.580
AMORTSPMSPM,/mnt/beegfs/ysu34/hamlib/dia_e2e/tfim_16_4.txt,ours_sym,10,3.612
AMORTSPMSPM,/mnt/beegfs/ysu34/hamlib/dia_e2e/tfim_16_4.txt,ours_sym,30,6.541
AMORTSPMSPM,/mnt/beegfs/ysu34/hamlib/dia_e2e/tfim_16_4.txt,ours_sym,100,16.903
AMORTSPMSPM,/mnt/beegfs/ysu34/hamlib/dia_e2e/tfim_16_5.txt,ours_flat,1,2.283
AMORTSPMSPM,/mnt/beegfs/ysu34/hamlib/dia_e2e/tfim_16_5.txt,ours_flat,3,4.120
AMORTSPMSPM,/mnt/beegfs/ysu34/hamlib/dia_e2e/tfim_16_5.txt,ours_flat,10,5.682
AMORTSPMSPM,/mnt/beegfs/ysu34/hamlib/dia_e2e/tfim_16_5.txt,ours_flat,30,10.292
AMORTSPMSPM,/mnt/beegfs/ysu34/hamlib/dia_e2e/tfim_16_5.txt,ours_flat,100,26.313
AMORTSPMSPM,/mnt/beegfs/ysu34/hamlib/dia_e2e/tfim_16_5.txt,ours_sym,1,2.923
AMORTSPMSPM,/mnt/beegfs/ysu34/hamlib/dia_e2e/tfim_16_5.txt,ours_sym,3,2.589
AMORTSPMSPM,/mnt/beegfs/ysu34/hamlib/dia_e2e/tfim_16_5.txt,ours_sym,10,3.591
AMORTSPMSPM,/mnt/beegfs/ysu34/hamlib/dia_e2e/tfim_16_5.txt,ours_sym,30,6.554
AMORTSPMSPM,/mnt/beegfs/ysu34/hamlib/dia_e2e/tfim_16_5.txt,ours_sym,100,16.920
AMORTSPMSPM,/mnt/beegfs/ysu34/hamlib/dia_e2e/tfim_18_4.txt,ours_flat,1,7.411
AMORTSPMSPM,/mnt/beegfs/ysu34/hamlib/dia_e2e/tfim_18_4.txt,ours_flat,3,21.369
AMORTSPMSPM,/mnt/beegfs/ysu34/hamlib/dia_e2e/tfim_18_4.txt,ours_flat,10,31.594
AMORTSPMSPM,/mnt/beegfs/ysu34/hamlib/dia_e2e/tfim_18_4.txt,ours_flat,30,60.615
AMORTSPMSPM,/mnt/beegfs/ysu34/hamlib/dia_e2e/tfim_18_4.txt,ours_flat,100,161.857
AMORTSPMSPM,/mnt/beegfs/ysu34/hamlib/dia_e2e/tfim_18_4.txt,ours_sym,1,15.072
AMORTSPMSPM,/mnt/beegfs/ysu34/hamlib/dia_e2e/tfim_18_4.txt,ours_sym,3,12.891
AMORTSPMSPM,/mnt/beegfs/ysu34/hamlib/dia_e2e/tfim_18_4.txt,ours_sym,10,18.621
AMORTSPMSPM,/mnt/beegfs/ysu34/hamlib/dia_e2e/tfim_18_4.txt,ours_sym,30,35.129
AMORTSPMSPM,/mnt/beegfs/ysu34/hamlib/dia_e2e/tfim_18_4.txt,ours_sym,100,92.605
AMORTSPMSPM,/mnt/beegfs/ysu34/hamlib/dia_e2e/tfim_18_5.txt,ours_flat,1,7.364
AMORTSPMSPM,/mnt/beegfs/ysu34/hamlib/dia_e2e/tfim_18_5.txt,ours_flat,3,21.410
AMORTSPMSPM,/mnt/beegfs/ysu34/hamlib/dia_e2e/tfim_18_5.txt,ours_flat,10,31.654
AMORTSPMSPM,/mnt/beegfs/ysu34/hamlib/dia_e2e/tfim_18_5.txt,ours_flat,30,60.642
AMORTSPMSPM,/mnt/beegfs/ysu34/hamlib/dia_e2e/tfim_18_5.txt,ours_flat,100,161.870
AMORTSPMSPM,/mnt/beegfs/ysu34/hamlib/dia_e2e/tfim_18_5.txt,ours_sym,1,15.164
AMORTSPMSPM,/mnt/beegfs/ysu34/hamlib/dia_e2e/tfim_18_5.txt,ours_sym,3,12.960
AMORTSPMSPM,/mnt/beegfs/ysu34/hamlib/dia_e2e/tfim_18_5.txt,ours_sym,10,18.722
AMORTSPMSPM,/mnt/beegfs/ysu34/hamlib/dia_e2e/tfim_18_5.txt,ours_sym,30,35.224
AMORTSPMSPM,/mnt/beegfs/ysu34/hamlib/dia_e2e/tfim_18_5.txt,ours_sym,100,92.633
AMORTSPMSPM,/mnt/beegfs/ysu34/hamlib/dia_e2e/tfim_20_5.txt,ours_flat,1,31.859
AMORTSPMSPM,/mnt/beegfs/ysu34/hamlib/dia_e2e/tfim_20_5.txt,ours_flat,3,105.233
AMORTSPMSPM,/mnt/beegfs/ysu34/hamlib/dia_e2e/tfim_20_5.txt,ours_flat,10,156.861
AMORTSPMSPM,/mnt/beegfs/ysu34/hamlib/dia_e2e/tfim_20_5.txt,ours_flat,30,303.798
AMORTSPMSPM,/mnt/beegfs/ysu34/hamlib/dia_e2e/tfim_20_5.txt,ours_flat,100,818.593
AMORTSPMSPM,/mnt/beegfs/ysu34/hamlib/dia_e2e/tfim_20_5.txt,ours_sym,1,75.070
AMORTSPMSPM,/mnt/beegfs/ysu34/hamlib/dia_e2e/tfim_20_5.txt,ours_sym,3,62.893
AMORTSPMSPM,/mnt/beegfs/ysu34/hamlib/dia_e2e/tfim_20_5.txt,ours_sym,10,93.718
AMORTSPMSPM,/mnt/beegfs/ysu34/hamlib/dia_e2e/tfim_20_5.txt,ours_sym,30,182.824
AMORTSPMSPM,/mnt/beegfs/ysu34/hamlib/dia_e2e/tfim_20_5.txt,ours_sym,100,493.298
AMORTSPMSPM,/mnt/beegfs/ysu34/hamlib/dia_e2e/tsp_18_4.txt,ours_flat,1,1.298
AMORTSPMSPM,/mnt/beegfs/ysu34/hamlib/dia_e2e/tsp_18_4.txt,ours_flat,3,1.151
AMORTSPMSPM,/mnt/beegfs/ysu34/hamlib/dia_e2e/tsp_18_4.txt,ours_flat,10,1.040
AMORTSPMSPM,/mnt/beegfs/ysu34/hamlib/dia_e2e/tsp_18_4.txt,ours_flat,30,1.150
AMORTSPMSPM,/mnt/beegfs/ysu34/hamlib/dia_e2e/tsp_18_4.txt,ours_flat,100,1.519
AMORTSPMSPM,/mnt/beegfs/ysu34/hamlib/dia_e2e/tsp_18_4.txt,ours_sym,1,0.830
AMORTSPMSPM,/mnt/beegfs/ysu34/hamlib/dia_e2e/tsp_18_4.txt,ours_sym,3,0.472
AMORTSPMSPM,/mnt/beegfs/ysu34/hamlib/dia_e2e/tsp_18_4.txt,ours_sym,10,0.518
AMORTSPMSPM,/mnt/beegfs/ysu34/hamlib/dia_e2e/tsp_18_4.txt,ours_sym,30,0.688
AMORTSPMSPM,/mnt/beegfs/ysu34/hamlib/dia_e2e/tsp_18_4.txt,ours_sym,100,1.280
AMORTSPMSPM,/mnt/beegfs/ysu34/hamlib/dia_e2e/vibbf3_18_3.txt,ours_flat,1,2.651
AMORTSPMSPM,/mnt/beegfs/ysu34/hamlib/dia_e2e/vibbf3_18_3.txt,ours_flat,3,3.434
AMORTSPMSPM,/mnt/beegfs/ysu34/hamlib/dia_e2e/vibbf3_18_3.txt,ours_flat,10,4.313
AMORTSPMSPM,/mnt/beegfs/ysu34/hamlib/dia_e2e/vibbf3_18_3.txt,ours_flat,30,7.212
AMORTSPMSPM,/mnt/beegfs/ysu34/hamlib/dia_e2e/vibbf3_18_3.txt,ours_flat,100,17.379
AMORTSPMSPM,/mnt/beegfs/ysu34/hamlib/dia_e2e/vibbf3_18_3.txt,ours_sym,1,2.090
AMORTSPMSPM,/mnt/beegfs/ysu34/hamlib/dia_e2e/vibbf3_18_3.txt,ours_sym,3,2.291
AMORTSPMSPM,/mnt/beegfs/ysu34/hamlib/dia_e2e/vibbf3_18_3.txt,ours_sym,10,2.932
AMORTSPMSPM,/mnt/beegfs/ysu34/hamlib/dia_e2e/vibbf3_18_3.txt,ours_sym,30,4.778
AMORTSPMSPM,/mnt/beegfs/ysu34/hamlib/dia_e2e/vibbf3_18_3.txt,ours_sym,100,11.240
AMORTSPMSPM,/mnt/beegfs/ysu34/hamlib/dia_suitesparse/atmosmodd.txt,ours_flat,1,7.976
AMORTSPMSPM,/mnt/beegfs/ysu34/hamlib/dia_suitesparse/atmosmodd.txt,ours_flat,3,7.897
AMORTSPMSPM,/mnt/beegfs/ysu34/hamlib/dia_suitesparse/atmosmodd.txt,ours_flat,10,9.999
AMORTSPMSPM,/mnt/beegfs/ysu34/hamlib/dia_suitesparse/atmosmodd.txt,ours_flat,30,16.007
AMORTSPMSPM,/mnt/beegfs/ysu34/hamlib/dia_suitesparse/atmosmodd.txt,ours_flat,100,37.000
AMORTSPMSPM,/mnt/beegfs/ysu34/hamlib/dia_suitesparse/ecology2.txt,ours_flat,1,5.821
AMORTSPMSPM,/mnt/beegfs/ysu34/hamlib/dia_suitesparse/ecology2.txt,ours_flat,3,5.861
AMORTSPMSPM,/mnt/beegfs/ysu34/hamlib/dia_suitesparse/ecology2.txt,ours_flat,10,7.306
AMORTSPMSPM,/mnt/beegfs/ysu34/hamlib/dia_suitesparse/ecology2.txt,ours_flat,30,11.513
AMORTSPMSPM,/mnt/beegfs/ysu34/hamlib/dia_suitesparse/ecology2.txt,ours_flat,100,26.279
AMORTSPMSPM,/mnt/beegfs/ysu34/hamlib/dia_suitesparse/ecology2.txt,ours_sym,1,4.298
AMORTSPMSPM,/mnt/beegfs/ysu34/hamlib/dia_suitesparse/ecology2.txt,ours_sym,3,4.595
AMORTSPMSPM,/mnt/beegfs/ysu34/hamlib/dia_suitesparse/ecology2.txt,ours_sym,10,5.547
AMORTSPMSPM,/mnt/beegfs/ysu34/hamlib/dia_suitesparse/ecology2.txt,ours_sym,30,8.261
AMORTSPMSPM,/mnt/beegfs/ysu34/hamlib/dia_suitesparse/ecology2.txt,ours_sym,100,17.730
AMORTSPMSPM,/mnt/beegfs/ysu34/hamlib/dia_suitesparse/Lin.txt,ours_flat,1,1.929
AMORTSPMSPM,/mnt/beegfs/ysu34/hamlib/dia_suitesparse/Lin.txt,ours_flat,3,1.720
AMORTSPMSPM,/mnt/beegfs/ysu34/hamlib/dia_suitesparse/Lin.txt,ours_flat,10,1.966
AMORTSPMSPM,/mnt/beegfs/ysu34/hamlib/dia_suitesparse/Lin.txt,ours_flat,30,2.975
AMORTSPMSPM,/mnt/beegfs/ysu34/hamlib/dia_suitesparse/Lin.txt,ours_flat,100,6.561
AMORTSPMSPM,/mnt/beegfs/ysu34/hamlib/dia_suitesparse/Lin.txt,ours_sym,1,1.282
AMORTSPMSPM,/mnt/beegfs/ysu34/hamlib/dia_suitesparse/Lin.txt,ours_sym,3,1.214
AMORTSPMSPM,/mnt/beegfs/ysu34/hamlib/dia_suitesparse/Lin.txt,ours_sym,10,1.458
AMORTSPMSPM,/mnt/beegfs/ysu34/hamlib/dia_suitesparse/Lin.txt,ours_sym,30,2.123
AMORTSPMSPM,/mnt/beegfs/ysu34/hamlib/dia_suitesparse/Lin.txt,ours_sym,100,4.453
