# 2026-08-01T03:54:50-04:00 f_C = true/stored nonzeros of C=H*H inside its dense diagonals  CFILL,file,n,Cd,C_stored,C_true,f_C
CFILL,/mnt/beegfs/ysu34/hamlib/dia_e2e/B2_10_4.txt,1024,747,436668,15854,0.0363
CFILL,/mnt/beegfs/ysu34/hamlib/dia_e2e/B2_12_4.txt,4096,4804,11380419,225300,0.0198
CFILL,/mnt/beegfs/ysu34/hamlib/dia_e2e/B2_14_4.txt,16384,18515,190009390,2709709,0.0143
CFILL,/mnt/beegfs/ysu34/hamlib/dia_e2e/B2_8_4.txt,256,319,44616,2734,0.0613
CFILL,/mnt/beegfs/ysu34/hamlib/dia_e2e/BeH_12_4.txt,4096,5031,11437262,534529,0.0467
CFILL,/mnt/beegfs/ysu34/hamlib/dia_e2e/BeH_12_6.txt,4096,5031,11437262,534529,0.0467
CFILL,/mnt/beegfs/ysu34/hamlib/dia_e2e/BeH_8_3.txt,256,295,39880,2688,0.0674
CFILL,/mnt/beegfs/ysu34/hamlib/dia_e2e/BH_20_7.txt,1048576,5555,5108440242,343364854,0.0672
CFILL,/mnt/beegfs/ysu34/hamlib/dia_e2e/BH_24_8.txt,16777216,8871,134080011442,-1,OOM
CFILL,/mnt/beegfs/ysu34/hamlib/dia_e2e/fermi_10_4.txt,1024,113,102554,13824,0.1348
CFILL,/mnt/beegfs/ysu34/hamlib/dia_e2e/fermi_12_4.txt,4096,177,656322,74528,0.1136
CFILL,/mnt/beegfs/ysu34/hamlib/dia_e2e/fermi_14_5.txt,16384,257,3870866,425984,0.1100
CFILL,/mnt/beegfs/ysu34/hamlib/dia_e2e/fermi_16_5.txt,65536,353,21513010,2136996,0.0993
CFILL,/mnt/beegfs/ysu34/hamlib/dia_e2e/fermi_8_4.txt,256,65,14310,2060,0.1440
CFILL,/mnt/beegfs/ysu34/hamlib/dia_e2e/heis_10_5.txt,1024,135,123122,16728,0.1359
CFILL,/mnt/beegfs/ysu34/hamlib/dia_e2e/heis_12_5.txt,4096,207,771058,92512,0.1200
CFILL,/mnt/beegfs/ysu34/hamlib/dia_e2e/heis_14_5.txt,16384,295,4460530,489120,0.1097
CFILL,/mnt/beegfs/ysu34/hamlib/dia_e2e/heis_16_5.txt,65536,399,24395762,2497616,0.1024
CFILL,/mnt/beegfs/ysu34/hamlib/dia_e2e/heis_18_5.txt,262144,519,127991794,12417264,0.0970
CFILL,/mnt/beegfs/ysu34/hamlib/dia_e2e/heis_20_5.txt,1048576,655,650379250,60424320,0.0929
CFILL,/mnt/beegfs/ysu34/hamlib/dia_e2e/heis_20_6.txt,1048576,655,650379250,60424320,0.0929
CFILL,/mnt/beegfs/ysu34/hamlib/dia_e2e/heis_22_5.txt,4194304,807,3222274034,288905616,0.0897
CFILL,/mnt/beegfs/ysu34/hamlib/dia_e2e/heis_22_6.txt,4194304,807,3222274034,288905616,0.0897
CFILL,/mnt/beegfs/ysu34/hamlib/dia_e2e/heis_24_5.txt,16777216,975,15640559602,1361228720,0.0870
CFILL,/mnt/beegfs/ysu34/hamlib/dia_e2e/heis_24_6.txt,16777216,975,15640559602,1361228720,0.0870
CFILL,/mnt/beegfs/ysu34/hamlib/dia_e2e/heis_8_4.txt,256,79,17458,2832,0.1622
CFILL,/mnt/beegfs/ysu34/hamlib/dia_e2e/maxcut_10_4.txt,1024,1,1024,1024,1.0000
CFILL,/mnt/beegfs/ysu34/hamlib/dia_e2e/maxcut_12_4.txt,4096,1,4096,1936,0.4727
CFILL,/mnt/beegfs/ysu34/hamlib/dia_e2e/maxcut_14_5.txt,16384,1,16384,16384,1.0000
CFILL,/mnt/beegfs/ysu34/hamlib/dia_e2e/maxcut_16_5.txt,65536,1,65536,34596,0.5279
CFILL,/mnt/beegfs/ysu34/hamlib/dia_e2e/maxcut_18_5.txt,262144,1,262144,262144,1.0000
CFILL,/mnt/beegfs/ysu34/hamlib/dia_e2e/maxcut_20_5.txt,1048576,1,1048576,595984,0.5684
CFILL,/mnt/beegfs/ysu34/hamlib/dia_e2e/O2_16_5.txt,65536,100975,3840684748,80123930,0.0209
CFILL,/mnt/beegfs/ysu34/hamlib/dia_e2e/O2_16_7.txt,65536,100975,3840684748,80123930,0.0209
CFILL,/mnt/beegfs/ysu34/hamlib/dia_e2e/O2_20_5.txt,1048576,937217,625833635896,-1,OOM
CFILL,/mnt/beegfs/ysu34/hamlib/dia_e2e/O2_20_8.txt,1048576,937217,625833635896,-1,OOM
CFILL,/mnt/beegfs/ysu34/hamlib/dia_e2e/qmaxcut_10_4.txt,1024,181,89042,24064,0.2703
CFILL,/mnt/beegfs/ysu34/hamlib/dia_e2e/qmaxcut_12_4.txt,4096,265,520138,139264,0.2677
CFILL,/mnt/beegfs/ysu34/hamlib/dia_e2e/qmaxcut_14_4.txt,16384,365,2867138,761856,0.2657
CFILL,/mnt/beegfs/ysu34/hamlib/dia_e2e/qmaxcut_16_4.txt,65536,481,15138746,3997696,0.2641
CFILL,/mnt/beegfs/ysu34/hamlib/dia_e2e/qmaxcut_18_4.txt,262144,613,77332402,20316160,0.2627
CFILL,/mnt/beegfs/ysu34/hamlib/dia_e2e/qmaxcut_20_4.txt,1048576,761,384827306,100663296,0.2616
CFILL,/mnt/beegfs/ysu34/hamlib/dia_e2e/tfim_10_4.txt,1024,167,138738,56784,0.4093
CFILL,/mnt/beegfs/ysu34/hamlib/dia_e2e/tfim_12_4.txt,4096,247,849906,321568,0.3784
CFILL,/mnt/beegfs/ysu34/hamlib/dia_e2e/tfim_14_4.txt,16384,343,4841458,1729312,0.3572
CFILL,/mnt/beegfs/ysu34/hamlib/dia_e2e/tfim_16_4.txt,65536,455,26181618,8950976,0.3419
CFILL,/mnt/beegfs/ysu34/hamlib/dia_e2e/tfim_16_5.txt,65536,455,26181618,8950976,0.3419
CFILL,/mnt/beegfs/ysu34/hamlib/dia_e2e/tfim_18_4.txt,262144,583,136183794,44985808,0.3303
CFILL,/mnt/beegfs/ysu34/hamlib/dia_e2e/tfim_18_5.txt,262144,583,136183794,44985808,0.3303
CFILL,/mnt/beegfs/ysu34/hamlib/dia_e2e/tfim_20_5.txt,1048576,727,687341554,220860576,0.3213
CFILL,/mnt/beegfs/ysu34/hamlib/dia_e2e/tfim_22_5.txt,4194304,887,3386900466,1063875168,0.3141
CFILL,/mnt/beegfs/ysu34/hamlib/dia_e2e/tfim_24_5.txt,16777216,1063,16366174194,5044298560,0.3082
CFILL,/mnt/beegfs/ysu34/hamlib/dia_e2e/tfim_8_4.txt,256,103,20338,9312,0.4579
CFILL,/mnt/beegfs/ysu34/hamlib/dia_e2e/tsp_15_4.txt,32768,1,32768,32768,1.0000
CFILL,/mnt/beegfs/ysu34/hamlib/dia_e2e/tsp_18_4.txt,262144,1,262144,262144,1.0000
CFILL,/mnt/beegfs/ysu34/hamlib/dia_e2e/tsp_8_4.txt,256,1,256,256,1.0000
CFILL,/mnt/beegfs/ysu34/hamlib/dia_suitesparse/flowmeter0.txt,9669,3075,27355213,183151,0.0067
CFILL,/mnt/beegfs/ysu34/hamlib/dia_suitesparse/fv1.txt,9604,25,237154,234256,0.9878
CFILL,/mnt/beegfs/ysu34/hamlib/dia_suitesparse/rdb5000.txt,5000,21,103580,87608,0.8458
CFILL,/mnt/beegfs/ysu34/hamlib/dia_suitesparse/tols4000.txt,4000,587,1297805,18266,0.0141
CFILL,/mnt/beegfs/ysu34/hamlib/dia_suitesparse/ecology2.txt,999999,19,18979985,12979975,0.6839
CFILL,/mnt/beegfs/ysu34/hamlib/dia_suitesparse/atmosmodd.txt,1270432,25,31452658,31215208,0.9925
CFILL,/mnt/beegfs/ysu34/hamlib/dia_suitesparse/Lin.txt,256000,25,6309594,6221600,0.9861
CFILL,/mnt/beegfs/ysu34/hamlib/dia_e2e/BH_20_7.txt,1048576,5555,5108440242,343364854,0.0672
CFILL,/mnt/beegfs/ysu34/hamlib/dia_e2e/fermi_16_5.txt,65536,353,21513010,2136996,0.0993
CFILL,/mnt/beegfs/ysu34/hamlib/dia_e2e/heis_16_5.txt,65536,399,24395762,2497616,0.1024
CFILL,/mnt/beegfs/ysu34/hamlib/dia_e2e/heis_18_5.txt,262144,519,127991794,12417264,0.0970
CFILL,/mnt/beegfs/ysu34/hamlib/dia_e2e/heis_20_5.txt,1048576,655,650379250,60424320,0.0929
CFILL,/mnt/beegfs/ysu34/hamlib/dia_e2e/heis_20_6.txt,1048576,655,650379250,60424320,0.0929
CFILL,/mnt/beegfs/ysu34/hamlib/dia_e2e/maxcut_16_5.txt,65536,1,65536,34596,0.5279
CFILL,/mnt/beegfs/ysu34/hamlib/dia_e2e/maxcut_18_5.txt,262144,1,262144,262144,1.0000
CFILL,/mnt/beegfs/ysu34/hamlib/dia_e2e/maxcut_20_5.txt,1048576,1,1048576,595984,0.5684
CFILL,/mnt/beegfs/ysu34/hamlib/dia_e2e/O2_16_5.txt,65536,100975,3840684748,80123930,0.0209
CFILL,/mnt/beegfs/ysu34/hamlib/dia_e2e/O2_16_7.txt,65536,100975,3840684748,80123930,0.0209
CFILL,/mnt/beegfs/ysu34/hamlib/dia_e2e/O2_20_5.txt,1048576,937217,625833635896,-1,OOM
CFILL,/mnt/beegfs/ysu34/hamlib/dia_e2e/O2_20_8.txt,1048576,937217,625833635896,-1,OOM
CFILL,/mnt/beegfs/ysu34/hamlib/dia_e2e/qmaxcut_16_4.txt,65536,481,15138746,3997696,0.2641
CFILL,/mnt/beegfs/ysu34/hamlib/dia_e2e/qmaxcut_18_4.txt,262144,613,77332402,20316160,0.2627
CFILL,/mnt/beegfs/ysu34/hamlib/dia_e2e/qmaxcut_20_4.txt,1048576,761,384827306,100663296,0.2616
CFILL,/mnt/beegfs/ysu34/hamlib/dia_e2e/tfim_16_4.txt,65536,455,26181618,8950976,0.3419
CFILL,/mnt/beegfs/ysu34/hamlib/dia_e2e/tfim_16_5.txt,65536,455,26181618,8950976,0.3419
CFILL,/mnt/beegfs/ysu34/hamlib/dia_e2e/tfim_18_4.txt,262144,583,136183794,44985808,0.3303
CFILL,/mnt/beegfs/ysu34/hamlib/dia_e2e/tfim_18_5.txt,262144,583,136183794,44985808,0.3303
CFILL,/mnt/beegfs/ysu34/hamlib/dia_e2e/tfim_20_5.txt,1048576,727,687341554,220860576,0.3213
CFILL,/mnt/beegfs/ysu34/hamlib/dia_e2e/tsp_18_4.txt,262144,1,262144,262144,1.0000
CFILL,/mnt/beegfs/ysu34/hamlib/dia_suitesparse/ecology2.txt,999999,19,18979985,12979975,0.6839
CFILL,/mnt/beegfs/ysu34/hamlib/dia_suitesparse/atmosmodd.txt,1270432,25,31452658,31215208,0.9925
CFILL,/mnt/beegfs/ysu34/hamlib/dia_suitesparse/Lin.txt,256000,25,6309594,6221600,0.9861
CFILL,/mnt/beegfs/ysu34/hamlib/dia_e2e/BH_20_7.txt,1048576,5555,5108440242,343364854,0.0672
CFILL,/mnt/beegfs/ysu34/hamlib/dia_e2e/fermi_16_5.txt,65536,353,21513010,2136996,0.0993
CFILL,/mnt/beegfs/ysu34/hamlib/dia_e2e/heis_16_5.txt,65536,399,24395762,2497616,0.1024
CFILL,/mnt/beegfs/ysu34/hamlib/dia_e2e/heis_18_5.txt,262144,519,127991794,12417264,0.0970
CFILL,/mnt/beegfs/ysu34/hamlib/dia_e2e/heis_20_5.txt,1048576,655,650379250,60424320,0.0929
CFILL,/mnt/beegfs/ysu34/hamlib/dia_e2e/heis_20_6.txt,1048576,655,650379250,60424320,0.0929
CFILL,/mnt/beegfs/ysu34/hamlib/dia_e2e/maxcut_16_5.txt,65536,1,65536,34596,0.5279
CFILL,/mnt/beegfs/ysu34/hamlib/dia_e2e/maxcut_18_5.txt,262144,1,262144,262144,1.0000
CFILL,/mnt/beegfs/ysu34/hamlib/dia_e2e/maxcut_20_5.txt,1048576,1,1048576,595984,0.5684
CFILL,/mnt/beegfs/ysu34/hamlib/dia_e2e/O2_16_5.txt,65536,100975,3840684748,80123930,0.0209
CFILL,/mnt/beegfs/ysu34/hamlib/dia_e2e/O2_16_7.txt,65536,100975,3840684748,80123930,0.0209
CFILL,/mnt/beegfs/ysu34/hamlib/dia_e2e/O2_20_5.txt,1048576,937217,625833635896,-1,OOM
CFILL,/mnt/beegfs/ysu34/hamlib/dia_e2e/O2_20_8.txt,1048576,937217,625833635896,-1,OOM
CFILL,/mnt/beegfs/ysu34/hamlib/dia_e2e/qmaxcut_16_4.txt,65536,481,15138746,3997696,0.2641
CFILL,/mnt/beegfs/ysu34/hamlib/dia_e2e/qmaxcut_18_4.txt,262144,613,77332402,20316160,0.2627
CFILL,/mnt/beegfs/ysu34/hamlib/dia_e2e/qmaxcut_20_4.txt,1048576,761,384827306,100663296,0.2616
CFILL,/mnt/beegfs/ysu34/hamlib/dia_e2e/tfim_16_4.txt,65536,455,26181618,8950976,0.3419
CFILL,/mnt/beegfs/ysu34/hamlib/dia_e2e/tfim_16_5.txt,65536,455,26181618,8950976,0.3419
CFILL,/mnt/beegfs/ysu34/hamlib/dia_e2e/tfim_18_4.txt,262144,583,136183794,44985808,0.3303
CFILL,/mnt/beegfs/ysu34/hamlib/dia_e2e/tfim_18_5.txt,262144,583,136183794,44985808,0.3303
CFILL,/mnt/beegfs/ysu34/hamlib/dia_e2e/tfim_20_5.txt,1048576,727,687341554,220860576,0.3213
CFILL,/mnt/beegfs/ysu34/hamlib/dia_e2e/tsp_18_4.txt,262144,1,262144,262144,1.0000
CFILL,/mnt/beegfs/ysu34/hamlib/dia_suitesparse/ecology2.txt,999999,19,18979985,12979975,0.6839
CFILL,/mnt/beegfs/ysu34/hamlib/dia_suitesparse/atmosmodd.txt,1270432,25,31452658,31215208,0.9925
CFILL,/mnt/beegfs/ysu34/hamlib/dia_suitesparse/Lin.txt,256000,25,6309594,6221600,0.9861
CFILL,/mnt/beegfs/ysu34/hamlib/dia_e2e/BH_20_7.txt,1048576,5555,5108440242,343364854,0.0672
CFILL,/mnt/beegfs/ysu34/hamlib/dia_e2e/fermi_16_5.txt,65536,353,21513010,2136996,0.0993
CFILL,/mnt/beegfs/ysu34/hamlib/dia_e2e/heis_16_5.txt,65536,399,24395762,2497616,0.1024
CFILL,/mnt/beegfs/ysu34/hamlib/dia_e2e/heis_18_5.txt,262144,519,127991794,12417264,0.0970
CFILL,/mnt/beegfs/ysu34/hamlib/dia_e2e/heis_20_5.txt,1048576,655,650379250,60424320,0.0929
CFILL,/mnt/beegfs/ysu34/hamlib/dia_e2e/heis_20_6.txt,1048576,655,650379250,60424320,0.0929
CFILL,/mnt/beegfs/ysu34/hamlib/dia_e2e/maxcut_16_5.txt,65536,1,65536,34596,0.5279
CFILL,/mnt/beegfs/ysu34/hamlib/dia_e2e/maxcut_18_5.txt,262144,1,262144,262144,1.0000
CFILL,/mnt/beegfs/ysu34/hamlib/dia_e2e/maxcut_20_5.txt,1048576,1,1048576,595984,0.5684
CFILL,/mnt/beegfs/ysu34/hamlib/dia_e2e/O2_16_5.txt,65536,100975,3840684748,80123930,0.0209
CFILL,/mnt/beegfs/ysu34/hamlib/dia_e2e/O2_16_7.txt,65536,100975,3840684748,80123930,0.0209
CFILL,/mnt/beegfs/ysu34/hamlib/dia_e2e/O2_20_5.txt,1048576,937217,625833635896,-1,OOM
CFILL,/mnt/beegfs/ysu34/hamlib/dia_e2e/O2_20_8.txt,1048576,937217,625833635896,-1,OOM
CFILL,/mnt/beegfs/ysu34/hamlib/dia_e2e/qmaxcut_16_4.txt,65536,481,15138746,3997696,0.2641
CFILL,/mnt/beegfs/ysu34/hamlib/dia_e2e/qmaxcut_18_4.txt,262144,613,77332402,20316160,0.2627
CFILL,/mnt/beegfs/ysu34/hamlib/dia_e2e/qmaxcut_20_4.txt,1048576,761,384827306,100663296,0.2616
CFILL,/mnt/beegfs/ysu34/hamlib/dia_e2e/tfim_16_4.txt,65536,455,26181618,8950976,0.3419
CFILL,/mnt/beegfs/ysu34/hamlib/dia_e2e/tfim_16_5.txt,65536,455,26181618,8950976,0.3419
CFILL,/mnt/beegfs/ysu34/hamlib/dia_e2e/tfim_18_4.txt,262144,583,136183794,44985808,0.3303
CFILL,/mnt/beegfs/ysu34/hamlib/dia_e2e/tfim_18_5.txt,262144,583,136183794,44985808,0.3303
CFILL,/mnt/beegfs/ysu34/hamlib/dia_e2e/tfim_20_5.txt,1048576,727,687341554,220860576,0.3213
CFILL,/mnt/beegfs/ysu34/hamlib/dia_e2e/tsp_18_4.txt,262144,1,262144,262144,1.0000
CFILL,/mnt/beegfs/ysu34/hamlib/dia_suitesparse/ecology2.txt,999999,19,18979985,12979975,0.6839
CFILL,/mnt/beegfs/ysu34/hamlib/dia_suitesparse/atmosmodd.txt,1270432,25,31452658,31215208,0.9925
CFILL,/mnt/beegfs/ysu34/hamlib/dia_suitesparse/Lin.txt,256000,25,6309594,6221600,0.9861
CFILL,/mnt/beegfs/ysu34/hamlib/dia_e2e/fermi_18_5.txt,262144,465,114362994,11141120,0.0974
CFILL,/mnt/beegfs/ysu34/hamlib/dia_e2e/fermi_20_5.txt,1048576,593,587472114,53318432,0.0908
CFILL,/mnt/beegfs/ysu34/hamlib/dia_e2e/bh_16_5.txt,65536,7015,353993152,13222256,0.0374
CFILL,/mnt/beegfs/ysu34/hamlib/dia_e2e/bh_18_5.txt,262144,10123,2135089216,68564640,0.0321
CFILL,/mnt/beegfs/ysu34/hamlib/dia_e2e/bh_20_5.txt,1048576,13507,11846221888,348369718,0.0294
CFILL,/mnt/beegfs/ysu34/hamlib/dia_e2e/bhD1_18_7.txt,262144,4111,930782386,65921014,0.0708
CFILL,/mnt/beegfs/ysu34/hamlib/dia_e2e/fermiFH_18_4.txt,262144,1549,366904380,9043964,0.0246
CFILL,/mnt/beegfs/ysu34/hamlib/dia_e2e/qmaxcutR_18_3.txt,262144,35,9027634,786432,0.0871
CFILL,/mnt/beegfs/ysu34/hamlib/dia_e2e/qmaxcutK_18_4.txt,262144,147,37034376,3014656,0.0814
CFILL,/mnt/beegfs/ysu34/hamlib/dia_e2e/qmaxcutC_18_4.txt,262144,1995,447316210,42963040,0.0960
CFILL,/mnt/beegfs/ysu34/hamlib/dia_e2e/vibc2h_16_1.txt,65536,79,5174578,507392,0.0981
CFILL,/mnt/beegfs/ysu34/hamlib/dia_e2e/vibbf3_18_3.txt,262144,65,16457670,2250752,0.1368
CFILL,/mnt/beegfs/ysu34/hamlib/dia_e2e/H8_16_6.txt,65536,65535,2147483648,180130009,0.0839
CFILL,/mnt/beegfs/ysu34/hamlib/dia_e2e/C2_18_7.txt,262144,483382,65634612088,-1,OOM
CFILL,/mnt/beegfs/ysu34/hamlib/dia_e2e/fermi_18_5.txt,262144,465,114362994,11141120,0.0974
CFILL,/mnt/beegfs/ysu34/hamlib/dia_e2e/fermi_20_5.txt,1048576,593,587472114,53318432,0.0908
CFILL,/mnt/beegfs/ysu34/hamlib/dia_e2e/bh_16_5.txt,65536,7015,353993152,13222256,0.0374
CFILL,/mnt/beegfs/ysu34/hamlib/dia_e2e/bh_18_5.txt,262144,10123,2135089216,68564640,0.0321
CFILL,/mnt/beegfs/ysu34/hamlib/dia_e2e/bh_20_5.txt,1048576,13507,11846221888,348369718,0.0294
CFILL,/mnt/beegfs/ysu34/hamlib/dia_e2e/bhD1_18_7.txt,262144,4111,930782386,65921014,0.0708
CFILL,/mnt/beegfs/ysu34/hamlib/dia_e2e/fermiFH_18_4.txt,262144,1549,366904380,9043964,0.0246
CFILL,/mnt/beegfs/ysu34/hamlib/dia_e2e/qmaxcutR_18_3.txt,262144,35,9027634,786432,0.0871
CFILL,/mnt/beegfs/ysu34/hamlib/dia_e2e/qmaxcutK_18_4.txt,262144,147,37034376,3014656,0.0814
CFILL,/mnt/beegfs/ysu34/hamlib/dia_e2e/qmaxcutC_18_4.txt,262144,1995,447316210,42963040,0.0960
CFILL,/mnt/beegfs/ysu34/hamlib/dia_e2e/vibbf3_18_3.txt,262144,65,16457670,2250752,0.1368
CFILL,/mnt/beegfs/ysu34/hamlib/dia_e2e/fermi_18_5.txt,262144,465,114362994,11141120,0.0974
CFILL,/mnt/beegfs/ysu34/hamlib/dia_e2e/fermi_20_5.txt,1048576,593,587472114,53318432,0.0908
CFILL,/mnt/beegfs/ysu34/hamlib/dia_e2e/bh_16_5.txt,65536,7015,353993152,13222256,0.0374
CFILL,/mnt/beegfs/ysu34/hamlib/dia_e2e/bh_18_5.txt,262144,10123,2135089216,68564640,0.0321
CFILL,/mnt/beegfs/ysu34/hamlib/dia_e2e/bh_20_5.txt,1048576,13507,11846221888,348369718,0.0294
CFILL,/mnt/beegfs/ysu34/hamlib/dia_e2e/bhD1_18_7.txt,262144,4111,930782386,65921014,0.0708
CFILL,/mnt/beegfs/ysu34/hamlib/dia_e2e/fermiFH_18_4.txt,262144,1549,366904380,9043964,0.0246
CFILL,/mnt/beegfs/ysu34/hamlib/dia_e2e/qmaxcutR_18_3.txt,262144,35,9027634,786432,0.0871
CFILL,/mnt/beegfs/ysu34/hamlib/dia_e2e/qmaxcutK_18_4.txt,262144,147,37034376,3014656,0.0814
CFILL,/mnt/beegfs/ysu34/hamlib/dia_e2e/qmaxcutC_18_4.txt,262144,1995,447316210,42963040,0.0960
CFILL,/mnt/beegfs/ysu34/hamlib/dia_e2e/vibbf3_18_3.txt,262144,65,16457670,2250752,0.1368
CFILL,/mnt/beegfs/ysu34/hamlib/dia_e2e/bhc_16_7.txt,65536,3023,166182066,12688905,0.0764
CFILL,/mnt/beegfs/ysu34/hamlib/dia_e2e/bhc_18_7.txt,262144,4111,930782386,65921014,0.0708
CFILL,/mnt/beegfs/ysu34/hamlib/dia_e2e/C2c_18_4.txt,262144,483276,65622141244,-1,OOM
CFILL,/mnt/beegfs/ysu34/hamlib/dia_e2e/H8c_16_4.txt,65536,65535,2147483648,173442427,0.0808
CFILL,/mnt/beegfs/ysu34/hamlib/dia_e2e/O2c_16_5.txt,65536,100569,3826555296,74129458,0.0194
CFILL,/mnt/beegfs/ysu34/hamlib/dia_e2e/O2c_20_5.txt,1048576,932391,622284972764,-1,OOM
CFILL,/mnt/beegfs/ysu34/hamlib/dia_e2e/bhc_16_7.txt,65536,3023,166182066,12688905,0.0764
CFILL,/mnt/beegfs/ysu34/hamlib/dia_e2e/bhc_18_7.txt,262144,4111,930782386,65921014,0.0708
CFILL,/mnt/beegfs/ysu34/hamlib/dia_e2e/C2c_18_4.txt,262144,483276,65622141244,-1,OOM
CFILL,/mnt/beegfs/ysu34/hamlib/dia_e2e/H8c_16_4.txt,65536,65535,2147483648,173442427,0.0808
CFILL,/mnt/beegfs/ysu34/hamlib/dia_e2e/O2c_16_5.txt,65536,100569,3826555296,74129458,0.0194
CFILL,/mnt/beegfs/ysu34/hamlib/dia_e2e/O2c_20_5.txt,1048576,932391,622284972764,-1,OOM
CFILL,/mnt/beegfs/ysu34/hamlib/dia_e2e/bhc_16_7.txt,65536,3023,166182066,12688905,0.0764
CFILL,/mnt/beegfs/ysu34/hamlib/dia_e2e/bhc_18_7.txt,262144,4111,930782386,65921014,0.0708
CFILL,/mnt/beegfs/ysu34/hamlib/dia_e2e/C2c_18_4.txt,262144,483276,65622141244,-1,OOM
CFILL,/mnt/beegfs/ysu34/hamlib/dia_e2e/H8c_16_4.txt,65536,65535,2147483648,173442427,0.0808
CFILL,/mnt/beegfs/ysu34/hamlib/dia_e2e/O2c_16_5.txt,65536,100569,3826555296,74129458,0.0194
CFILL,/mnt/beegfs/ysu34/hamlib/dia_e2e/O2c_20_5.txt,1048576,932391,622284972764,-1,OOM
