# 2026-07-30T23:47:01-04:00 host=c29 steps=1000 resume-of-268662 (HamLib=--sym, SuiteSparse=full; +diaq ev arm, +full opbuild under --sym)
E2EEVCSV,/mnt/beegfs/ysu34/hamlib/dia_e2e/BH_20_7.txt,1048576,127,1000,7,didx,517.686,488.685,932.940,10151.417,10.881,7.527e-07
E2EEVDIAQCSV,/mnt/beegfs/ysu34/hamlib/dia_e2e/BH_20_7.txt,1048576,127,1000,7,14.501,3187.621,3.417,7.391e-07
E2EOPCSV,/mnt/beegfs/ysu34/hamlib/dia_e2e/BH_20_7.txt,1048576,127,2,5555,5108440242,43.592,45.134,-1
E2EOPCSV,/mnt/beegfs/ysu34/hamlib/dia_e2e/BH_20_7.txt,1048576,127,3,98989,82073030294,-1,-1,-1
E2EOPBUILDCSV,/mnt/beegfs/ysu34/hamlib/dia_e2e/BH_20_7.txt,1048576,7,2097151,1099511627776,-1,-1,-1
E2EOPBUILDCSV,/mnt/beegfs/ysu34/hamlib/dia_e2e/BH_20_7.txt,1048576,7,1048576,549756338176,-1,-1,-1
E2EEVCSV,/mnt/beegfs/ysu34/hamlib/dia_e2e/BeH_12_6.txt,4096,299,1000,6,didx,3.311,2.498,66.720,194.374,2.913,5.063e-07
E2EEVDIAQCSV,/mnt/beegfs/ysu34/hamlib/dia_e2e/BeH_12_6.txt,4096,299,1000,6,0.206,559.345,8.383,4.619e-07
E2EOPCSV,/mnt/beegfs/ysu34/hamlib/dia_e2e/BeH_12_6.txt,4096,299,2,5031,11437262,13.580,0.414,-1
E2EOPCSV,/mnt/beegfs/ysu34/hamlib/dia_e2e/BeH_12_6.txt,4096,299,3,8191,16777216,218.952,4.651,-1
E2EOPBUILDCSV,/mnt/beegfs/ysu34/hamlib/dia_e2e/BeH_12_6.txt,4096,6,8191,16777216,922.517,1067.000,1.157
E2EEVCSV,/mnt/beegfs/ysu34/hamlib/dia_e2e/O2_16_5.txt,65536,1243,1000,5,didx,165.751,323.381,245.013,2844.257,11.609,6.092e-07
E2EEVDIAQCSV,/mnt/beegfs/ysu34/hamlib/dia_e2e/O2_16_5.txt,65536,1243,1000,5,7.716,3412.234,13.927,5.440e-07
E2EOPCSV,/mnt/beegfs/ysu34/hamlib/dia_e2e/O2_16_5.txt,65536,1243,2,100975,3840684748,1125.043,153.728,-1
E2EOPCSV,/mnt/beegfs/ysu34/hamlib/dia_e2e/O2_16_5.txt,65536,1243,3,131071,4294967296,64317.249,11703.650,-1
E2EEVCSV,/mnt/beegfs/ysu34/hamlib/dia_e2e/O2_16_7.txt,65536,1243,1000,7,didx,165.571,328.985,343.729,4013.914,11.678,6.063e-07
E2EEVDIAQCSV,/mnt/beegfs/ysu34/hamlib/dia_e2e/O2_16_7.txt,65536,1243,1000,7,7.772,4752.961,13.828,5.491e-07
E2EOPCSV,/mnt/beegfs/ysu34/hamlib/dia_e2e/O2_16_7.txt,65536,1243,2,100975,3840684748,1127.163,154.674,-1
E2EOPCSV,/mnt/beegfs/ysu34/hamlib/dia_e2e/O2_16_7.txt,65536,1243,3,131071,4294967296,64245.488,11621.954,-1
E2EEVCSV,/mnt/beegfs/ysu34/hamlib/dia_e2e/fermi_10_4.txt,1024,17,1000,4,didx,0.162,0.406,23.910,104.539,4.372,1.682e-07
E2EEVDIAQCSV,/mnt/beegfs/ysu34/hamlib/dia_e2e/fermi_10_4.txt,1024,17,1000,4,0.043,42.963,1.797,1.452e-07
E2EOPCSV,/mnt/beegfs/ysu34/hamlib/dia_e2e/fermi_10_4.txt,1024,17,2,113,102554,0.027,0.007,-1
E2EOPCSV,/mnt/beegfs/ysu34/hamlib/dia_e2e/fermi_10_4.txt,1024,17,3,393,330602,0.270,0.011,-1
E2EOPBUILDCSV,/mnt/beegfs/ysu34/hamlib/dia_e2e/fermi_10_4.txt,1024,4,855,648042,2.130,2.498,1.173
E2EOPBUILDCSV,/mnt/beegfs/ysu34/hamlib/dia_e2e/fermi_10_4.txt,1024,4,428,324533,0.536,-1,-1
E2EEVCSV,/mnt/beegfs/ysu34/hamlib/dia_e2e/fermi_12_4.txt,4096,21,1000,4,didx,0.413,0.542,25.930,112.593,4.342,1.903e-07
E2EEVDIAQCSV,/mnt/beegfs/ysu34/hamlib/dia_e2e/fermi_12_4.txt,4096,21,1000,4,0.050,50.055,1.930,1.582e-07
E2EOPCSV,/mnt/beegfs/ysu34/hamlib/dia_e2e/fermi_12_4.txt,4096,21,2,177,656322,0.062,0.011,-1
E2EOPCSV,/mnt/beegfs/ysu34/hamlib/dia_e2e/fermi_12_4.txt,4096,21,3,793,2765826,0.793,0.042,-1
E2EOPBUILDCSV,/mnt/beegfs/ysu34/hamlib/dia_e2e/fermi_12_4.txt,4096,4,2167,6966018,8.813,9.300,1.055
E2EOPBUILDCSV,/mnt/beegfs/ysu34/hamlib/dia_e2e/fermi_12_4.txt,4096,4,1084,3485057,1.218,-1,-1
E2EEVCSV,/mnt/beegfs/ysu34/hamlib/dia_e2e/fermi_14_5.txt,16384,25,1000,5,didx,1.478,1.504,32.473,150.479,4.634,2.086e-07
E2EEVDIAQCSV,/mnt/beegfs/ysu34/hamlib/dia_e2e/fermi_14_5.txt,16384,25,1000,5,0.168,69.733,2.147,1.860e-07
E2EOPCSV,/mnt/beegfs/ysu34/hamlib/dia_e2e/fermi_14_5.txt,16384,25,2,257,3870866,0.168,0.037,-1
E2EOPCSV,/mnt/beegfs/ysu34/hamlib/dia_e2e/fermi_14_5.txt,16384,25,3,1433,20514002,2.375,0.292,-1
E2EOPBUILDCSV,/mnt/beegfs/ysu34/hamlib/dia_e2e/fermi_14_5.txt,16384,5,11167,136925392,262.312,272.835,1.040
E2EOPBUILDCSV,/mnt/beegfs/ysu34/hamlib/dia_e2e/fermi_14_5.txt,16384,5,5584,68470888,20.265,-1,-1
E2EEVCSV,/mnt/beegfs/ysu34/hamlib/dia_e2e/fermi_16_5.txt,65536,29,1000,5,didx,5.910,5.186,38.738,256.149,6.612,2.150e-07
E2EEVDIAQCSV,/mnt/beegfs/ysu34/hamlib/dia_e2e/fermi_16_5.txt,65536,29,1000,5,0.326,81.640,2.108,8.135e-08
E2EOPCSV,/mnt/beegfs/ysu34/hamlib/dia_e2e/fermi_16_5.txt,65536,29,2,353,21513010,0.188,0.130,-1
E2EOPCSV,/mnt/beegfs/ysu34/hamlib/dia_e2e/fermi_16_5.txt,65536,29,3,2377,138741682,5.204,1.351,-1
E2EOPBUILDCSV,/mnt/beegfs/ysu34/hamlib/dia_e2e/fermi_16_5.txt,65536,5,27547,1419565488,1322.152,1477.052,1.117
E2EOPBUILDCSV,/mnt/beegfs/ysu34/hamlib/dia_e2e/fermi_16_5.txt,65536,5,13774,709815512,115.104,-1,-1
E2EEVCSV,/mnt/beegfs/ysu34/hamlib/dia_e2e/fermi_8_4.txt,256,13,1000,4,didx,0.123,0.373,21.356,88.264,4.133,1.239e-07
E2EEVDIAQCSV,/mnt/beegfs/ysu34/hamlib/dia_e2e/fermi_8_4.txt,256,13,1000,4,0.041,33.490,1.568,0.000e+00
E2EOPCSV,/mnt/beegfs/ysu34/hamlib/dia_e2e/fermi_8_4.txt,256,13,2,65,14310,0.015,0.005,-1
E2EOPCSV,/mnt/beegfs/ysu34/hamlib/dia_e2e/fermi_8_4.txt,256,13,3,169,33734,0.100,0.007,-1
E2EOPBUILDCSV,/mnt/beegfs/ysu34/hamlib/dia_e2e/fermi_8_4.txt,256,4,295,51590,0.632,0.820,1.297
E2EOPBUILDCSV,/mnt/beegfs/ysu34/hamlib/dia_e2e/fermi_8_4.txt,256,4,148,25923,0.297,-1,-1
E2EEVCSV,/mnt/beegfs/ysu34/hamlib/dia_e2e/heis_10_5.txt,1024,19,1000,5,didx,0.180,0.401,29.464,129.556,4.397,2.315e-07
E2EEVDIAQCSV,/mnt/beegfs/ysu34/hamlib/dia_e2e/heis_10_5.txt,1024,19,1000,5,0.045,55.842,1.895,2.156e-07
E2EOPCSV,/mnt/beegfs/ysu34/hamlib/dia_e2e/heis_10_5.txt,1024,19,2,135,123122,0.039,0.008,-1
E2EOPCSV,/mnt/beegfs/ysu34/hamlib/dia_e2e/heis_10_5.txt,1024,19,3,471,395890,0.396,0.013,-1
E2EOPBUILDCSV,/mnt/beegfs/ysu34/hamlib/dia_e2e/heis_10_5.txt,1024,5,1459,932976,8.172,8.566,1.048
E2EOPBUILDCSV,/mnt/beegfs/ysu34/hamlib/dia_e2e/heis_10_5.txt,1024,5,730,467000,1.197,-1,-1
E2EEVCSV,/mnt/beegfs/ysu34/hamlib/dia_e2e/heis_12_5.txt,4096,23,1000,5,didx,0.435,0.552,31.373,134.017,4.272,2.523e-07
E2EEVDIAQCSV,/mnt/beegfs/ysu34/hamlib/dia_e2e/heis_12_5.txt,4096,23,1000,5,0.052,63.641,2.029,2.321e-07
E2EOPCSV,/mnt/beegfs/ysu34/hamlib/dia_e2e/heis_12_5.txt,4096,23,2,207,771058,0.073,0.012,-1
E2EOPCSV,/mnt/beegfs/ysu34/hamlib/dia_e2e/heis_12_5.txt,4096,23,3,951,3324018,1.093,0.051,-1
E2EOPBUILDCSV,/mnt/beegfs/ysu34/hamlib/dia_e2e/heis_12_5.txt,4096,5,4527,12741744,57.287,59.068,1.031
E2EOPBUILDCSV,/mnt/beegfs/ysu34/hamlib/dia_e2e/heis_12_5.txt,4096,5,2264,6372920,5.155,-1,-1
E2EEVCSV,/mnt/beegfs/ysu34/hamlib/dia_e2e/heis_14_5.txt,16384,27,1000,5,didx,1.545,1.563,34.152,159.976,4.684,2.728e-07
E2EEVDIAQCSV,/mnt/beegfs/ysu34/hamlib/dia_e2e/heis_14_5.txt,16384,27,1000,5,0.161,74.563,2.183,2.561e-07
E2EOPCSV,/mnt/beegfs/ysu34/hamlib/dia_e2e/heis_14_5.txt,16384,27,2,295,4460530,0.225,0.043,-1
E2EOPCSV,/mnt/beegfs/ysu34/hamlib/dia_e2e/heis_14_5.txt,16384,27,3,1703,24453234,3.116,0.358,-1
E2EOPBUILDCSV,/mnt/beegfs/ysu34/hamlib/dia_e2e/heis_14_5.txt,16384,5,12779,155229296,366.830,381.938,1.041
E2EOPBUILDCSV,/mnt/beegfs/ysu34/hamlib/dia_e2e/heis_14_5.txt,16384,5,6390,77622840,27.143,-1,-1
E2EEVCSV,/mnt/beegfs/ysu34/hamlib/dia_e2e/heis_16_5.txt,65536,31,1000,5,didx,6.349,5.565,37.742,262.083,6.944,2.924e-07
E2EEVDIAQCSV,/mnt/beegfs/ysu34/hamlib/dia_e2e/heis_16_5.txt,65536,31,1000,5,0.314,82.295,2.180,2.728e-07
E2EOPCSV,/mnt/beegfs/ysu34/hamlib/dia_e2e/heis_16_5.txt,65536,31,2,399,24395762,0.221,0.148,-1
E2EOPCSV,/mnt/beegfs/ysu34/hamlib/dia_e2e/heis_16_5.txt,65536,31,3,2791,163414130,5.880,1.626,-1
E2EOPBUILDCSV,/mnt/beegfs/ysu34/hamlib/dia_e2e/heis_16_5.txt,65536,5,32167,1651448944,1468.902,1661.620,1.131
E2EOPBUILDCSV,/mnt/beegfs/ysu34/hamlib/dia_e2e/heis_16_5.txt,65536,5,16084,825757240,149.796,-1,-1
E2EEVCSV,/mnt/beegfs/ysu34/hamlib/dia_e2e/heis_18_5.txt,262144,35,1000,5,didx,26.955,25.169,65.242,603.009,9.243,3.075e-07
E2EEVDIAQCSV,/mnt/beegfs/ysu34/hamlib/dia_e2e/heis_18_5.txt,262144,35,1000,5,1.132,178.950,2.743,2.886e-07
E2EOPCSV,/mnt/beegfs/ysu34/hamlib/dia_e2e/heis_18_5.txt,262144,35,2,519,127991794,0.722,0.840,-1
E2EOPCSV,/mnt/beegfs/ysu34/hamlib/dia_e2e/heis_18_5.txt,262144,35,3,4279,1016725618,13.435,11.993,-1
E2EEVCSV,/mnt/beegfs/ysu34/hamlib/dia_e2e/heis_20_5.txt,1048576,39,1000,5,didx,144.998,110.442,239.764,2226.358,9.286,3.225e-07
E2EEVDIAQCSV,/mnt/beegfs/ysu34/hamlib/dia_e2e/heis_20_5.txt,1048576,39,1000,5,4.732,764.049,3.187,3.042e-07
E2EOPCSV,/mnt/beegfs/ysu34/hamlib/dia_e2e/heis_20_5.txt,1048576,39,2,655,650379250,4.059,4.611,-1
E2EOPCSV,/mnt/beegfs/ysu34/hamlib/dia_e2e/heis_20_5.txt,1048576,39,3,6231,5988941938,58.441,80.473,-1
E2EOPBUILDCSV,/mnt/beegfs/ysu34/hamlib/dia_e2e/heis_20_5.txt,1048576,5,148383,130519407728,-1,-1,-1
E2EOPBUILDCSV,/mnt/beegfs/ysu34/hamlib/dia_e2e/heis_20_5.txt,1048576,5,74192,65260228152,-1,-1,-1
E2EEVCSV,/mnt/beegfs/ysu34/hamlib/dia_e2e/heis_20_6.txt,1048576,39,1000,6,didx,146.540,110.352,287.371,2665.291,9.275,3.223e-07
E2EEVDIAQCSV,/mnt/beegfs/ysu34/hamlib/dia_e2e/heis_20_6.txt,1048576,39,1000,6,4.883,917.199,3.192,3.040e-07
E2EOPCSV,/mnt/beegfs/ysu34/hamlib/dia_e2e/heis_20_6.txt,1048576,39,2,655,650379250,4.152,4.547,-1
E2EOPCSV,/mnt/beegfs/ysu34/hamlib/dia_e2e/heis_20_6.txt,1048576,39,3,6231,5988941938,58.101,81.188,-1
E2EOPBUILDCSV,/mnt/beegfs/ysu34/hamlib/dia_e2e/heis_20_6.txt,1048576,6,409911,337281752192,-1,-1,-1
E2EOPBUILDCSV,/mnt/beegfs/ysu34/hamlib/dia_e2e/heis_20_6.txt,1048576,6,204956,168641400384,-1,-1,-1
E2EEVCSV,/mnt/beegfs/ysu34/hamlib/dia_e2e/heis_22_5.txt,4194304,43,1000,5,didx,657.600,486.225,1017.147,10265.544,10.092,3.365e-07
E2EEVDIAQCSV,/mnt/beegfs/ysu34/hamlib/dia_e2e/heis_22_5.txt,4194304,43,1000,5,20.188,3479.189,3.421,3.178e-07
E2EOPCSV,/mnt/beegfs/ysu34/hamlib/dia_e2e/heis_22_5.txt,4194304,43,2,807,3222274034,22.738,23.426,-1
E2EOPCSV,/mnt/beegfs/ysu34/hamlib/dia_e2e/heis_22_5.txt,4194304,43,3,8711,33791410290,-1,-1,-1
E2EOPBUILDCSV,/mnt/beegfs/ysu34/hamlib/dia_e2e/heis_22_5.txt,4194304,5,280411,1008470072432,-1,-1,-1
E2EOPBUILDCSV,/mnt/beegfs/ysu34/hamlib/dia_e2e/heis_22_5.txt,4194304,5,140206,504237133368,-1,-1,-1
E2EEVCSV,/mnt/beegfs/ysu34/hamlib/dia_e2e/heis_22_6.txt,4194304,43,1000,6,didx,659.135,479.837,1240.487,12436.273,10.025,3.366e-07
E2EEVDIAQCSV,/mnt/beegfs/ysu34/hamlib/dia_e2e/heis_22_6.txt,4194304,43,1000,6,20.311,4192.067,3.379,3.179e-07
E2EOPCSV,/mnt/beegfs/ysu34/hamlib/dia_e2e/heis_22_6.txt,4194304,43,2,807,3222274034,21.775,23.652,-1
E2EOPCSV,/mnt/beegfs/ysu34/hamlib/dia_e2e/heis_22_6.txt,4194304,43,3,8711,33791410290,-1,-1,-1
E2EOPBUILDCSV,/mnt/beegfs/ysu34/hamlib/dia_e2e/heis_22_6.txt,4194304,6,916383,3121275149440,-1,-1,-1
E2EOPBUILDCSV,/mnt/beegfs/ysu34/hamlib/dia_e2e/heis_22_6.txt,4194304,6,458192,1560639671872,-1,-1,-1
E2EEVCSV,/mnt/beegfs/ysu34/hamlib/dia_e2e/heis_24_5.txt,16777216,47,1000,5,didx,3053.774,2236.107,4732.696,47232.867,9.980,3.497e-07
E2EEVDIAQCSV,/mnt/beegfs/ysu34/hamlib/dia_e2e/heis_24_5.txt,16777216,47,1000,5,87.307,16064.151,3.394,3.312e-07
E2EOPCSV,/mnt/beegfs/ysu34/hamlib/dia_e2e/heis_24_5.txt,16777216,47,2,975,15640559602,104.859,123.163,-1
E2EOPCSV,/mnt/beegfs/ysu34/hamlib/dia_e2e/heis_24_5.txt,16777216,47,3,11783,184171888754,-1,-1,-1
E2EOPBUILDCSV,/mnt/beegfs/ysu34/hamlib/dia_e2e/heis_24_5.txt,16777216,5,496023,7258545069168,-1,-1,-1
E2EOPBUILDCSV,/mnt/beegfs/ysu34/hamlib/dia_e2e/heis_24_5.txt,16777216,5,248012,3629280923192,-1,-1,-1
E2EEVCSV,/mnt/beegfs/ysu34/hamlib/dia_e2e/heis_24_6.txt,16777216,47,1000,6,didx,3075.534,2253.885,5689.416,56937.098,10.008,3.497e-07
E2EEVDIAQCSV,/mnt/beegfs/ysu34/hamlib/dia_e2e/heis_24_6.txt,16777216,47,1000,6,85.919,19315.221,3.395,3.312e-07
E2EOPCSV,/mnt/beegfs/ysu34/hamlib/dia_e2e/heis_24_6.txt,16777216,47,2,975,15640559602,103.842,123.239,-1
E2EOPCSV,/mnt/beegfs/ysu34/hamlib/dia_e2e/heis_24_6.txt,16777216,47,3,11783,184171888754,-1,-1,-1
E2EOPBUILDCSV,/mnt/beegfs/ysu34/hamlib/dia_e2e/heis_24_6.txt,16777216,6,1888887,26414770232448,-1,-1,-1
E2EOPBUILDCSV,/mnt/beegfs/ysu34/hamlib/dia_e2e/heis_24_6.txt,16777216,6,944444,13207393504832,-1,-1,-1
E2EEVCSV,/mnt/beegfs/ysu34/hamlib/dia_e2e/heis_8_4.txt,256,15,1000,4,didx,0.111,0.371,23.493,95.479,4.064,2.222e-07
E2EEVDIAQCSV,/mnt/beegfs/ysu34/hamlib/dia_e2e/heis_8_4.txt,256,15,1000,4,0.041,37.000,1.575,1.803e-07
E2EOPCSV,/mnt/beegfs/ysu34/hamlib/dia_e2e/heis_8_4.txt,256,15,2,79,17458,0.016,0.006,-1
E2EOPCSV,/mnt/beegfs/ysu34/hamlib/dia_e2e/heis_8_4.txt,256,15,3,199,39410,0.124,0.007,-1
E2EOPBUILDCSV,/mnt/beegfs/ysu34/hamlib/dia_e2e/heis_8_4.txt,256,4,325,55346,0.658,0.852,1.294
E2EOPBUILDCSV,/mnt/beegfs/ysu34/hamlib/dia_e2e/heis_8_4.txt,256,4,163,27801,0.308,-1,-1
E2EEVCSV,/mnt/beegfs/ysu34/hamlib/dia_e2e/maxcut_10_4.txt,1024,1,1000,4,stream,0.086,0.389,20.112,96.558,4.801,0.000e+00
E2EEVDIAQCSV,/mnt/beegfs/ysu34/hamlib/dia_e2e/maxcut_10_4.txt,1024,1,1000,4,0.029,20.950,1.042,0.000e+00
E2EOPCSV,/mnt/beegfs/ysu34/hamlib/dia_e2e/maxcut_10_4.txt,1024,1,2,1,1024,0.001,0.003,-1
E2EOPCSV,/mnt/beegfs/ysu34/hamlib/dia_e2e/maxcut_10_4.txt,1024,1,3,1,1024,0.000,0.003,-1
E2EOPBUILDCSV,/mnt/beegfs/ysu34/hamlib/dia_e2e/maxcut_10_4.txt,1024,4,1,1024,0.200,0.390,1.955
E2EOPBUILDCSV,/mnt/beegfs/ysu34/hamlib/dia_e2e/maxcut_10_4.txt,1024,4,1,1024,0.229,-1,-1
E2EEVCSV,/mnt/beegfs/ysu34/hamlib/dia_e2e/maxcut_12_4.txt,4096,1,1000,4,stream,0.093,0.382,20.869,121.011,5.799,0.000e+00
E2EEVDIAQCSV,/mnt/beegfs/ysu34/hamlib/dia_e2e/maxcut_12_4.txt,4096,1,1000,4,0.043,20.846,0.999,0.000e+00
E2EOPCSV,/mnt/beegfs/ysu34/hamlib/dia_e2e/maxcut_12_4.txt,4096,1,2,1,4096,0.001,0.003,-1
E2EOPCSV,/mnt/beegfs/ysu34/hamlib/dia_e2e/maxcut_12_4.txt,4096,1,3,1,4096,0.000,0.003,-1
E2EOPBUILDCSV,/mnt/beegfs/ysu34/hamlib/dia_e2e/maxcut_12_4.txt,4096,4,1,4096,0.213,0.421,1.977
E2EOPBUILDCSV,/mnt/beegfs/ysu34/hamlib/dia_e2e/maxcut_12_4.txt,4096,4,1,4096,0.234,-1,-1
E2EEVCSV,/mnt/beegfs/ysu34/hamlib/dia_e2e/maxcut_14_5.txt,16384,1,1000,5,stream,0.123,0.464,26.032,160.145,6.152,0.000e+00
E2EEVDIAQCSV,/mnt/beegfs/ysu34/hamlib/dia_e2e/maxcut_14_5.txt,16384,1,1000,5,0.042,27.199,1.045,0.000e+00
E2EOPCSV,/mnt/beegfs/ysu34/hamlib/dia_e2e/maxcut_14_5.txt,16384,1,2,1,16384,0.002,0.003,-1
E2EOPCSV,/mnt/beegfs/ysu34/hamlib/dia_e2e/maxcut_14_5.txt,16384,1,3,1,16384,0.001,0.003,-1
E2EOPBUILDCSV,/mnt/beegfs/ysu34/hamlib/dia_e2e/maxcut_14_5.txt,16384,5,1,16384,0.316,0.659,2.086
E2EOPBUILDCSV,/mnt/beegfs/ysu34/hamlib/dia_e2e/maxcut_14_5.txt,16384,5,1,16384,0.320,-1,-1
E2EEVCSV,/mnt/beegfs/ysu34/hamlib/dia_e2e/maxcut_16_5.txt,65536,1,1000,5,stream,0.264,0.691,28.351,171.552,6.051,0.000e+00
E2EEVDIAQCSV,/mnt/beegfs/ysu34/hamlib/dia_e2e/maxcut_16_5.txt,65536,1,1000,5,0.047,28.566,1.008,0.000e+00
E2EOPCSV,/mnt/beegfs/ysu34/hamlib/dia_e2e/maxcut_16_5.txt,65536,1,2,1,65536,0.001,0.005,-1
E2EOPCSV,/mnt/beegfs/ysu34/hamlib/dia_e2e/maxcut_16_5.txt,65536,1,3,1,65536,0.001,0.005,-1
E2EOPBUILDCSV,/mnt/beegfs/ysu34/hamlib/dia_e2e/maxcut_16_5.txt,65536,5,1,65536,0.519,1.416,2.729
E2EOPBUILDCSV,/mnt/beegfs/ysu34/hamlib/dia_e2e/maxcut_16_5.txt,65536,5,1,65536,0.418,-1,-1
E2EEVCSV,/mnt/beegfs/ysu34/hamlib/dia_e2e/maxcut_18_5.txt,262144,1,1000,5,stream,0.750,1.856,35.365,184.326,5.212,0.000e+00
E2EEVDIAQCSV,/mnt/beegfs/ysu34/hamlib/dia_e2e/maxcut_18_5.txt,262144,1,1000,5,0.112,34.765,0.983,0.000e+00
E2EOPCSV,/mnt/beegfs/ysu34/hamlib/dia_e2e/maxcut_18_5.txt,262144,1,2,1,262144,0.002,0.005,-1
E2EOPCSV,/mnt/beegfs/ysu34/hamlib/dia_e2e/maxcut_18_5.txt,262144,1,3,1,262144,0.001,0.005,-1
E2EOPBUILDCSV,/mnt/beegfs/ysu34/hamlib/dia_e2e/maxcut_18_5.txt,262144,5,1,262144,1.375,3.426,2.492
E2EOPBUILDCSV,/mnt/beegfs/ysu34/hamlib/dia_e2e/maxcut_18_5.txt,262144,5,1,262144,0.886,-1,-1
E2EEVCSV,/mnt/beegfs/ysu34/hamlib/dia_e2e/maxcut_20_5.txt,1048576,1,1000,5,stream,2.746,6.315,67.046,285.518,4.259,0.000e+00
E2EEVDIAQCSV,/mnt/beegfs/ysu34/hamlib/dia_e2e/maxcut_20_5.txt,1048576,1,1000,5,0.218,71.999,1.074,0.000e+00
E2EOPCSV,/mnt/beegfs/ysu34/hamlib/dia_e2e/maxcut_20_5.txt,1048576,1,2,1,1048576,0.006,0.008,-1
E2EOPCSV,/mnt/beegfs/ysu34/hamlib/dia_e2e/maxcut_20_5.txt,1048576,1,3,1,1048576,0.005,0.008,-1
E2EOPBUILDCSV,/mnt/beegfs/ysu34/hamlib/dia_e2e/maxcut_20_5.txt,1048576,5,1,1048576,4.742,11.762,2.480
E2EOPBUILDCSV,/mnt/beegfs/ysu34/hamlib/dia_e2e/maxcut_20_5.txt,1048576,5,1,1048576,2.695,-1,-1
E2EEVCSV,/mnt/beegfs/ysu34/hamlib/dia_e2e/qmaxcut_10_4.txt,1024,19,1000,4,didx,0.142,0.392,24.076,100.939,4.192,8.142e-08
E2EEVDIAQCSV,/mnt/beegfs/ysu34/hamlib/dia_e2e/qmaxcut_10_4.txt,1024,19,1000,4,0.043,44.121,1.833,3.384e-08
E2EOPCSV,/mnt/beegfs/ysu34/hamlib/dia_e2e/qmaxcut_10_4.txt,1024,19,2,181,89042,0.041,0.008,-1
E2EOPCSV,/mnt/beegfs/ysu34/hamlib/dia_e2e/qmaxcut_10_4.txt,1024,19,3,631,340390,0.624,0.011,-1
E2EOPBUILDCSV,/mnt/beegfs/ysu34/hamlib/dia_e2e/qmaxcut_10_4.txt,1024,4,1523,774104,4.778,5.734,1.200
E2EOPBUILDCSV,/mnt/beegfs/ysu34/hamlib/dia_e2e/qmaxcut_10_4.txt,1024,4,762,387564,0.789,-1,-1
E2EEVCSV,/mnt/beegfs/ysu34/hamlib/dia_e2e/qmaxcut_12_4.txt,4096,23,1000,4,didx,0.326,0.524,26.829,111.371,4.151,8.370e-08
E2EEVDIAQCSV,/mnt/beegfs/ysu34/hamlib/dia_e2e/qmaxcut_12_4.txt,4096,23,1000,4,0.047,50.740,1.891,4.397e-08
E2EOPCSV,/mnt/beegfs/ysu34/hamlib/dia_e2e/qmaxcut_12_4.txt,4096,23,2,265,520138,0.076,0.011,-1
E2EOPCSV,/mnt/beegfs/ysu34/hamlib/dia_e2e/qmaxcut_12_4.txt,4096,23,3,1167,2512768,1.487,0.032,-1
E2EOPBUILDCSV,/mnt/beegfs/ysu34/hamlib/dia_e2e/qmaxcut_12_4.txt,4096,4,3815,7717388,18.448,22.103,1.198
E2EOPBUILDCSV,/mnt/beegfs/ysu34/hamlib/dia_e2e/qmaxcut_12_4.txt,4096,4,1908,3860742,1.920,-1,-1
E2EEVCSV,/mnt/beegfs/ysu34/hamlib/dia_e2e/qmaxcut_14_4.txt,16384,27,1000,4,didx,0.960,1.127,26.926,116.035,4.309,9.163e-08
E2EEVDIAQCSV,/mnt/beegfs/ysu34/hamlib/dia_e2e/qmaxcut_14_4.txt,16384,27,1000,4,0.111,57.216,2.125,5.047e-08
E2EOPCSV,/mnt/beegfs/ysu34/hamlib/dia_e2e/qmaxcut_14_4.txt,16384,27,2,365,2867138,0.170,0.025,-1
E2EOPCSV,/mnt/beegfs/ysu34/hamlib/dia_e2e/qmaxcut_14_4.txt,16384,27,3,1951,16752466,3.500,0.200,-1
E2EOPBUILDCSV,/mnt/beegfs/ysu34/hamlib/dia_e2e/qmaxcut_14_4.txt,16384,4,8151,65768640,64.375,78.528,1.220
E2EOPBUILDCSV,/mnt/beegfs/ysu34/hamlib/dia_e2e/qmaxcut_14_4.txt,16384,4,4076,32892512,5.844,-1,-1
E2EEVCSV,/mnt/beegfs/ysu34/hamlib/dia_e2e/qmaxcut_16_4.txt,65536,31,1000,4,didx,3.847,3.781,30.667,177.252,5.780,9.889e-08
E2EEVDIAQCSV,/mnt/beegfs/ysu34/hamlib/dia_e2e/qmaxcut_16_4.txt,65536,31,1000,4,0.235,65.087,2.122,5.704e-08
E2EOPCSV,/mnt/beegfs/ysu34/hamlib/dia_e2e/qmaxcut_16_4.txt,65536,31,2,481,15138746,0.183,0.074,-1
E2EOPCSV,/mnt/beegfs/ysu34/hamlib/dia_e2e/qmaxcut_16_4.txt,65536,31,3,3031,103776028,6.324,0.734,-1
E2EOPBUILDCSV,/mnt/beegfs/ysu34/hamlib/dia_e2e/qmaxcut_16_4.txt,65536,4,15507,499792596,182.773,244.661,1.339
E2EOPBUILDCSV,/mnt/beegfs/ysu34/hamlib/dia_e2e/qmaxcut_16_4.txt,65536,4,7754,249929066,22.037,-1,-1
E2EEVCSV,/mnt/beegfs/ysu34/hamlib/dia_e2e/qmaxcut_18_4.txt,262144,35,1000,4,didx,16.311,16.434,51.981,319.040,6.138,1.047e-07
E2EEVDIAQCSV,/mnt/beegfs/ysu34/hamlib/dia_e2e/qmaxcut_18_4.txt,262144,35,1000,4,0.721,99.361,1.911,6.257e-08
E2EOPCSV,/mnt/beegfs/ysu34/hamlib/dia_e2e/qmaxcut_18_4.txt,262144,35,2,613,77332402,0.511,0.360,-1
E2EOPCSV,/mnt/beegfs/ysu34/hamlib/dia_e2e/qmaxcut_18_4.txt,262144,35,3,4455,608304862,14.654,4.461,-1
E2EEVCSV,/mnt/beegfs/ysu34/hamlib/dia_e2e/qmaxcut_20_4.txt,1048576,39,1000,4,didx,87.618,70.219,196.913,1001.861,5.088,1.102e-07
E2EEVDIAQCSV,/mnt/beegfs/ysu34/hamlib/dia_e2e/qmaxcut_20_4.txt,1048576,39,1000,4,2.796,414.039,2.103,6.784e-08
E2EOPCSV,/mnt/beegfs/ysu34/hamlib/dia_e2e/qmaxcut_20_4.txt,1048576,39,2,761,384827306,1.983,2.089,-1
E2EOPCSV,/mnt/beegfs/ysu34/hamlib/dia_e2e/qmaxcut_20_4.txt,1048576,39,3,6271,3415735960,41.776,29.627,-1
E2EEVCSV,/mnt/beegfs/ysu34/hamlib/dia_e2e/tfim_10_4.txt,1024,21,1000,4,didx,0.190,0.415,24.660,104.429,4.235,2.005e-07
E2EEVDIAQCSV,/mnt/beegfs/ysu34/hamlib/dia_e2e/tfim_10_4.txt,1024,21,1000,4,0.045,47.700,1.934,1.710e-07
E2EOPCSV,/mnt/beegfs/ysu34/hamlib/dia_e2e/tfim_10_4.txt,1024,21,2,167,138738,0.046,0.008,-1
E2EOPCSV,/mnt/beegfs/ysu34/hamlib/dia_e2e/tfim_10_4.txt,1024,21,3,659,474224,0.589,0.014,-1
E2EOPBUILDCSV,/mnt/beegfs/ysu34/hamlib/dia_e2e/tfim_10_4.txt,1024,4,1423,869504,4.772,5.283,1.107
E2EOPBUILDCSV,/mnt/beegfs/ysu34/hamlib/dia_e2e/tfim_10_4.txt,1024,4,712,435264,0.765,-1,-1
E2EEVCSV,/mnt/beegfs/ysu34/hamlib/dia_e2e/tfim_12_4.txt,4096,25,1000,4,didx,0.484,0.564,24.811,107.715,4.341,2.153e-07
E2EEVDIAQCSV,/mnt/beegfs/ysu34/hamlib/dia_e2e/tfim_12_4.txt,4096,25,1000,4,0.054,53.046,2.138,1.899e-07
E2EOPCSV,/mnt/beegfs/ysu34/hamlib/dia_e2e/tfim_12_4.txt,4096,25,2,247,849906,0.095,0.013,-1
E2EOPCSV,/mnt/beegfs/ysu34/hamlib/dia_e2e/tfim_12_4.txt,4096,25,3,1263,3870832,1.764,0.059,-1
E2EOPBUILDCSV,/mnt/beegfs/ysu34/hamlib/dia_e2e/tfim_12_4.txt,4096,4,3647,9763968,21.253,22.774,1.072
E2EOPBUILDCSV,/mnt/beegfs/ysu34/hamlib/dia_e2e/tfim_12_4.txt,4096,4,1824,4884032,2.185,-1,-1
E2EEVCSV,/mnt/beegfs/ysu34/hamlib/dia_e2e/tfim_14_4.txt,16384,29,1000,4,didx,1.740,1.584,28.888,129.485,4.482,2.291e-07
E2EEVDIAQCSV,/mnt/beegfs/ysu34/hamlib/dia_e2e/tfim_14_4.txt,16384,29,1000,4,0.160,61.839,2.141,2.038e-07
E2EOPCSV,/mnt/beegfs/ysu34/hamlib/dia_e2e/tfim_14_4.txt,16384,29,2,343,4841458,0.251,0.046,-1
E2EOPCSV,/mnt/beegfs/ysu34/hamlib/dia_e2e/tfim_14_4.txt,16384,29,3,2171,27836528,4.395,0.408,-1
E2EOPBUILDCSV,/mnt/beegfs/ysu34/hamlib/dia_e2e/tfim_14_4.txt,16384,4,8031,92109952,83.688,90.787,1.085
E2EOPBUILDCSV,/mnt/beegfs/ysu34/hamlib/dia_e2e/tfim_14_4.txt,16384,4,4016,46063168,7.119,-1,-1
E2EEVCSV,/mnt/beegfs/ysu34/hamlib/dia_e2e/tfim_16_4.txt,65536,33,1000,4,didx,8.722,5.519,31.448,224.188,7.129,2.405e-07
E2EEVDIAQCSV,/mnt/beegfs/ysu34/hamlib/dia_e2e/tfim_16_4.txt,65536,33,1000,4,0.312,69.095,2.197,2.204e-07
E2EOPCSV,/mnt/beegfs/ysu34/hamlib/dia_e2e/tfim_16_4.txt,65536,33,2,455,26181618,0.273,0.158,-1
E2EOPCSV,/mnt/beegfs/ysu34/hamlib/dia_e2e/tfim_16_4.txt,65536,33,3,3447,182780016,7.563,1.815,-1
E2EOPBUILDCSV,/mnt/beegfs/ysu34/hamlib/dia_e2e/tfim_16_4.txt,65536,4,15727,759430272,219.036,279.642,1.277
E2EOPBUILDCSV,/mnt/beegfs/ysu34/hamlib/dia_e2e/tfim_16_4.txt,65536,4,7864,379747904,31.732,-1,-1
E2EEVCSV,/mnt/beegfs/ysu34/hamlib/dia_e2e/tfim_16_5.txt,65536,33,1000,5,didx,8.954,5.676,38.468,279.078,7.255,2.403e-07
E2EEVDIAQCSV,/mnt/beegfs/ysu34/hamlib/dia_e2e/tfim_16_5.txt,65536,33,1000,5,0.312,85.966,2.235,2.202e-07
E2EOPCSV,/mnt/beegfs/ysu34/hamlib/dia_e2e/tfim_16_5.txt,65536,33,2,455,26181618,0.269,0.158,-1
E2EOPCSV,/mnt/beegfs/ysu34/hamlib/dia_e2e/tfim_16_5.txt,65536,33,3,3447,182780016,7.643,1.814,-1
E2EOPBUILDCSV,/mnt/beegfs/ysu34/hamlib/dia_e2e/tfim_16_5.txt,65536,5,45471,1968446464,2569.193,2914.142,1.134
E2EOPBUILDCSV,/mnt/beegfs/ysu34/hamlib/dia_e2e/tfim_16_5.txt,65536,5,22736,984256000,244.259,-1,-1
E2EEVCSV,/mnt/beegfs/ysu34/hamlib/dia_e2e/tfim_18_4.txt,262144,37,1000,4,didx,32.991,26.258,68.748,488.599,7.107,2.550e-07
E2EEVDIAQCSV,/mnt/beegfs/ysu34/hamlib/dia_e2e/tfim_18_4.txt,262144,37,1000,4,1.155,148.694,2.163,2.346e-07
E2EOPCSV,/mnt/beegfs/ysu34/hamlib/dia_e2e/tfim_18_4.txt,262144,37,2,583,136183794,0.820,0.919,-1
E2EOPCSV,/mnt/beegfs/ysu34/hamlib/dia_e2e/tfim_18_4.txt,262144,37,3,5155,1121714288,18.502,13.380,-1
E2EEVCSV,/mnt/beegfs/ysu34/hamlib/dia_e2e/tfim_18_5.txt,262144,37,1000,5,didx,32.550,26.265,85.140,616.590,7.242,2.559e-07
E2EEVDIAQCSV,/mnt/beegfs/ysu34/hamlib/dia_e2e/tfim_18_5.txt,262144,37,1000,5,1.176,187.580,2.203,2.343e-07
E2EOPCSV,/mnt/beegfs/ysu34/hamlib/dia_e2e/tfim_18_5.txt,262144,37,2,583,136183794,0.822,0.914,-1
E2EOPCSV,/mnt/beegfs/ysu34/hamlib/dia_e2e/tfim_18_5.txt,262144,37,3,5155,1121714288,18.724,13.422,-1
E2EEVCSV,/mnt/beegfs/ysu34/hamlib/dia_e2e/tfim_20_5.txt,1048576,41,1000,5,didx,205.351,109.937,415.375,2324.607,5.596,2.679e-07
E2EEVDIAQCSV,/mnt/beegfs/ysu34/hamlib/dia_e2e/tfim_20_5.txt,1048576,41,1000,5,4.923,812.761,1.957,2.462e-07
E2EOPCSV,/mnt/beegfs/ysu34/hamlib/dia_e2e/tfim_20_5.txt,1048576,41,2,727,687341554,4.410,4.859,-1
E2EOPCSV,/mnt/beegfs/ysu34/hamlib/dia_e2e/tfim_20_5.txt,1048576,41,3,7359,6535774320,65.828,89.734,-1
E2EOPBUILDCSV,/mnt/beegfs/ysu34/hamlib/dia_e2e/tfim_20_5.txt,1048576,5,198479,151712177152,-1,-1,-1
E2EOPBUILDCSV,/mnt/beegfs/ysu34/hamlib/dia_e2e/tfim_20_5.txt,1048576,5,99240,75856612864,-1,-1,-1
E2EEVCSV,/mnt/beegfs/ysu34/hamlib/dia_e2e/tfim_22_5.txt,4194304,45,1000,5,didx,1066.304,493.593,1976.837,10757.840,5.442,2.790e-07
E2EEVDIAQCSV,/mnt/beegfs/ysu34/hamlib/dia_e2e/tfim_22_5.txt,4194304,45,1000,5,20.603,3663.225,1.853,2.584e-07
E2EOPCSV,/mnt/beegfs/ysu34/hamlib/dia_e2e/tfim_22_5.txt,4194304,45,2,887,3386900466,22.426,25.324,-1
E2EOPCSV,/mnt/beegfs/ysu34/hamlib/dia_e2e/tfim_22_5.txt,4194304,45,3,10123,36553359472,-1,-1,-1
E2EOPBUILDCSV,/mnt/beegfs/ysu34/hamlib/dia_e2e/tfim_22_5.txt,4194304,5,365631,1157158149120,-1,-1,-1
E2EOPBUILDCSV,/mnt/beegfs/ysu34/hamlib/dia_e2e/tfim_22_5.txt,4194304,5,182816,578581171712,-1,-1,-1
E2EEVCSV,/mnt/beegfs/ysu34/hamlib/dia_e2e/tfim_24_5.txt,16777216,49,1000,5,didx,4807.532,2285.157,9122.905,48830.488,5.353,2.889e-07
E2EEVDIAQCSV,/mnt/beegfs/ysu34/hamlib/dia_e2e/tfim_24_5.txt,16777216,49,1000,5,89.368,16923.717,1.855,2.693e-07
E2EOPCSV,/mnt/beegfs/ysu34/hamlib/dia_e2e/tfim_24_5.txt,16777216,49,2,1063,16366174194,106.307,131.411,-1
E2EOPCSV,/mnt/beegfs/ysu34/hamlib/dia_e2e/tfim_24_5.txt,16777216,49,3,13511,197786599536,-1,-1,-1
E2EOPBUILDCSV,/mnt/beegfs/ysu34/hamlib/dia_e2e/tfim_24_5.txt,16777216,5,632383,8232445680640,-1,-1,-1
E2EOPBUILDCSV,/mnt/beegfs/ysu34/hamlib/dia_e2e/tfim_24_5.txt,16777216,5,316192,4116231228928,-1,-1,-1
E2EEVCSV,/mnt/beegfs/ysu34/hamlib/dia_e2e/tfim_8_4.txt,256,17,1000,4,didx,0.111,0.357,22.120,94.212,4.259,1.725e-07
E2EEVDIAQCSV,/mnt/beegfs/ysu34/hamlib/dia_e2e/tfim_8_4.txt,256,17,1000,4,0.041,39.161,1.770,1.324e-07
E2EOPCSV,/mnt/beegfs/ysu34/hamlib/dia_e2e/tfim_8_4.txt,256,17,2,103,20338,0.037,0.006,-1
E2EOPCSV,/mnt/beegfs/ysu34/hamlib/dia_e2e/tfim_8_4.txt,256,17,3,295,48496,0.193,0.008,-1
E2EOPBUILDCSV,/mnt/beegfs/ysu34/hamlib/dia_e2e/tfim_8_4.txt,256,4,463,63616,1.057,1.248,1.181
E2EOPBUILDCSV,/mnt/beegfs/ysu34/hamlib/dia_e2e/tfim_8_4.txt,256,4,232,31936,0.352,-1,-1
E2EEVCSV,/mnt/beegfs/ysu34/hamlib/dia_e2e/tsp_15_4.txt,32768,1,1000,4,stream,0.168,0.517,21.324,131.713,6.177,0.000e+00
E2EEVDIAQCSV,/mnt/beegfs/ysu34/hamlib/dia_e2e/tsp_15_4.txt,32768,1,1000,4,0.044,21.938,1.029,0.000e+00
E2EOPCSV,/mnt/beegfs/ysu34/hamlib/dia_e2e/tsp_15_4.txt,32768,1,2,1,32768,0.002,0.003,-1
E2EOPCSV,/mnt/beegfs/ysu34/hamlib/dia_e2e/tsp_15_4.txt,32768,1,3,1,32768,0.001,0.003,-1
E2EOPBUILDCSV,/mnt/beegfs/ysu34/hamlib/dia_e2e/tsp_15_4.txt,32768,4,1,32768,0.298,0.872,2.921
E2EOPBUILDCSV,/mnt/beegfs/ysu34/hamlib/dia_e2e/tsp_15_4.txt,32768,4,1,32768,0.278,-1,-1
E2EEVCSV,/mnt/beegfs/ysu34/hamlib/dia_e2e/tsp_18_4.txt,262144,1,1000,4,stream,0.738,1.871,29.979,151.634,5.058,0.000e+00
E2EEVDIAQCSV,/mnt/beegfs/ysu34/hamlib/dia_e2e/tsp_18_4.txt,262144,1,1000,4,0.111,29.242,0.975,0.000e+00
E2EOPCSV,/mnt/beegfs/ysu34/hamlib/dia_e2e/tsp_18_4.txt,262144,1,2,1,262144,0.002,0.005,-1
E2EOPCSV,/mnt/beegfs/ysu34/hamlib/dia_e2e/tsp_18_4.txt,262144,1,3,1,262144,0.001,0.005,-1
E2EOPBUILDCSV,/mnt/beegfs/ysu34/hamlib/dia_e2e/tsp_18_4.txt,262144,4,1,262144,1.054,2.596,2.462
E2EOPBUILDCSV,/mnt/beegfs/ysu34/hamlib/dia_e2e/tsp_18_4.txt,262144,4,1,262144,0.696,-1,-1
E2EEVCSV,/mnt/beegfs/ysu34/hamlib/dia_e2e/tsp_8_4.txt,256,1,1000,4,stream,0.082,0.368,18.358,76.476,4.166,0.000e+00
E2EEVDIAQCSV,/mnt/beegfs/ysu34/hamlib/dia_e2e/tsp_8_4.txt,256,1,1000,4,0.029,19.106,1.041,0.000e+00
E2EOPCSV,/mnt/beegfs/ysu34/hamlib/dia_e2e/tsp_8_4.txt,256,1,2,1,256,0.001,0.003,-1
E2EOPCSV,/mnt/beegfs/ysu34/hamlib/dia_e2e/tsp_8_4.txt,256,1,3,1,256,0.000,0.003,-1
E2EOPBUILDCSV,/mnt/beegfs/ysu34/hamlib/dia_e2e/tsp_8_4.txt,256,4,1,256,0.198,0.384,1.940
E2EOPBUILDCSV,/mnt/beegfs/ysu34/hamlib/dia_e2e/tsp_8_4.txt,256,4,1,256,0.219,-1,-1
E2EEVCSV,/mnt/beegfs/ysu34/hamlib/dia_suitesparse/flowmeter0.txt,9669,801,1000,6,didx,13.513,29.685,41.296,471.368,11.414,6.139e-06
E2EEVDIAQCSV,/mnt/beegfs/ysu34/hamlib/dia_suitesparse/flowmeter0.txt,9669,801,1000,6,1.038,2957.094,71.608,6.141e-06
E2EOPCSV,/mnt/beegfs/ysu34/hamlib/dia_suitesparse/flowmeter0.txt,9669,801,2,3075,27355213,17.925,9.475,-1
E2EOPCSV,/mnt/beegfs/ysu34/hamlib/dia_suitesparse/flowmeter0.txt,9669,801,3,4957,41781523,90.262,44.109,-1
E2EOPBUILDCSV,/mnt/beegfs/ysu34/hamlib/dia_suitesparse/flowmeter0.txt,9669,6,10113,72214335,1282.850,2116.136,1.650
E2EEVCSV,/mnt/beegfs/ysu34/hamlib/dia_suitesparse/fv1.txt,9604,9,1000,6,stream,0.373,0.566,33.543,164.485,4.904,1.703e-07
E2EEVDIAQCSV,/mnt/beegfs/ysu34/hamlib/dia_suitesparse/fv1.txt,9604,9,1000,6,0.050,47.020,1.402,1.433e-07
E2EOPCSV,/mnt/beegfs/ysu34/hamlib/dia_suitesparse/fv1.txt,9604,9,2,25,237154,0.009,0.006,-1
E2EOPCSV,/mnt/beegfs/ysu34/hamlib/dia_suitesparse/fv1.txt,9604,9,3,49,462352,0.017,0.009,-1
E2EOPBUILDCSV,/mnt/beegfs/ysu34/hamlib/dia_suitesparse/fv1.txt,9604,6,169,1569526,1.051,2.625,2.498
E2EEVCSV,/mnt/beegfs/ysu34/hamlib/dia_suitesparse/rdb5000.txt,5000,7,1000,6,stream,0.218,0.451,35.052,161.741,4.614,1.002e-06
E2EEVDIAQCSV,/mnt/beegfs/ysu34/hamlib/dia_suitesparse/rdb5000.txt,5000,7,1000,6,0.044,42.610,1.216,1.014e-06
E2EOPCSV,/mnt/beegfs/ysu34/hamlib/dia_suitesparse/rdb5000.txt,5000,7,2,21,103580,0.005,0.005,-1
E2EOPCSV,/mnt/beegfs/ysu34/hamlib/dia_suitesparse/rdb5000.txt,5000,7,3,43,210558,0.013,0.005,-1
E2EOPBUILDCSV,/mnt/beegfs/ysu34/hamlib/dia_suitesparse/rdb5000.txt,5000,6,157,752644,0.848,1.727,2.036
E2EEVCSV,/mnt/beegfs/ysu34/hamlib/dia_suitesparse/tols4000.txt,4000,177,1000,6,stream,0.469,1.966,118.331,174.417,1.474,0.000e+00
E2EEVDIAQCSV,/mnt/beegfs/ysu34/hamlib/dia_suitesparse/tols4000.txt,4000,177,1000,6,0.167,392.844,3.320,0.000e+00
E2EOPCSV,/mnt/beegfs/ysu34/hamlib/dia_suitesparse/tols4000.txt,4000,177,2,587,1297805,0.774,0.127,-1
E2EOPCSV,/mnt/beegfs/ysu34/hamlib/dia_suitesparse/tols4000.txt,4000,177,3,978,2032069,2.855,0.316,-1
E2EOPBUILDCSV,/mnt/beegfs/ysu34/hamlib/dia_suitesparse/tols4000.txt,4000,6,2049,4100000,37.275,40.072,1.075
