# 2026-08-01T12:13:29-04:00 ENERGY=1 J/apply (net of idle): ENERGYRAW,J_net,avg_W,idle_W,iters then the variant row it belongs to
== energy BH_20_7 ==
ENERGYRAW,2.810712e-02,381.8,117.1,68237
PREPCSV,/mnt/beegfs/ysu34/hamlib/dia_e2e/BH_20_7.txt,1048576,127,spmv,didx,208.267,4.094,0.087928,2415
ENERGYRAW,3.763520e-02,393.9,117.1,46214
PREPCSV,/mnt/beegfs/ysu34/hamlib/dia_e2e/BH_20_7.txt,1048576,127,spmv,gopt,174.189,9.564,0.129829,1415
ENERGYRAW,4.118548e-02,390.4,117.1,46133
PREPCSV,/mnt/beegfs/ysu34/hamlib/dia_e2e/BH_20_7.txt,1048576,127,spmv,cusparse_csr,336.845,7.101,0.130058,2645
ENERGYRAW,1.331287e+01,400.0,117.1,127
PREPCSV,/mnt/beegfs/ysu34/hamlib/dia_e2e/BH_20_7.txt,1048576,127,spmspm,ours_flat,32.380,2.028,46.977821,1
PREPCSV,/mnt/beegfs/ysu34/hamlib/dia_e2e/BH_20_7.txt,1048576,127,spmspm,ours_sym,12.420,12.015,-1.000000,-1
ENERGYRAW,6.600693e+00,399.2,117.1,257
PREPCSV,/mnt/beegfs/ysu34/hamlib/dia_e2e/BH_20_7.txt,1048576,127,spmspm,ours_sym,12.420,12.015,23.342564,1
ENERGYRAW,8.289704e+00,379.8,200.8,129
SPMSPMCSV,/mnt/beegfs/ysu34/hamlib/dia_e2e/BH_20_7.txt,1048576,127,5555,5108440242,ours_flat,46.197353,0.000e+00
ENERGYRAW,4.605245e+00,400.0,200.8,282
SPMSPMCSV,/mnt/beegfs/ysu34/hamlib/dia_e2e/BH_20_7.txt,1048576,127,5555,5108440242,ours_sym,21.233541,7.629e-06
SPMSPMCSV,/mnt/beegfs/ysu34/hamlib/dia_e2e/BH_20_7.txt,1048576,127,5555,5108440242,cusparse_spgemm,99.485435,-1.000e+00
== energy fermi_16_5 ==
ENERGYRAW,2.248046e-04,190.9,141.7,1266464
PREPCSV,/mnt/beegfs/ysu34/hamlib/dia_e2e/fermi_16_5.txt,65536,29,spmv,didx,2.263,0.173,0.004738,514
ENERGYRAW,3.103713e-04,210.1,141.7,1277683
PREPCSV,/mnt/beegfs/ysu34/hamlib/dia_e2e/fermi_16_5.txt,65536,29,spmv,didx_sym,0.886,0.339,0.004696,261
ENERGYRAW,1.901043e-04,159.8,141.7,559534
PREPCSV,/mnt/beegfs/ysu34/hamlib/dia_e2e/fermi_16_5.txt,65536,29,spmv,gopt,2.959,0.231,0.010723,297
ENERGYRAW,2.900871e-04,161.3,141.7,402403
PREPCSV,/mnt/beegfs/ysu34/hamlib/dia_e2e/fermi_16_5.txt,65536,29,spmv,cusparse_csr,6.081,0.624,0.014910,450
ENERGYRAW,3.297514e-02,382.6,141.7,46182
PREPCSV,/mnt/beegfs/ysu34/hamlib/dia_e2e/fermi_16_5.txt,65536,29,spmspm,ours_flat,0.244,0.141,0.129920,3
ENERGYRAW,4.860248e-02,398.9,141.7,33957
PREPCSV,/mnt/beegfs/ysu34/hamlib/dia_e2e/fermi_16_5.txt,65536,29,spmspm,hm_atomic,5.046,0.561,0.176693,32
PREPCSV,/mnt/beegfs/ysu34/hamlib/dia_e2e/fermi_16_5.txt,65536,29,spmspm,ours_sym,0.081,0.168,-1.000000,-1
ENERGYRAW,1.865685e-02,399.4,141.7,70166
PREPCSV,/mnt/beegfs/ysu34/hamlib/dia_e2e/fermi_16_5.txt,65536,29,spmspm,ours_sym,0.081,0.168,0.085510,3
ENERGYRAW,3.052322e-02,380.6,160.0,45949
SPMSPMCSV,/mnt/beegfs/ysu34/hamlib/dia_e2e/fermi_16_5.txt,65536,29,353,21513010,ours_flat,0.130578,0.000e+00
ENERGYRAW,1.723845e-02,398.5,160.0,85328
SPMSPMCSV,/mnt/beegfs/ysu34/hamlib/dia_e2e/fermi_16_5.txt,65536,29,353,21513010,ours_sym,0.070317,0.000e+00
ENERGYRAW,4.531847e-02,399.0,160.0,34307
SPMSPMCSV,/mnt/beegfs/ysu34/hamlib/dia_e2e/fermi_16_5.txt,65536,29,353,21513010,hm_atomic,0.174888,0.000e+00
ENERGYRAW,6.512129e-02,173.8,160.0,1269
SPMSPMCSV,/mnt/beegfs/ysu34/hamlib/dia_e2e/fermi_16_5.txt,65536,29,353,21513010,diaq_fp32,4.726159,0.000e+00
SPMSPMCSV,/mnt/beegfs/ysu34/hamlib/dia_e2e/fermi_16_5.txt,65536,29,353,21513010,cusparse_spgemm,5.655158,-1.000e+00
== energy heis_16_5 ==
ENERGYRAW,2.730087e-04,189.2,132.0,1220305
PREPCSV,/mnt/beegfs/ysu34/hamlib/dia_e2e/heis_16_5.txt,65536,31,spmv,didx,2.300,0.186,0.004917,506
ENERGYRAW,3.558289e-04,204.8,132.0,1190476
PREPCSV,/mnt/beegfs/ysu34/hamlib/dia_e2e/heis_16_5.txt,65536,31,spmv,didx_sym,1.063,0.354,0.005040,281
ENERGYRAW,2.833068e-04,156.3,132.0,510481
PREPCSV,/mnt/beegfs/ysu34/hamlib/dia_e2e/heis_16_5.txt,65536,31,spmv,gopt,3.171,0.251,0.011754,291
ENERGYRAW,4.484351e-04,160.5,132.0,380170
PREPCSV,/mnt/beegfs/ysu34/hamlib/dia_e2e/heis_16_5.txt,65536,31,spmv,cusparse_csr,6.412,0.603,0.015782,444
ENERGYRAW,3.872067e-02,382.1,132.0,40613
PREPCSV,/mnt/beegfs/ysu34/hamlib/dia_e2e/heis_16_5.txt,65536,31,spmspm,ours_flat,0.303,0.145,0.147734,3
ENERGYRAW,5.824873e-02,400.2,132.0,29232
PREPCSV,/mnt/beegfs/ysu34/hamlib/dia_e2e/heis_16_5.txt,65536,31,spmspm,hm_atomic,6.220,0.606,0.205248,33
PREPCSV,/mnt/beegfs/ysu34/hamlib/dia_e2e/heis_16_5.txt,65536,31,spmspm,ours_sym,0.091,0.168,-1.000000,-1
ENERGYRAW,2.172334e-02,398.9,132.0,69884
PREPCSV,/mnt/beegfs/ysu34/hamlib/dia_e2e/heis_16_5.txt,65536,31,spmspm,ours_sym,0.091,0.168,0.085856,3
ENERGYRAW,3.519936e-02,380.4,155.2,40543
SPMSPMCSV,/mnt/beegfs/ysu34/hamlib/dia_e2e/heis_16_5.txt,65536,31,399,24395762,ours_flat,0.147989,0.000e+00
ENERGYRAW,1.989601e-02,399.7,155.2,75897
SPMSPMCSV,/mnt/beegfs/ysu34/hamlib/dia_e2e/heis_16_5.txt,65536,31,399,24395762,ours_sym,0.079054,0.000e+00
ENERGYRAW,5.311831e-02,399.4,155.2,29531
SPMSPMCSV,/mnt/beegfs/ysu34/hamlib/dia_e2e/heis_16_5.txt,65536,31,399,24395762,hm_atomic,0.203171,0.000e+00
ENERGYRAW,8.980365e-02,172.8,155.2,1174
SPMSPMCSV,/mnt/beegfs/ysu34/hamlib/dia_e2e/heis_16_5.txt,65536,31,399,24395762,diaq_fp32,5.108291,0.000e+00
SPMSPMCSV,/mnt/beegfs/ysu34/hamlib/dia_e2e/heis_16_5.txt,65536,31,399,24395762,cusparse_spgemm,5.778709,-1.000e+00
== energy heis_18_5 ==
ENERGYRAW,1.330816e-03,284.1,131.2,676528
PREPCSV,/mnt/beegfs/ysu34/hamlib/dia_e2e/heis_18_5.txt,262144,35,spmv,didx,9.907,0.604,0.008869,1185
ENERGYRAW,1.754852e-03,345.7,131.2,713198
PREPCSV,/mnt/beegfs/ysu34/hamlib/dia_e2e/heis_18_5.txt,262144,35,spmv,didx_sym,4.446,1.396,0.008413,694
ENERGYRAW,1.412462e-03,250.9,131.2,500533
PREPCSV,/mnt/beegfs/ysu34/hamlib/dia_e2e/heis_18_5.txt,262144,35,spmv,gopt,11.176,1.068,0.011987,1021
ENERGYRAW,2.739100e-03,239.8,131.2,236518
PREPCSV,/mnt/beegfs/ysu34/hamlib/dia_e2e/heis_18_5.txt,262144,35,spmv,cusparse_csr,26.179,1.153,0.025368,1077
ENERGYRAW,2.349595e-01,390.8,131.2,7253
PREPCSV,/mnt/beegfs/ysu34/hamlib/dia_e2e/heis_18_5.txt,262144,35,spmspm,ours_flat,0.914,0.196,0.827158,1
ENERGYRAW,3.859397e-01,399.7,131.2,4266
PREPCSV,/mnt/beegfs/ysu34/hamlib/dia_e2e/heis_18_5.txt,262144,35,spmspm,hm_atomic,32.976,1.640,1.406306,25
PREPCSV,/mnt/beegfs/ysu34/hamlib/dia_e2e/heis_18_5.txt,262144,35,spmspm,ours_sym,0.363,0.334,-1.000000,-1
ENERGYRAW,1.162536e-01,400.5,131.2,13026
PREPCSV,/mnt/beegfs/ysu34/hamlib/dia_e2e/heis_18_5.txt,262144,35,spmspm,ours_sym,0.363,0.334,0.460592,2
ENERGYRAW,2.045975e-01,381.4,156.1,7259
SPMSPMCSV,/mnt/beegfs/ysu34/hamlib/dia_e2e/heis_18_5.txt,262144,35,519,127991794,ours_flat,0.826534,0.000e+00
ENERGYRAW,1.025316e-01,395.7,156.1,15350
SPMSPMCSV,/mnt/beegfs/ysu34/hamlib/dia_e2e/heis_18_5.txt,262144,35,519,127991794,ours_sym,0.390858,0.000e+00
ENERGYRAW,3.370979e-01,390.1,156.1,4268
SPMSPMCSV,/mnt/beegfs/ysu34/hamlib/dia_e2e/heis_18_5.txt,262144,35,519,127991794,hm_atomic,1.405782,0.000e+00
ENERGYRAW,2.576947e-02,157.0,156.1,206
SPMSPMCSV,/mnt/beegfs/ysu34/hamlib/dia_e2e/heis_18_5.txt,262144,35,519,127991794,diaq_fp32,29.113827,0.000e+00
SPMSPMCSV,/mnt/beegfs/ysu34/hamlib/dia_e2e/heis_18_5.txt,262144,35,519,127991794,cusparse_spgemm,6.426453,-1.000e+00
== energy heis_20_5 ==
ENERGYRAW,9.084421e-03,381.0,128.6,185993
PREPCSV,/mnt/beegfs/ysu34/hamlib/dia_e2e/heis_20_5.txt,1048576,39,spmv,didx,55.619,2.062,0.032259,1788
ENERGYRAW,1.008022e-02,400.1,128.6,183742
PREPCSV,/mnt/beegfs/ysu34/hamlib/dia_e2e/heis_20_5.txt,1048576,39,spmv,didx_sym,18.758,5.268,0.032654,736
ENERGYRAW,1.221543e-02,398.3,128.6,133252
PREPCSV,/mnt/beegfs/ysu34/hamlib/dia_e2e/heis_20_5.txt,1048576,39,spmv,gopt,47.526,3.274,0.045027,1128
ENERGYRAW,1.710336e-02,398.5,128.6,99821
PREPCSV,/mnt/beegfs/ysu34/hamlib/dia_e2e/heis_20_5.txt,1048576,39,spmv,cusparse_csr,116.416,3.496,0.060107,1995
ENERGYRAW,1.322177e+00,400.3,128.6,1341
PREPCSV,/mnt/beegfs/ysu34/hamlib/dia_e2e/heis_20_5.txt,1048576,39,spmspm,ours_flat,3.715,0.499,4.472016,1
ENERGYRAW,2.008631e+00,398.8,128.6,818
PREPCSV,/mnt/beegfs/ysu34/hamlib/dia_e2e/heis_20_5.txt,1048576,39,spmspm,hm_atomic,167.001,5.939,7.333502,24
PREPCSV,/mnt/beegfs/ysu34/hamlib/dia_e2e/heis_20_5.txt,1048576,39,spmspm,ours_sym,1.724,1.761,-1.000000,-1
ENERGYRAW,6.575560e-01,400.6,128.6,2708
PREPCSV,/mnt/beegfs/ysu34/hamlib/dia_e2e/heis_20_5.txt,1048576,39,spmspm,ours_sym,1.724,1.761,2.215501,2
ENERGYRAW,1.086150e+00,380.3,155.2,1341
SPMSPMCSV,/mnt/beegfs/ysu34/hamlib/dia_e2e/heis_20_5.txt,1048576,39,655,650379250,ours_flat,4.471427,0.000e+00
ENERGYRAW,5.474944e-01,383.9,155.2,2782
SPMSPMCSV,/mnt/beegfs/ysu34/hamlib/dia_e2e/heis_20_5.txt,1048576,39,655,650379250,ours_sym,2.156499,0.000e+00
ENERGYRAW,1.735225e+00,388.9,155.2,819
SPMSPMCSV,/mnt/beegfs/ysu34/hamlib/dia_e2e/heis_20_5.txt,1048576,39,655,650379250,hm_atomic,7.320727,0.000e+00
ENERGYRAW,-5.756352e-02,154.8,155.2,41
SPMSPMCSV,/mnt/beegfs/ysu34/hamlib/dia_e2e/heis_20_5.txt,1048576,39,655,650379250,diaq_fp32,145.197144,0.000e+00
SPMSPMCSV,/mnt/beegfs/ysu34/hamlib/dia_e2e/heis_20_5.txt,1048576,39,655,650379250,cusparse_spgemm,11.767371,-1.000e+00
== energy heis_20_6 ==
ENERGYRAW,9.118479e-03,380.5,126.9,186920
PREPCSV,/mnt/beegfs/ysu34/hamlib/dia_e2e/heis_20_6.txt,1048576,39,spmv,didx,56.875,1.990,0.032099,1834
ENERGYRAW,1.009907e-02,399.0,126.9,183661
PREPCSV,/mnt/beegfs/ysu34/hamlib/dia_e2e/heis_20_6.txt,1048576,39,spmv,didx_sym,20.878,5.337,0.032669,802
ENERGYRAW,1.235627e-02,399.6,126.9,132457
PREPCSV,/mnt/beegfs/ysu34/hamlib/dia_e2e/heis_20_6.txt,1048576,39,spmv,gopt,47.672,3.355,0.045298,1126
ENERGYRAW,1.709599e-02,396.7,126.9,100114
PREPCSV,/mnt/beegfs/ysu34/hamlib/dia_e2e/heis_20_6.txt,1048576,39,spmv,cusparse_csr,115.976,3.425,0.059931,1992
ENERGYRAW,1.330135e+00,399.8,126.9,1289
PREPCSV,/mnt/beegfs/ysu34/hamlib/dia_e2e/heis_20_6.txt,1048576,39,spmspm,ours_flat,3.804,0.439,4.651291,1
ENERGYRAW,2.019400e+00,398.7,126.9,819
PREPCSV,/mnt/beegfs/ysu34/hamlib/dia_e2e/heis_20_6.txt,1048576,39,spmspm,hm_atomic,167.447,6.013,7.324927,24
PREPCSV,/mnt/beegfs/ysu34/hamlib/dia_e2e/heis_20_6.txt,1048576,39,spmspm,ours_sym,1.952,0.474,-1.000000,-1
ENERGYRAW,6.591703e-01,399.5,126.9,2620
PREPCSV,/mnt/beegfs/ysu34/hamlib/dia_e2e/heis_20_6.txt,1048576,39,spmspm,ours_sym,1.952,0.474,2.289290,1
ENERGYRAW,1.092365e+00,382.0,155.6,1338
SPMSPMCSV,/mnt/beegfs/ysu34/hamlib/dia_e2e/heis_20_6.txt,1048576,39,655,650379250,ours_flat,4.481688,0.000e+00
ENERGYRAW,5.467074e-01,383.8,155.6,2783
SPMSPMCSV,/mnt/beegfs/ysu34/hamlib/dia_e2e/heis_20_6.txt,1048576,39,655,650379250,ours_sym,2.155637,0.000e+00
ENERGYRAW,1.736977e+00,389.5,155.6,819
SPMSPMCSV,/mnt/beegfs/ysu34/hamlib/dia_e2e/heis_20_6.txt,1048576,39,655,650379250,hm_atomic,7.321354,0.000e+00
ENERGYRAW,4.512142e-02,155.9,155.6,41
SPMSPMCSV,/mnt/beegfs/ysu34/hamlib/dia_e2e/heis_20_6.txt,1048576,39,655,650379250,diaq_fp32,145.349228,0.000e+00
SPMSPMCSV,/mnt/beegfs/ysu34/hamlib/dia_e2e/heis_20_6.txt,1048576,39,655,650379250,cusparse_spgemm,11.624278,-1.000e+00
== energy maxcut_16_5 ==
ENERGYRAW,4.657461e-05,144.1,128.7,1895854
PREPCSV,/mnt/beegfs/ysu34/hamlib/dia_e2e/maxcut_16_5.txt,65536,1,spmv,didx,0.214,0.053,0.003165,85
ENERGYRAW,5.639472e-05,148.0,128.7,1922091
PREPCSV,/mnt/beegfs/ysu34/hamlib/dia_e2e/maxcut_16_5.txt,65536,1,spmv,didx_sym,0.144,0.069,0.003122,68
ENERGYRAW,2.548202e-05,137.3,128.7,1930999
PREPCSV,/mnt/beegfs/ysu34/hamlib/dia_e2e/maxcut_16_5.txt,65536,1,spmv,gopt,0.103,0.044,0.003107,47
ENERGYRAW,1.765953e-05,129.6,128.7,322997
PREPCSV,/mnt/beegfs/ysu34/hamlib/dia_e2e/maxcut_16_5.txt,65536,1,spmv,cusparse_csr,0.263,0.406,0.018576,36
ENERGYRAW,2.594962e-05,134.5,128.7,1295784
PREPCSV,/mnt/beegfs/ysu34/hamlib/dia_e2e/maxcut_16_5.txt,65536,1,spmspm,ours_flat,0.089,0.050,0.004630,30
ENERGYRAW,4.351217e-05,136.7,128.7,1080069
PREPCSV,/mnt/beegfs/ysu34/hamlib/dia_e2e/maxcut_16_5.txt,65536,1,spmspm,hm_atomic,0.191,0.079,0.005555,49
PREPCSV,/mnt/beegfs/ysu34/hamlib/dia_e2e/maxcut_16_5.txt,65536,1,spmspm,ours_sym,0.059,0.049,-1.000000,-1
ENERGYRAW,2.775307e-05,135.1,128.7,1322284
PREPCSV,/mnt/beegfs/ysu34/hamlib/dia_e2e/maxcut_16_5.txt,65536,1,spmspm,ours_sym,0.059,0.049,0.004538,24
ENERGYRAW,4.259457e-05,132.6,123.0,1299826
SPMSPMCSV,/mnt/beegfs/ysu34/hamlib/dia_e2e/maxcut_16_5.txt,65536,1,1,65536,ours_flat,0.004616,0.000e+00
ENERGYRAW,4.830410e-05,134.1,123.0,1324152
SPMSPMCSV,/mnt/beegfs/ysu34/hamlib/dia_e2e/maxcut_16_5.txt,65536,1,1,65536,ours_sym,0.004531,0.000e+00
ENERGYRAW,6.535332e-05,135.1,123.0,1085697
SPMSPMCSV,/mnt/beegfs/ysu34/hamlib/dia_e2e/maxcut_16_5.txt,65536,1,1,65536,hm_atomic,0.005526,0.000e+00
ENERGYRAW,6.819504e-05,123.7,123.0,65737
SPMSPMCSV,/mnt/beegfs/ysu34/hamlib/dia_e2e/maxcut_16_5.txt,65536,1,1,65536,diaq_fp32,0.091272,0.000e+00
SPMSPMCSV,/mnt/beegfs/ysu34/hamlib/dia_e2e/maxcut_16_5.txt,65536,1,1,65536,cusparse_spgemm,5.478678,-1.000e+00
== energy maxcut_18_5 ==
ENERGYRAW,2.628919e-04,194.7,121.2,1601195
PREPCSV,/mnt/beegfs/ysu34/hamlib/dia_e2e/maxcut_18_5.txt,262144,1,spmv,didx,0.978,0.206,0.003747,316
ENERGYRAW,2.959111e-04,204.1,121.2,1611516
PREPCSV,/mnt/beegfs/ysu34/hamlib/dia_e2e/maxcut_18_5.txt,262144,1,spmv,didx_sym,0.703,0.326,0.003723,276
ENERGYRAW,1.580427e-04,169.3,121.2,1754796
PREPCSV,/mnt/beegfs/ysu34/hamlib/dia_e2e/maxcut_18_5.txt,262144,1,spmv,gopt,0.868,0.125,0.003419,290
ENERGYRAW,4.894697e-04,150.0,121.2,349944
PREPCSV,/mnt/beegfs/ysu34/hamlib/dia_e2e/maxcut_18_5.txt,262144,1,spmv,cusparse_csr,1.110,0.554,0.017146,97
ENERGYRAW,2.202415e-04,167.9,121.2,1244606
PREPCSV,/mnt/beegfs/ysu34/hamlib/dia_e2e/maxcut_18_5.txt,262144,1,spmspm,ours_flat,0.149,0.064,0.004821,44
ENERGYRAW,3.170079e-04,173.4,121.2,969994
PREPCSV,/mnt/beegfs/ysu34/hamlib/dia_e2e/maxcut_18_5.txt,262144,1,spmspm,hm_atomic,0.509,0.210,0.006186,116
PREPCSV,/mnt/beegfs/ysu34/hamlib/dia_e2e/maxcut_18_5.txt,262144,1,spmspm,ours_sym,0.098,0.081,-1.000000,-1
ENERGYRAW,2.304017e-04,170.1,121.2,1242956
PREPCSV,/mnt/beegfs/ysu34/hamlib/dia_e2e/maxcut_18_5.txt,262144,1,spmspm,ours_sym,0.098,0.081,0.004827,37
ENERGYRAW,1.790726e-04,164.0,126.0,1235177
SPMSPMCSV,/mnt/beegfs/ysu34/hamlib/dia_e2e/maxcut_18_5.txt,262144,1,1,262144,ours_flat,0.004858,0.000e+00
ENERGYRAW,2.027412e-04,169.0,126.0,1226692
SPMSPMCSV,/mnt/beegfs/ysu34/hamlib/dia_e2e/maxcut_18_5.txt,262144,1,1,262144,ours_sym,0.004891,0.000e+00
ENERGYRAW,2.860388e-04,173.0,126.0,957120
SPMSPMCSV,/mnt/beegfs/ysu34/hamlib/dia_e2e/maxcut_18_5.txt,262144,1,1,262144,hm_atomic,0.006269,0.000e+00
ENERGYRAW,5.034730e-04,127.4,126.0,17441
SPMSPMCSV,/mnt/beegfs/ysu34/hamlib/dia_e2e/maxcut_18_5.txt,262144,1,1,262144,diaq_fp32,0.344010,0.000e+00
SPMSPMCSV,/mnt/beegfs/ysu34/hamlib/dia_e2e/maxcut_18_5.txt,262144,1,1,262144,cusparse_spgemm,5.475168,-1.000e+00
== energy maxcut_20_5 ==
ENERGYRAW,8.919184e-04,259.6,121.3,908870
PREPCSV,/mnt/beegfs/ysu34/hamlib/dia_e2e/maxcut_20_5.txt,1048576,1,spmv,didx,2.898,0.379,0.006602,496
ENERGYRAW,1.023182e-03,276.9,121.3,888415
PREPCSV,/mnt/beegfs/ysu34/hamlib/dia_e2e/maxcut_20_5.txt,1048576,1,spmv,didx_sym,1.608,0.472,0.006754,308
ENERGYRAW,5.224325e-04,227.7,121.3,1198849
PREPCSV,/mnt/beegfs/ysu34/hamlib/dia_e2e/maxcut_20_5.txt,1048576,1,spmv,gopt,1.272,0.194,0.005005,293
ENERGYRAW,1.875553e-03,185.4,121.3,203009
PREPCSV,/mnt/beegfs/ysu34/hamlib/dia_e2e/maxcut_20_5.txt,1048576,1,spmv,cusparse_csr,2.773,0.819,0.029555,122
ENERGYRAW,8.691380e-04,241.0,121.3,808363
PREPCSV,/mnt/beegfs/ysu34/hamlib/dia_e2e/maxcut_20_5.txt,1048576,1,spmspm,ours_flat,0.590,0.096,0.007422,93
ENERGYRAW,1.277293e-03,243.6,121.3,566123
PREPCSV,/mnt/beegfs/ysu34/hamlib/dia_e2e/maxcut_20_5.txt,1048576,1,spmspm,hm_atomic,2.828,0.489,0.010598,313
PREPCSV,/mnt/beegfs/ysu34/hamlib/dia_e2e/maxcut_20_5.txt,1048576,1,spmspm,ours_sym,0.377,0.113,-1.000000,-1
ENERGYRAW,9.016106e-04,245.5,121.3,811161
PREPCSV,/mnt/beegfs/ysu34/hamlib/dia_e2e/maxcut_20_5.txt,1048576,1,spmspm,ours_sym,0.377,0.113,0.007397,66
ENERGYRAW,7.168739e-04,236.0,135.6,820928
SPMSPMCSV,/mnt/beegfs/ysu34/hamlib/dia_e2e/maxcut_20_5.txt,1048576,1,1,1048576,ours_flat,0.007309,0.000e+00
ENERGYRAW,8.117114e-04,249.5,135.6,819672
SPMSPMCSV,/mnt/beegfs/ysu34/hamlib/dia_e2e/maxcut_20_5.txt,1048576,1,1,1048576,ours_sym,0.007320,0.000e+00
ENERGYRAW,1.124319e-03,246.0,135.6,580675
SPMSPMCSV,/mnt/beegfs/ysu34/hamlib/dia_e2e/maxcut_20_5.txt,1048576,1,1,1048576,hm_atomic,0.010333,0.000e+00
ENERGYRAW,-4.420358e-04,135.3,135.6,4415
SPMSPMCSV,/mnt/beegfs/ysu34/hamlib/dia_e2e/maxcut_20_5.txt,1048576,1,1,1048576,diaq_fp32,1.358718,0.000e+00
SPMSPMCSV,/mnt/beegfs/ysu34/hamlib/dia_e2e/maxcut_20_5.txt,1048576,1,1,1048576,cusparse_spgemm,5.437664,-1.000e+00
== energy O2_16_5 ==
ENERGYRAW,4.966089e-03,266.3,123.7,172073
PREPCSV,/mnt/beegfs/ysu34/hamlib/dia_e2e/O2_16_5.txt,65536,1243,spmv,didx,55.737,1.041,0.034869,1628
ENERGYRAW,2.261963e-02,196.0,123.7,19162
PREPCSV,/mnt/beegfs/ysu34/hamlib/dia_e2e/O2_16_5.txt,65536,1243,spmv,gopt,67.589,3.883,0.313114,228
ENERGYRAW,5.981079e-03,302.1,123.7,179709
PREPCSV,/mnt/beegfs/ysu34/hamlib/dia_e2e/O2_16_5.txt,65536,1243,spmv,cusparse_csr,243.651,1.767,0.033387,7351
ENERGYRAW,4.296222e+01,398.9,123.7,38
PREPCSV,/mnt/beegfs/ysu34/hamlib/dia_e2e/O2_16_5.txt,65536,1243,spmspm,ours_flat,1212.157,3.338,155.507706,8
PREPCSV,/mnt/beegfs/ysu34/hamlib/dia_e2e/O2_16_5.txt,65536,1243,spmspm,ours_sym,55.171,4.818,-1.000000,-1
ENERGYRAW,2.033383e+01,398.8,123.7,80
PREPCSV,/mnt/beegfs/ysu34/hamlib/dia_e2e/O2_16_5.txt,65536,1243,spmspm,ours_sym,55.171,4.818,74.127197,1
ENERGYRAW,2.745333e+01,380.1,203.1,38
SPMSPMCSV,/mnt/beegfs/ysu34/hamlib/dia_e2e/O2_16_5.txt,65536,1243,100975,3840684748,ours_flat,155.763702,0.000e+00
ENERGYRAW,1.454359e+01,400.4,203.1,81
SPMSPMCSV,/mnt/beegfs/ysu34/hamlib/dia_e2e/O2_16_5.txt,65536,1243,100975,3840684748,ours_sym,73.775444,7.324e-04
ENERGYRAW,1.511522e+02,391.6,203.1,32
SPMSPMCSV,/mnt/beegfs/ysu34/hamlib/dia_e2e/O2_16_5.txt,65536,1243,100975,3840684748,diaq_fp32,801.481140,2.441e-04
SPMSPMCSV,/mnt/beegfs/ysu34/hamlib/dia_e2e/O2_16_5.txt,65536,1243,100975,3840684748,cusparse_spgemm,26.964714,-1.000e+00
== energy O2_16_7 ==
ENERGYRAW,5.107661e-03,280.7,134.6,170687
PREPCSV,/mnt/beegfs/ysu34/hamlib/dia_e2e/O2_16_7.txt,65536,1243,spmv,didx,55.717,1.071,0.035152,1615
ENERGYRAW,2.249029e-02,206.5,134.6,19172
PREPCSV,/mnt/beegfs/ysu34/hamlib/dia_e2e/O2_16_7.txt,65536,1243,spmv,gopt,66.496,3.898,0.312944,225
ENERGYRAW,5.903419e-03,310.8,134.6,179554
PREPCSV,/mnt/beegfs/ysu34/hamlib/dia_e2e/O2_16_7.txt,65536,1243,spmv,cusparse_csr,241.423,1.778,0.033416,7278
ENERGYRAW,4.149783e+01,399.9,134.6,38
PREPCSV,/mnt/beegfs/ysu34/hamlib/dia_e2e/O2_16_7.txt,65536,1243,spmspm,ours_flat,1212.126,3.055,156.224579,8
PREPCSV,/mnt/beegfs/ysu34/hamlib/dia_e2e/O2_16_7.txt,65536,1243,spmspm,ours_sym,54.400,4.771,-1.000000,-1
ENERGYRAW,1.964820e+01,400.0,134.6,80
PREPCSV,/mnt/beegfs/ysu34/hamlib/dia_e2e/O2_16_7.txt,65536,1243,spmspm,ours_sym,54.400,4.771,74.437752,1
ENERGYRAW,2.750720e+01,379.9,202.6,38
SPMSPMCSV,/mnt/beegfs/ysu34/hamlib/dia_e2e/O2_16_7.txt,65536,1243,100975,3840684748,ours_flat,155.926956,0.000e+00
ENERGYRAW,1.457242e+01,400.2,202.6,81
SPMSPMCSV,/mnt/beegfs/ysu34/hamlib/dia_e2e/O2_16_7.txt,65536,1243,100975,3840684748,ours_sym,73.776642,7.324e-04
ENERGYRAW,1.512903e+02,391.3,202.6,32
SPMSPMCSV,/mnt/beegfs/ysu34/hamlib/dia_e2e/O2_16_7.txt,65536,1243,100975,3840684748,diaq_fp32,800.796265,2.441e-04
SPMSPMCSV,/mnt/beegfs/ysu34/hamlib/dia_e2e/O2_16_7.txt,65536,1243,100975,3840684748,cusparse_spgemm,26.970602,-1.000e+00
== energy O2_20_5 ==
ENERGYRAW,5.527090e-01,373.3,130.8,2702
PREPCSV,/mnt/beegfs/ysu34/hamlib/dia_e2e/O2_20_5.txt,1048576,3359,spmv,didx,2859.691,34.858,2.220429,1304
ENERGYRAW,4.613549e-01,380.3,130.8,3351
PREPCSV,/mnt/beegfs/ysu34/hamlib/dia_e2e/O2_20_5.txt,1048576,3359,spmv,gopt,2790.149,109.607,1.790221,1620
ENERGYRAW,3.469239e-01,384.5,130.8,5255
PREPCSV,/mnt/beegfs/ysu34/hamlib/dia_e2e/O2_20_5.txt,1048576,3359,spmv,cusparse_csr_64i,10733.038,70.451,1.141584,9464
== energy O2_20_8 ==
ENERGYRAW,5.538870e-01,368.0,124.8,2674
PREPCSV,/mnt/beegfs/ysu34/hamlib/dia_e2e/O2_20_8.txt,1048576,3359,spmv,didx,2840.154,35.262,2.243584,1282
ENERGYRAW,4.607111e-01,376.9,124.8,3361
PREPCSV,/mnt/beegfs/ysu34/hamlib/dia_e2e/O2_20_8.txt,1048576,3359,spmv,gopt,2815.563,111.206,1.785096,1640
ENERGYRAW,3.523867e-01,384.2,124.8,5270
PREPCSV,/mnt/beegfs/ysu34/hamlib/dia_e2e/O2_20_8.txt,1048576,3359,spmv,cusparse_csr_64i,10726.246,71.515,1.138466,9484
== energy qmaxcut_16_4 ==
ENERGYRAW,2.911273e-04,182.5,116.7,1311188
PREPCSV,/mnt/beegfs/ysu34/hamlib/dia_e2e/qmaxcut_16_4.txt,65536,31,spmv,didx,1.733,0.184,0.004576,419
ENERGYRAW,4.113623e-04,203.2,116.7,1221498
PREPCSV,/mnt/beegfs/ysu34/hamlib/dia_e2e/qmaxcut_16_4.txt,65536,31,spmv,didx_sym,0.831,0.277,0.004912,226
ENERGYRAW,2.868471e-04,153.2,116.7,751804
PREPCSV,/mnt/beegfs/ysu34/hamlib/dia_e2e/qmaxcut_16_4.txt,65536,31,spmv,gopt,2.007,0.193,0.007981,276
ENERGYRAW,6.331166e-04,158.0,116.7,389853
PREPCSV,/mnt/beegfs/ysu34/hamlib/dia_e2e/qmaxcut_16_4.txt,65536,31,spmv,cusparse_csr,5.784,0.601,0.015390,415
ENERGYRAW,2.039572e-02,381.5,116.7,80458
PREPCSV,/mnt/beegfs/ysu34/hamlib/dia_e2e/qmaxcut_16_4.txt,65536,31,spmspm,ours_flat,0.345,0.139,0.074573,6
ENERGYRAW,2.689920e-02,399.0,116.7,63542
PREPCSV,/mnt/beegfs/ysu34/hamlib/dia_e2e/qmaxcut_16_4.txt,65536,31,spmspm,hm_atomic,4.047,0.451,0.094426,48
PREPCSV,/mnt/beegfs/ysu34/hamlib/dia_e2e/qmaxcut_16_4.txt,65536,31,spmspm,ours_sym,0.157,0.144,-1.000000,-1
ENERGYRAW,1.144327e-02,400.0,116.7,141680
PREPCSV,/mnt/beegfs/ysu34/hamlib/dia_e2e/qmaxcut_16_4.txt,65536,31,spmspm,ours_sym,0.157,0.144,0.042349,7
ENERGYRAW,1.800867e-02,380.3,149.5,80811
SPMSPMCSV,/mnt/beegfs/ysu34/hamlib/dia_e2e/qmaxcut_16_4.txt,65536,31,481,15138746,ours_flat,0.074246,0.000e+00
ENERGYRAW,1.010073e-02,399.3,149.5,147800
SPMSPMCSV,/mnt/beegfs/ysu34/hamlib/dia_e2e/qmaxcut_16_4.txt,65536,31,481,15138746,ours_sym,0.040595,0.000e+00
ENERGYRAW,2.391489e-02,398.2,149.5,64355
SPMSPMCSV,/mnt/beegfs/ysu34/hamlib/dia_e2e/qmaxcut_16_4.txt,65536,31,481,15138746,hm_atomic,0.093232,0.000e+00
ENERGYRAW,4.856082e-02,163.7,149.5,1742
SPMSPMCSV,/mnt/beegfs/ysu34/hamlib/dia_e2e/qmaxcut_16_4.txt,65536,31,481,15138746,diaq_fp32,3.442467,0.000e+00
SPMSPMCSV,/mnt/beegfs/ysu34/hamlib/dia_e2e/qmaxcut_16_4.txt,65536,31,481,15138746,cusparse_spgemm,5.322453,-1.000e+00
== energy qmaxcut_18_4 ==
ENERGYRAW,1.335130e-03,283.3,128.5,677017
PREPCSV,/mnt/beegfs/ysu34/hamlib/dia_e2e/qmaxcut_18_4.txt,262144,35,spmv,didx,6.395,0.573,0.008862,786
ENERGYRAW,1.793754e-03,333.8,128.5,670001
PREPCSV,/mnt/beegfs/ysu34/hamlib/dia_e2e/qmaxcut_18_4.txt,262144,35,spmv,didx_sym,2.974,0.815,0.008955,423
ENERGYRAW,9.573370e-04,236.8,128.5,663012
PREPCSV,/mnt/beegfs/ysu34/hamlib/dia_e2e/qmaxcut_18_4.txt,262144,35,spmv,gopt,6.949,0.593,0.009050,833
ENERGYRAW,3.123682e-03,248.7,128.5,229596
PREPCSV,/mnt/beegfs/ysu34/hamlib/dia_e2e/qmaxcut_18_4.txt,262144,35,spmv,cusparse_csr,22.955,1.210,0.026133,925
ENERGYRAW,1.034125e-01,390.7,128.5,16699
PREPCSV,/mnt/beegfs/ysu34/hamlib/dia_e2e/qmaxcut_18_4.txt,262144,35,spmspm,ours_flat,0.689,0.183,0.359291,2
ENERGYRAW,1.251059e-01,400.1,128.5,13721
PREPCSV,/mnt/beegfs/ysu34/hamlib/dia_e2e/qmaxcut_18_4.txt,262144,35,spmspm,hm_atomic,19.073,1.129,0.437275,46
PREPCSV,/mnt/beegfs/ysu34/hamlib/dia_e2e/qmaxcut_18_4.txt,262144,35,spmspm,ours_sym,0.274,0.162,-1.000000,-1
ENERGYRAW,5.483709e-02,399.5,128.5,29292
PREPCSV,/mnt/beegfs/ysu34/hamlib/dia_e2e/qmaxcut_18_4.txt,262144,35,spmspm,ours_sym,0.274,0.162,0.204834,2
ENERGYRAW,9.007638e-02,381.4,155.2,16712
SPMSPMCSV,/mnt/beegfs/ysu34/hamlib/dia_e2e/qmaxcut_18_4.txt,262144,35,613,77332402,ours_flat,0.359011,0.000e+00
ENERGYRAW,4.920115e-02,398.7,155.2,32562
SPMSPMCSV,/mnt/beegfs/ysu34/hamlib/dia_e2e/qmaxcut_18_4.txt,262144,35,613,77332402,ours_sym,0.184259,0.000e+00
ENERGYRAW,1.102480e-01,394.0,155.2,13764
SPMSPMCSV,/mnt/beegfs/ysu34/hamlib/dia_e2e/qmaxcut_18_4.txt,262144,35,613,77332402,hm_atomic,0.435904,0.000e+00
ENERGYRAW,-1.054393e-01,149.1,155.2,349
SPMSPMCSV,/mnt/beegfs/ysu34/hamlib/dia_e2e/qmaxcut_18_4.txt,262144,35,613,77332402,diaq_fp32,17.167221,0.000e+00
SPMSPMCSV,/mnt/beegfs/ysu34/hamlib/dia_e2e/qmaxcut_18_4.txt,262144,35,613,77332402,cusparse_spgemm,6.299915,-1.000e+00
== energy qmaxcut_20_4 ==
ENERGYRAW,9.137270e-03,381.1,128.5,184638
PREPCSV,/mnt/beegfs/ysu34/hamlib/dia_e2e/qmaxcut_20_4.txt,1048576,39,spmv,didx,31.328,2.109,0.032496,1029
ENERGYRAW,9.949996e-03,399.5,128.5,191375
PREPCSV,/mnt/beegfs/ysu34/hamlib/dia_e2e/qmaxcut_20_4.txt,1048576,39,spmv,didx_sym,13.180,3.302,0.031352,526
ENERGYRAW,8.450503e-03,400.5,128.5,194552
PREPCSV,/mnt/beegfs/ysu34/hamlib/dia_e2e/qmaxcut_20_4.txt,1048576,39,spmv,gopt,28.102,2.222,0.030840,983
ENERGYRAW,1.725274e-02,398.5,128.5,99274
PREPCSV,/mnt/beegfs/ysu34/hamlib/dia_e2e/qmaxcut_20_4.txt,1048576,39,spmv,cusparse_csr,98.547,3.443,0.060438,1687
ENERGYRAW,5.833851e-01,400.2,128.5,3131
PREPCSV,/mnt/beegfs/ysu34/hamlib/dia_e2e/qmaxcut_20_4.txt,1048576,39,spmspm,ours_flat,2.546,0.397,1.915752,2
ENERGYRAW,7.106275e-01,399.6,128.5,2386
PREPCSV,/mnt/beegfs/ysu34/hamlib/dia_e2e/qmaxcut_20_4.txt,1048576,39,spmspm,hm_atomic,99.156,3.660,2.513718,41
PREPCSV,/mnt/beegfs/ysu34/hamlib/dia_e2e/qmaxcut_20_4.txt,1048576,39,spmspm,ours_sym,1.261,0.980,-1.000000,-1
ENERGYRAW,2.956384e-01,400.0,128.5,5767
PREPCSV,/mnt/beegfs/ysu34/hamlib/dia_e2e/qmaxcut_20_4.txt,1048576,39,spmspm,ours_sym,1.261,0.980,1.040296,2
ENERGYRAW,5.021844e-01,382.3,146.4,3164
SPMSPMCSV,/mnt/beegfs/ysu34/hamlib/dia_e2e/qmaxcut_20_4.txt,1048576,39,761,384827306,ours_flat,1.895774,0.000e+00
ENERGYRAW,2.591621e-01,386.5,146.4,6293
SPMSPMCSV,/mnt/beegfs/ysu34/hamlib/dia_e2e/qmaxcut_20_4.txt,1048576,39,761,384827306,ours_sym,0.953373,0.000e+00
ENERGYRAW,6.272064e-01,385.8,146.4,2394
SPMSPMCSV,/mnt/beegfs/ysu34/hamlib/dia_e2e/qmaxcut_20_4.txt,1048576,39,761,384827306,hm_atomic,2.506027,0.000e+00
ENERGYRAW,-1.212356e-01,145.0,146.4,71
SPMSPMCSV,/mnt/beegfs/ysu34/hamlib/dia_e2e/qmaxcut_20_4.txt,1048576,39,761,384827306,diaq_fp32,83.820847,0.000e+00
SPMSPMCSV,/mnt/beegfs/ysu34/hamlib/dia_e2e/qmaxcut_20_4.txt,1048576,39,761,384827306,cusparse_spgemm,10.749813,-1.000e+00
== energy tfim_16_4 ==
ENERGYRAW,4.498787e-04,219.9,128.5,1173708
PREPCSV,/mnt/beegfs/ysu34/hamlib/dia_e2e/tfim_16_4.txt,65536,33,spmv,didx,2.968,0.272,0.005112,634
ENERGYRAW,5.148557e-04,237.2,128.5,1222693
PREPCSV,/mnt/beegfs/ysu34/hamlib/dia_e2e/tfim_16_4.txt,65536,33,spmv,didx_sym,1.247,0.434,0.004907,343
ENERGYRAW,4.205613e-04,161.5,128.5,466359
PREPCSV,/mnt/beegfs/ysu34/hamlib/dia_e2e/tfim_16_4.txt,65536,33,spmv,gopt,3.343,0.285,0.012866,282
ENERGYRAW,9.872122e-04,177.9,128.5,298115
PREPCSV,/mnt/beegfs/ysu34/hamlib/dia_e2e/tfim_16_4.txt,65536,33,spmv,cusparse_csr,7.810,0.708,0.020126,423
ENERGYRAW,4.276012e-02,384.9,128.5,37970
PREPCSV,/mnt/beegfs/ysu34/hamlib/dia_e2e/tfim_16_4.txt,65536,33,spmspm,ours_flat,0.322,0.149,0.158019,3
ENERGYRAW,6.326915e-02,399.0,128.5,27209
PREPCSV,/mnt/beegfs/ysu34/hamlib/dia_e2e/tfim_16_4.txt,65536,33,spmspm,hm_atomic,6.873,0.618,0.220512,34
PREPCSV,/mnt/beegfs/ysu34/hamlib/dia_e2e/tfim_16_4.txt,65536,33,spmspm,ours_sym,0.094,0.182,-1.000000,-1
ENERGYRAW,2.386570e-02,400.1,128.5,57421
PREPCSV,/mnt/beegfs/ysu34/hamlib/dia_e2e/tfim_16_4.txt,65536,33,spmspm,ours_sym,0.094,0.182,0.104491,3
ENERGYRAW,3.862533e-02,380.6,152.3,37848
SPMSPMCSV,/mnt/beegfs/ysu34/hamlib/dia_e2e/tfim_16_4.txt,65536,33,455,26181618,ours_flat,0.158526,0.000e+00
ENERGYRAW,2.166127e-02,398.9,152.3,71264
SPMSPMCSV,/mnt/beegfs/ysu34/hamlib/dia_e2e/tfim_16_4.txt,65536,33,455,26181618,ours_sym,0.084194,0.000e+00
ENERGYRAW,5.772782e-02,398.2,152.3,27285
SPMSPMCSV,/mnt/beegfs/ysu34/hamlib/dia_e2e/tfim_16_4.txt,65536,33,455,26181618,hm_atomic,0.219894,0.000e+00
ENERGYRAW,1.042976e-01,171.7,152.3,1115
SPMSPMCSV,/mnt/beegfs/ysu34/hamlib/dia_e2e/tfim_16_4.txt,65536,33,455,26181618,diaq_fp32,5.379991,0.000e+00
SPMSPMCSV,/mnt/beegfs/ysu34/hamlib/dia_e2e/tfim_16_4.txt,65536,33,455,26181618,cusparse_spgemm,8.117568,-1.000e+00
== energy tfim_16_5 ==
ENERGYRAW,4.482696e-04,221.3,129.7,1188212
PREPCSV,/mnt/beegfs/ysu34/hamlib/dia_e2e/tfim_16_5.txt,65536,33,spmv,didx,2.957,0.272,0.005050,639
ENERGYRAW,5.156392e-04,238.0,129.7,1215559
PREPCSV,/mnt/beegfs/ysu34/hamlib/dia_e2e/tfim_16_5.txt,65536,33,spmv,didx_sym,1.194,0.413,0.004936,326
ENERGYRAW,4.232740e-04,163.0,129.7,467173
PREPCSV,/mnt/beegfs/ysu34/hamlib/dia_e2e/tfim_16_5.txt,65536,33,spmv,gopt,3.468,0.257,0.012843,290
ENERGYRAW,9.719357e-04,178.1,129.7,297430
PREPCSV,/mnt/beegfs/ysu34/hamlib/dia_e2e/tfim_16_5.txt,65536,33,spmv,cusparse_csr,7.796,0.690,0.020173,421
ENERGYRAW,4.288892e-02,385.2,129.7,37972
PREPCSV,/mnt/beegfs/ysu34/hamlib/dia_e2e/tfim_16_5.txt,65536,33,spmspm,ours_flat,0.493,0.149,0.158010,4
ENERGYRAW,6.329446e-02,399.5,129.7,27198
PREPCSV,/mnt/beegfs/ysu34/hamlib/dia_e2e/tfim_16_5.txt,65536,33,spmspm,hm_atomic,6.530,0.615,0.220603,32
PREPCSV,/mnt/beegfs/ysu34/hamlib/dia_e2e/tfim_16_5.txt,65536,33,spmspm,ours_sym,0.212,0.290,-1.000000,-1
ENERGYRAW,2.371827e-02,399.1,129.7,62283
PREPCSV,/mnt/beegfs/ysu34/hamlib/dia_e2e/tfim_16_5.txt,65536,33,spmspm,ours_sym,0.212,0.290,0.096334,5
ENERGYRAW,3.821365e-02,380.5,155.0,38025
SPMSPMCSV,/mnt/beegfs/ysu34/hamlib/dia_e2e/tfim_16_5.txt,65536,33,455,26181618,ours_flat,0.157790,0.000e+00
ENERGYRAW,2.145036e-02,399.0,155.0,71523
SPMSPMCSV,/mnt/beegfs/ysu34/hamlib/dia_e2e/tfim_16_5.txt,65536,33,455,26181618,ours_sym,0.083888,0.000e+00
ENERGYRAW,5.737794e-02,398.9,155.0,27341
SPMSPMCSV,/mnt/beegfs/ysu34/hamlib/dia_e2e/tfim_16_5.txt,65536,33,455,26181618,hm_atomic,0.219445,0.000e+00
ENERGYRAW,8.983233e-02,171.7,155.0,1122
SPMSPMCSV,/mnt/beegfs/ysu34/hamlib/dia_e2e/tfim_16_5.txt,65536,33,455,26181618,diaq_fp32,5.344512,0.000e+00
SPMSPMCSV,/mnt/beegfs/ysu34/hamlib/dia_e2e/tfim_16_5.txt,65536,33,455,26181618,cusparse_spgemm,7.986795,-1.000e+00
== energy tfim_18_4 ==
ENERGYRAW,2.504027e-03,342.5,129.9,501403
PREPCSV,/mnt/beegfs/ysu34/hamlib/dia_e2e/tfim_18_4.txt,262144,37,spmv,didx,12.452,0.909,0.011966,1117
ENERGYRAW,2.542308e-03,391.9,129.9,604351
PREPCSV,/mnt/beegfs/ysu34/hamlib/dia_e2e/tfim_18_4.txt,262144,37,spmv,didx_sym,5.644,1.517,0.009928,721
ENERGYRAW,1.882011e-03,274.1,129.9,450666
PREPCSV,/mnt/beegfs/ysu34/hamlib/dia_e2e/tfim_18_4.txt,262144,37,spmv,gopt,12.399,1.153,0.013314,1018
ENERGYRAW,7.384331e-03,328.8,129.9,161749
PREPCSV,/mnt/beegfs/ysu34/hamlib/dia_e2e/tfim_18_4.txt,262144,37,spmv,cusparse_csr,34.083,1.803,0.037094,967
ENERGYRAW,2.628981e-01,396.9,129.9,6738
PREPCSV,/mnt/beegfs/ysu34/hamlib/dia_e2e/tfim_18_4.txt,262144,37,spmspm,ours_flat,0.995,0.201,0.890434,1
ENERGYRAW,4.114281e-01,400.0,129.9,4052
PREPCSV,/mnt/beegfs/ysu34/hamlib/dia_e2e/tfim_18_4.txt,262144,37,spmspm,hm_atomic,35.485,1.762,1.480490,25
PREPCSV,/mnt/beegfs/ysu34/hamlib/dia_e2e/tfim_18_4.txt,262144,37,spmspm,ours_sym,0.390,0.312,-1.000000,-1
ENERGYRAW,1.248949e-01,399.6,129.9,13027
PREPCSV,/mnt/beegfs/ysu34/hamlib/dia_e2e/tfim_18_4.txt,262144,37,spmspm,ours_sym,0.390,0.312,0.460555,2
ENERGYRAW,2.215725e-01,381.4,155.9,6780
SPMSPMCSV,/mnt/beegfs/ysu34/hamlib/dia_e2e/tfim_18_4.txt,262144,37,583,136183794,ours_flat,0.884907,0.000e+00
ENERGYRAW,1.104117e-01,395.9,155.9,14417
SPMSPMCSV,/mnt/beegfs/ysu34/hamlib/dia_e2e/tfim_18_4.txt,262144,37,583,136183794,ours_sym,0.416154,0.000e+00
ENERGYRAW,3.554496e-01,389.0,155.9,4054
SPMSPMCSV,/mnt/beegfs/ysu34/hamlib/dia_e2e/tfim_18_4.txt,262144,37,583,136183794,hm_atomic,1.479690,0.000e+00
ENERGYRAW,4.090885e-02,157.2,155.9,197
SPMSPMCSV,/mnt/beegfs/ysu34/hamlib/dia_e2e/tfim_18_4.txt,262144,37,583,136183794,diaq_fp32,30.321621,0.000e+00
SPMSPMCSV,/mnt/beegfs/ysu34/hamlib/dia_e2e/tfim_18_4.txt,262144,37,583,136183794,cusparse_spgemm,18.605726,-1.000e+00
== energy tfim_18_5 ==
ENERGYRAW,2.525379e-03,342.6,129.6,497479
PREPCSV,/mnt/beegfs/ysu34/hamlib/dia_e2e/tfim_18_5.txt,262144,37,spmv,didx,12.515,0.908,0.012061,1113
ENERGYRAW,2.538050e-03,390.7,129.6,603087
PREPCSV,/mnt/beegfs/ysu34/hamlib/dia_e2e/tfim_18_5.txt,262144,37,spmv,didx_sym,5.357,1.522,0.009949,692
ENERGYRAW,1.901284e-03,275.2,129.6,451643
PREPCSV,/mnt/beegfs/ysu34/hamlib/dia_e2e/tfim_18_5.txt,262144,37,spmv,gopt,12.790,1.247,0.013285,1057
ENERGYRAW,6.826341e-03,314.2,129.6,162457
PREPCSV,/mnt/beegfs/ysu34/hamlib/dia_e2e/tfim_18_5.txt,262144,37,spmv,cusparse_csr,34.018,1.862,0.036933,972
ENERGYRAW,2.629429e-01,396.5,129.6,6749
PREPCSV,/mnt/beegfs/ysu34/hamlib/dia_e2e/tfim_18_5.txt,262144,37,spmspm,ours_flat,0.999,0.221,0.888974,1
ENERGYRAW,4.121201e-01,400.1,129.6,4052
PREPCSV,/mnt/beegfs/ysu34/hamlib/dia_e2e/tfim_18_5.txt,262144,37,spmspm,hm_atomic,35.430,1.665,1.480510,25
PREPCSV,/mnt/beegfs/ysu34/hamlib/dia_e2e/tfim_18_5.txt,262144,37,spmspm,ours_sym,0.390,0.277,-1.000000,-1
ENERGYRAW,1.256785e-01,400.6,129.6,13084
PREPCSV,/mnt/beegfs/ysu34/hamlib/dia_e2e/tfim_18_5.txt,262144,37,spmspm,ours_sym,0.390,0.277,0.458573,1
ENERGYRAW,2.258698e-01,382.3,152.7,6762
SPMSPMCSV,/mnt/beegfs/ysu34/hamlib/dia_e2e/tfim_18_5.txt,262144,37,583,136183794,ours_flat,0.887245,0.000e+00
ENERGYRAW,1.118492e-01,395.5,152.7,14411
SPMSPMCSV,/mnt/beegfs/ysu34/hamlib/dia_e2e/tfim_18_5.txt,262144,37,583,136183794,ours_sym,0.416330,0.000e+00
ENERGYRAW,3.616377e-01,389.7,152.7,4049
SPMSPMCSV,/mnt/beegfs/ysu34/hamlib/dia_e2e/tfim_18_5.txt,262144,37,583,136183794,hm_atomic,1.481522,0.000e+00
ENERGYRAW,1.797691e-01,158.6,152.7,197
SPMSPMCSV,/mnt/beegfs/ysu34/hamlib/dia_e2e/tfim_18_5.txt,262144,37,583,136183794,diaq_fp32,30.342691,0.000e+00
SPMSPMCSV,/mnt/beegfs/ysu34/hamlib/dia_e2e/tfim_18_5.txt,262144,37,583,136183794,cusparse_spgemm,18.593206,-1.000e+00
== energy tfim_20_5 ==
ENERGYRAW,1.677077e-02,382.0,128.2,102171
PREPCSV,/mnt/beegfs/ysu34/hamlib/dia_e2e/tfim_20_5.txt,1048576,41,spmv,didx,100.388,3.638,0.058725,1771
ENERGYRAW,1.350492e-02,399.9,128.2,144070
PREPCSV,/mnt/beegfs/ysu34/hamlib/dia_e2e/tfim_20_5.txt,1048576,41,spmv,didx_sym,27.219,5.724,0.041646,791
ENERGYRAW,1.538061e-02,400.0,128.2,107777
PREPCSV,/mnt/beegfs/ysu34/hamlib/dia_e2e/tfim_20_5.txt,1048576,41,spmv,gopt,53.834,4.184,0.055670,1042
ENERGYRAW,3.301556e-02,395.1,128.2,54047
PREPCSV,/mnt/beegfs/ysu34/hamlib/dia_e2e/tfim_20_5.txt,1048576,41,spmv,cusparse_csr,144.171,6.064,0.111014,1353
ENERGYRAW,1.428669e+00,400.6,128.2,1176
PREPCSV,/mnt/beegfs/ysu34/hamlib/dia_e2e/tfim_20_5.txt,1048576,41,spmspm,ours_flat,3.941,0.481,5.100414,1
ENERGYRAW,2.125873e+00,399.0,128.2,776
PREPCSV,/mnt/beegfs/ysu34/hamlib/dia_e2e/tfim_20_5.txt,1048576,41,spmspm,hm_atomic,176.747,6.119,7.729478,24
PREPCSV,/mnt/beegfs/ysu34/hamlib/dia_e2e/tfim_20_5.txt,1048576,41,spmspm,ours_sym,2.048,2.171,-1.000000,-1
ENERGYRAW,7.068878e-01,400.1,128.2,2549
PREPCSV,/mnt/beegfs/ysu34/hamlib/dia_e2e/tfim_20_5.txt,1048576,41,spmspm,ours_sym,2.048,2.171,2.353291,2
ENERGYRAW,1.158606e+00,381.2,157.6,1252
SPMSPMCSV,/mnt/beegfs/ysu34/hamlib/dia_e2e/tfim_20_5.txt,1048576,41,727,687341554,ours_flat,4.791016,0.000e+00
ENERGYRAW,5.838434e-01,384.3,157.6,2607
SPMSPMCSV,/mnt/beegfs/ysu34/hamlib/dia_e2e/tfim_20_5.txt,1048576,41,727,687341554,ours_sym,2.301281,0.000e+00
ENERGYRAW,1.823806e+00,389.7,157.6,776
SPMSPMCSV,/mnt/beegfs/ysu34/hamlib/dia_e2e/tfim_20_5.txt,1048576,41,727,687341554,hm_atomic,7.731611,0.000e+00
ENERGYRAW,-2.488848e-01,155.9,157.6,40
SPMSPMCSV,/mnt/beegfs/ysu34/hamlib/dia_e2e/tfim_20_5.txt,1048576,41,727,687341554,diaq_fp32,146.626923,0.000e+00
SPMSPMCSV,/mnt/beegfs/ysu34/hamlib/dia_e2e/tfim_20_5.txt,1048576,41,727,687341554,cusparse_spgemm,71.654366,-1.000e+00
== energy tsp_18_4 ==
ENERGYRAW,2.290954e-04,200.6,135.1,1651982
PREPCSV,/mnt/beegfs/ysu34/hamlib/dia_e2e/tsp_18_4.txt,262144,1,spmv,didx,0.990,0.213,0.003632,331
ENERGYRAW,2.542285e-04,208.1,135.1,1638986
PREPCSV,/mnt/beegfs/ysu34/hamlib/dia_e2e/tsp_18_4.txt,262144,1,spmv,didx_sym,0.728,0.348,0.003661,294
ENERGYRAW,1.232038e-04,174.5,135.1,1850937
PREPCSV,/mnt/beegfs/ysu34/hamlib/dia_e2e/tsp_18_4.txt,262144,1,spmv,gopt,0.445,0.130,0.003242,177
ENERGYRAW,2.789918e-04,151.9,135.1,358680
PREPCSV,/mnt/beegfs/ysu34/hamlib/dia_e2e/tsp_18_4.txt,262144,1,spmv,cusparse_csr,0.977,0.586,0.016728,93
ENERGYRAW,1.608586e-04,170.5,135.1,1289546
PREPCSV,/mnt/beegfs/ysu34/hamlib/dia_e2e/tsp_18_4.txt,262144,1,spmspm,ours_flat,0.152,0.064,0.004653,46
ENERGYRAW,2.431981e-04,176.6,135.1,1008335
PREPCSV,/mnt/beegfs/ysu34/hamlib/dia_e2e/tsp_18_4.txt,262144,1,spmspm,hm_atomic,0.510,0.212,0.005950,121
PREPCSV,/mnt/beegfs/ysu34/hamlib/dia_e2e/tsp_18_4.txt,262144,1,spmspm,ours_sym,0.247,0.148,-1.000000,-1
ENERGYRAW,1.699127e-04,172.5,135.1,1269035
PREPCSV,/mnt/beegfs/ysu34/hamlib/dia_e2e/tsp_18_4.txt,262144,1,spmspm,ours_sym,0.247,0.148,0.004728,83
ENERGYRAW,1.774053e-04,165.6,128.1,1231931
SPMSPMCSV,/mnt/beegfs/ysu34/hamlib/dia_e2e/tsp_18_4.txt,262144,1,1,262144,ours_flat,0.004870,0.000e+00
ENERGYRAW,1.969124e-04,169.7,128.1,1227897
SPMSPMCSV,/mnt/beegfs/ysu34/hamlib/dia_e2e/tsp_18_4.txt,262144,1,1,262144,ours_sym,0.004886,0.000e+00
ENERGYRAW,2.835548e-04,173.4,128.1,951052
SPMSPMCSV,/mnt/beegfs/ysu34/hamlib/dia_e2e/tsp_18_4.txt,262144,1,1,262144,hm_atomic,0.006309,0.000e+00
ENERGYRAW,-1.043639e-04,127.8,128.1,17445
SPMSPMCSV,/mnt/beegfs/ysu34/hamlib/dia_e2e/tsp_18_4.txt,262144,1,1,262144,diaq_fp32,0.343928,0.000e+00
SPMSPMCSV,/mnt/beegfs/ysu34/hamlib/dia_e2e/tsp_18_4.txt,262144,1,1,262144,cusparse_spgemm,5.324672,-1.000e+00
== energy ecology2 ==
ENERGYRAW,2.790739e-03,374.4,122.0,543872
PREPCSV,/mnt/beegfs/ysu34/hamlib/dia_suitesparse/ecology2.txt,999999,7,spmv,didx,10.611,1.096,0.011032,1061
ENERGYRAW,3.301889e-03,399.5,122.0,489747
PREPCSV,/mnt/beegfs/ysu34/hamlib/dia_suitesparse/ecology2.txt,999999,7,spmv,didx_sym,5.043,1.311,0.012251,519
ENERGYRAW,1.691928e-03,298.0,122.0,609458
PREPCSV,/mnt/beegfs/ysu34/hamlib/dia_suitesparse/ecology2.txt,999999,7,spmv,gopt,8.514,0.754,0.009845,941
ENERGYRAW,8.675519e-03,350.2,122.0,157622
PREPCSV,/mnt/beegfs/ysu34/hamlib/dia_suitesparse/ecology2.txt,999999,7,spmv,cusparse_csr,11.164,2.020,0.038066,346
ENERGYRAW,3.803087e-02,397.9,122.0,48492
PREPCSV,/mnt/beegfs/ysu34/hamlib/dia_suitesparse/ecology2.txt,999999,7,spmspm,ours_flat,0.733,0.122,0.123731,7
ENERGYRAW,6.534277e-02,400.1,122.0,27654
PREPCSV,/mnt/beegfs/ysu34/hamlib/dia_suitesparse/ecology2.txt,999999,7,spmspm,hm_atomic,7.753,1.487,0.216965,43
PREPCSV,/mnt/beegfs/ysu34/hamlib/dia_suitesparse/ecology2.txt,999999,7,spmspm,ours_sym,0.530,0.159,-1.000000,-1
ENERGYRAW,2.037722e-02,399.8,122.0,79092
PREPCSV,/mnt/beegfs/ysu34/hamlib/dia_suitesparse/ecology2.txt,999999,7,spmspm,ours_sym,0.530,0.159,0.075861,9
ENERGYRAW,3.438569e-02,381.6,131.7,48581
SPMSPMCSV,/mnt/beegfs/ysu34/hamlib/dia_suitesparse/ecology2.txt,999999,7,19,18979985,ours_flat,0.123504,0.000e+00
ENERGYRAW,1.955176e-02,400.0,131.7,83990
SPMSPMCSV,/mnt/beegfs/ysu34/hamlib/dia_suitesparse/ecology2.txt,999999,7,19,18979985,ours_sym,0.071437,1.526e-05
ENERGYRAW,6.225915e-02,398.7,131.7,28459
SPMSPMCSV,/mnt/beegfs/ysu34/hamlib/dia_suitesparse/ecology2.txt,999999,7,19,18979985,hm_atomic,0.210824,7.629e-06
ENERGYRAW,1.926610e-01,139.2,131.7,232
SPMSPMCSV,/mnt/beegfs/ysu34/hamlib/dia_suitesparse/ecology2.txt,999999,7,19,18979985,diaq_fp32,25.781055,7.629e-06
SPMSPMCSV,/mnt/beegfs/ysu34/hamlib/dia_suitesparse/ecology2.txt,999999,7,19,18979985,cusparse_spgemm,6.112800,-1.000e+00
== energy atmosmodd ==
ENERGYRAW,7.128071e-03,381.2,126.6,231352
PREPCSV,/mnt/beegfs/ysu34/hamlib/dia_suitesparse/atmosmodd.txt,1270432,7,spmv,didx,19.885,1.816,0.025934,837
ENERGYRAW,4.381376e-03,398.7,126.6,365603
PREPCSV,/mnt/beegfs/ysu34/hamlib/dia_suitesparse/atmosmodd.txt,1270432,7,spmv,gopt,14.456,1.355,0.016411,963
ENERGYRAW,1.484269e-02,398.4,126.6,111963
PREPCSV,/mnt/beegfs/ysu34/hamlib/dia_suitesparse/atmosmodd.txt,1270432,7,spmv,cusparse_csr,16.585,2.953,0.053589,365
ENERGYRAW,5.915167e-02,400.6,126.6,30085
PREPCSV,/mnt/beegfs/ysu34/hamlib/dia_suitesparse/atmosmodd.txt,1270432,7,spmspm,ours_flat,0.877,0.131,0.199429,5
ENERGYRAW,9.023128e-02,399.4,126.6,19687
PREPCSV,/mnt/beegfs/ysu34/hamlib/dia_suitesparse/atmosmodd.txt,1270432,7,spmspm,hm_atomic,12.636,1.907,0.304757,48
PREPCSV,/mnt/beegfs/ysu34/hamlib/dia_suitesparse/atmosmodd.txt,1270432,7,spmspm,ours_sym,0.570,0.185,-1.000000,-1
ENERGYRAW,3.019170e-02,399.9,126.6,48233
PREPCSV,/mnt/beegfs/ysu34/hamlib/dia_suitesparse/atmosmodd.txt,1270432,7,spmspm,ours_sym,0.570,0.185,0.124394,6
ENERGYRAW,4.959511e-02,381.5,149.0,31949
SPMSPMCSV,/mnt/beegfs/ysu34/hamlib/dia_suitesparse/atmosmodd.txt,1270432,7,25,31452658,ours_flat,0.187797,0.000e+00
ENERGYRAW,2.738279e-02,399.0,149.0,60407
SPMSPMCSV,/mnt/beegfs/ysu34/hamlib/dia_suitesparse/atmosmodd.txt,1270432,7,25,31452658,ours_sym,0.099325,3.760e+06
ENERGYRAW,8.241624e-02,398.7,149.0,19731
SPMSPMCSV,/mnt/beegfs/ysu34/hamlib/dia_suitesparse/atmosmodd.txt,1270432,7,25,31452658,hm_atomic,0.304082,1.024e+03
ENERGYRAW,-3.079593e-01,139.0,149.0,196
SPMSPMCSV,/mnt/beegfs/ysu34/hamlib/dia_suitesparse/atmosmodd.txt,1270432,7,25,31452658,diaq_fp32,30.568991,1.024e+03
SPMSPMCSV,/mnt/beegfs/ysu34/hamlib/dia_suitesparse/atmosmodd.txt,1270432,7,25,31452658,cusparse_spgemm,7.550187,-1.000e+00
== energy Lin ==
ENERGYRAW,8.228316e-04,276.7,129.5,1038781
PREPCSV,/mnt/beegfs/ysu34/hamlib/dia_suitesparse/Lin.txt,256000,7,spmv,didx,3.650,0.399,0.005776,701
ENERGYRAW,9.985461e-04,310.6,129.5,1042535
PREPCSV,/mnt/beegfs/ysu34/hamlib/dia_suitesparse/Lin.txt,256000,7,spmv,didx_sym,1.531,0.469,0.005755,347
ENERGYRAW,5.435961e-04,227.9,129.5,1048951
PREPCSV,/mnt/beegfs/ysu34/hamlib/dia_suitesparse/Lin.txt,256000,7,spmv,gopt,3.281,0.277,0.005720,622
ENERGYRAW,1.839699e-03,213.2,129.5,271739
PREPCSV,/mnt/beegfs/ysu34/hamlib/dia_suitesparse/Lin.txt,256000,7,spmv,cusparse_csr,3.038,0.926,0.022080,180
ENERGYRAW,9.341408e-03,383.3,129.5,165271
PREPCSV,/mnt/beegfs/ysu34/hamlib/dia_suitesparse/Lin.txt,256000,7,spmspm,ours_flat,0.180,0.136,0.036304,9
ENERGYRAW,1.278381e-02,399.9,129.5,126899
PREPCSV,/mnt/beegfs/ysu34/hamlib/dia_suitesparse/Lin.txt,256000,7,spmspm,hm_atomic,1.801,0.509,0.047282,49
PREPCSV,/mnt/beegfs/ysu34/hamlib/dia_suitesparse/Lin.txt,256000,7,spmspm,ours_sym,0.374,0.240,-1.000000,-1
ENERGYRAW,5.513822e-03,391.2,129.5,274243
PREPCSV,/mnt/beegfs/ysu34/hamlib/dia_suitesparse/Lin.txt,256000,7,spmspm,ours_sym,0.374,0.240,0.021878,28
ENERGYRAW,8.527428e-03,376.4,145.5,166333
SPMSPMCSV,/mnt/beegfs/ysu34/hamlib/dia_suitesparse/Lin.txt,256000,7,25,6309594,ours_flat,0.036072,0.000e+00
ENERGYRAW,5.180473e-03,391.3,145.5,276814
SPMSPMCSV,/mnt/beegfs/ysu34/hamlib/dia_suitesparse/Lin.txt,256000,7,25,6309594,ours_sym,0.021675,6.250e-02
ENERGYRAW,1.200876e-02,399.6,145.5,129475
SPMSPMCSV,/mnt/beegfs/ysu34/hamlib/dia_suitesparse/Lin.txt,256000,7,25,6309594,hm_atomic,0.046341,3.125e-02
ENERGYRAW,4.570971e-02,154.6,145.5,1185
SPMSPMCSV,/mnt/beegfs/ysu34/hamlib/dia_suitesparse/Lin.txt,256000,7,25,6309594,diaq_fp32,5.060806,3.125e-02
SPMSPMCSV,/mnt/beegfs/ysu34/hamlib/dia_suitesparse/Lin.txt,256000,7,25,6309594,cusparse_spgemm,5.158816,-1.000e+00
ENERGYRAW,2.819683e-02,381.5,114.6,68453
PREPCSV,/mnt/beegfs/ysu34/hamlib/dia_e2e/BH_20_7.txt,1048576,127,spmv,didx,232.542,4.081,0.087651,2700
ENERGYRAW,2.591071e-02,394.9,114.6,74170
PREPCSV,/mnt/beegfs/ysu34/hamlib/dia_e2e/BH_20_7.txt,1048576,127,spmv,didx_sym,84.524,15.444,0.080894,1236
ENERGYRAW,3.737459e-02,390.2,114.6,46118
PREPCSV,/mnt/beegfs/ysu34/hamlib/dia_e2e/BH_20_7.txt,1048576,127,spmv,gopt,290.491,9.576,0.130099,2306
ENERGYRAW,4.082992e-02,386.6,114.6,45856
PREPCSV,/mnt/beegfs/ysu34/hamlib/dia_e2e/BH_20_7.txt,1048576,127,spmv,cusparse_csr,475.123,7.127,0.130843,3686
ENERGYRAW,1.336962e+01,399.5,114.6,127
PREPCSV,/mnt/beegfs/ysu34/hamlib/dia_e2e/BH_20_7.txt,1048576,127,spmspm,ours_flat,42.829,2.004,46.904469,1
PREPCSV,/mnt/beegfs/ysu34/hamlib/dia_e2e/BH_20_7.txt,1048576,127,spmspm,ours_sym,14.783,11.930,-1.000000,-1
ENERGYRAW,6.670514e+00,400.5,114.6,257
PREPCSV,/mnt/beegfs/ysu34/hamlib/dia_e2e/BH_20_7.txt,1048576,127,spmspm,ours_sym,14.783,11.930,23.321548,1
== energy fermi_18_5 ==
ENERGYRAW,1.244493e-03,275.6,125.2,715648
PREPCSV,/mnt/beegfs/ysu34/hamlib/dia_e2e/fermi_18_5.txt,262144,33,spmv,didx,8.329,0.606,0.008384,1066
ENERGYRAW,1.606585e-03,324.3,125.2,724217
PREPCSV,/mnt/beegfs/ysu34/hamlib/dia_e2e/fermi_18_5.txt,262144,33,spmv,didx_sym,4.078,1.407,0.008285,662
ENERGYRAW,1.232578e-03,230.0,125.2,500868
PREPCSV,/mnt/beegfs/ysu34/hamlib/dia_e2e/fermi_18_5.txt,262144,33,spmv,gopt,15.933,1.021,0.011979,1415
ENERGYRAW,2.360570e-03,221.1,125.2,242655
PREPCSV,/mnt/beegfs/ysu34/hamlib/dia_e2e/fermi_18_5.txt,262144,33,spmv,cusparse_csr,26.861,1.397,0.024726,1143
ENERGYRAW,2.085387e-01,388.8,125.2,8153
PREPCSV,/mnt/beegfs/ysu34/hamlib/dia_e2e/fermi_18_5.txt,262144,33,spmspm,ours_flat,0.933,0.242,0.735899,2
ENERGYRAW,3.463003e-01,399.4,125.2,4853
PREPCSV,/mnt/beegfs/ysu34/hamlib/dia_e2e/fermi_18_5.txt,262144,33,spmspm,hm_atomic,79.107,1.639,1.236283,65
PREPCSV,/mnt/beegfs/ysu34/hamlib/dia_e2e/fermi_18_5.txt,262144,33,spmspm,ours_sym,0.413,0.406,-1.000000,-1
ENERGYRAW,1.031867e-01,399.4,125.2,15638
PREPCSV,/mnt/beegfs/ysu34/hamlib/dia_e2e/fermi_18_5.txt,262144,33,spmspm,ours_sym,0.413,0.406,0.383672,2
SPMSPMCSV,/mnt/beegfs/ysu34/hamlib/dia_e2e/fermi_18_5.txt,262144,33,465,114362994,ours_flat,0.733499,0.000e+00
SPMSPMCSV,/mnt/beegfs/ysu34/hamlib/dia_e2e/fermi_18_5.txt,262144,33,465,114362994,ours_sym,0.344467,0.000e+00
SPMSPMCSV,/mnt/beegfs/ysu34/hamlib/dia_e2e/fermi_18_5.txt,262144,33,465,114362994,hm_atomic,1.236502,0.000e+00
SPMSPMCSV,/mnt/beegfs/ysu34/hamlib/dia_e2e/fermi_18_5.txt,262144,33,465,114362994,diaq_fp32,27.155691,0.000e+00
SPMSPMCSV,/mnt/beegfs/ysu34/hamlib/dia_e2e/fermi_18_5.txt,262144,33,465,114362994,cusparse_spgemm,7.696853,-1.000e+00
== energy fermi_20_5 ==
ENERGYRAW,8.734040e-03,381.0,124.9,193978
PREPCSV,/mnt/beegfs/ysu34/hamlib/dia_e2e/fermi_20_5.txt,1048576,37,spmv,didx,64.615,2.126,0.030931,2158
ENERGYRAW,9.791309e-03,398.5,124.9,190510
PREPCSV,/mnt/beegfs/ysu34/hamlib/dia_e2e/fermi_20_5.txt,1048576,37,spmv,didx_sym,17.483,5.475,0.031494,729
ENERGYRAW,1.184808e-02,397.5,124.9,138930
PREPCSV,/mnt/beegfs/ysu34/hamlib/dia_e2e/fermi_20_5.txt,1048576,37,spmv,gopt,78.802,3.697,0.043187,1910
ENERGYRAW,1.647096e-02,397.5,124.9,103479
PREPCSV,/mnt/beegfs/ysu34/hamlib/dia_e2e/fermi_20_5.txt,1048576,37,spmv,cusparse_csr,114.127,3.726,0.057982,2033
ENERGYRAW,1.198074e+00,399.3,124.9,1469
PREPCSV,/mnt/beegfs/ysu34/hamlib/dia_e2e/fermi_20_5.txt,1048576,37,spmspm,ours_flat,3.918,0.490,4.083925,1
ENERGYRAW,1.786486e+00,393.0,124.9,913
PREPCSV,/mnt/beegfs/ysu34/hamlib/dia_e2e/fermi_20_5.txt,1048576,37,spmspm,hm_atomic,403.024,5.660,6.571478,62
PREPCSV,/mnt/beegfs/ysu34/hamlib/dia_e2e/fermi_20_5.txt,1048576,37,spmspm,ours_sym,1.918,0.950,-1.000000,-1
ENERGYRAW,5.930522e-01,399.4,124.9,3072
PREPCSV,/mnt/beegfs/ysu34/hamlib/dia_e2e/fermi_20_5.txt,1048576,37,spmspm,ours_sym,1.918,0.950,1.952850,1
SPMSPMCSV,/mnt/beegfs/ysu34/hamlib/dia_e2e/fermi_20_5.txt,1048576,37,593,587472114,ours_flat,3.988824,0.000e+00
SPMSPMCSV,/mnt/beegfs/ysu34/hamlib/dia_e2e/fermi_20_5.txt,1048576,37,593,587472114,ours_sym,1.925096,0.000e+00
SPMSPMCSV,/mnt/beegfs/ysu34/hamlib/dia_e2e/fermi_20_5.txt,1048576,37,593,587472114,hm_atomic,6.580318,0.000e+00
SPMSPMCSV,/mnt/beegfs/ysu34/hamlib/dia_e2e/fermi_20_5.txt,1048576,37,593,587472114,diaq_fp32,136.483612,0.000e+00
SPMSPMCSV,/mnt/beegfs/ysu34/hamlib/dia_e2e/fermi_20_5.txt,1048576,37,593,587472114,cusparse_spgemm,12.223104,-1.000e+00
== energy bh_16_5 ==
ENERGYRAW,6.669632e-04,222.4,122.9,874125
PREPCSV,/mnt/beegfs/ysu34/hamlib/dia_e2e/bh_16_5.txt,65536,167,spmv,didx,12.363,0.422,0.006864,1863
ENERGYRAW,8.491295e-04,249.7,122.9,871890
PREPCSV,/mnt/beegfs/ysu34/hamlib/dia_e2e/bh_16_5.txt,65536,167,spmv,didx_sym,5.173,1.541,0.006882,976
ENERGYRAW,1.605787e-03,161.0,122.9,141216
PREPCSV,/mnt/beegfs/ysu34/hamlib/dia_e2e/bh_16_5.txt,65536,167,spmv,gopt,18.513,1.086,0.042488,461
ENERGYRAW,1.216393e-03,179.4,122.9,276671
PREPCSV,/mnt/beegfs/ysu34/hamlib/dia_e2e/bh_16_5.txt,65536,167,spmv,cusparse_csr,23.471,1.013,0.021686,1129
ENERGYRAW,9.544662e-01,388.0,122.9,1789
PREPCSV,/mnt/beegfs/ysu34/hamlib/dia_e2e/bh_16_5.txt,65536,167,spmspm,ours_flat,8.658,0.495,3.352762,3
ENERGYRAW,1.551810e+00,396.7,122.9,1094
PREPCSV,/mnt/beegfs/ysu34/hamlib/dia_e2e/bh_16_5.txt,65536,167,spmspm,hm_atomic,226.356,1.991,5.483034,42
PREPCSV,/mnt/beegfs/ysu34/hamlib/dia_e2e/bh_16_5.txt,65536,167,spmspm,ours_sym,1.297,0.672,-1.000000,-1
ENERGYRAW,4.498017e-01,399.7,122.9,3957
PREPCSV,/mnt/beegfs/ysu34/hamlib/dia_e2e/bh_16_5.txt,65536,167,spmspm,ours_sym,1.297,0.672,1.516000,1
SPMSPMCSV,/mnt/beegfs/ysu34/hamlib/dia_e2e/bh_16_5.txt,65536,167,7015,353993152,ours_flat,3.383858,0.000e+00
SPMSPMCSV,/mnt/beegfs/ysu34/hamlib/dia_e2e/bh_16_5.txt,65536,167,7015,353993152,ours_sym,1.491422,7.629e-06
SPMSPMCSV,/mnt/beegfs/ysu34/hamlib/dia_e2e/bh_16_5.txt,65536,167,7015,353993152,hm_atomic,5.479602,7.629e-06
SPMSPMCSV,/mnt/beegfs/ysu34/hamlib/dia_e2e/bh_16_5.txt,65536,167,7015,353993152,diaq_fp32,42.010040,7.629e-06
SPMSPMCSV,/mnt/beegfs/ysu34/hamlib/dia_e2e/bh_16_5.txt,65536,167,7015,353993152,cusparse_spgemm,10.825013,-1.000e+00
== energy bh_18_5 ==
ENERGYRAW,3.838786e-03,325.9,122.7,316616
PREPCSV,/mnt/beegfs/ysu34/hamlib/dia_e2e/bh_18_5.txt,262144,192,spmv,didx,60.612,1.068,0.018950,3255
ENERGYRAW,4.737396e-03,392.0,122.7,340661
PREPCSV,/mnt/beegfs/ysu34/hamlib/dia_e2e/bh_18_5.txt,262144,192,spmv,didx_sym,21.875,5.850,0.017613,1574
ENERGYRAW,1.433623e-02,328.7,122.7,85930
PREPCSV,/mnt/beegfs/ysu34/hamlib/dia_e2e/bh_18_5.txt,262144,192,spmv,gopt,93.080,3.733,0.069824,1387
ENERGYRAW,9.295023e-03,346.1,122.7,145230
PREPCSV,/mnt/beegfs/ysu34/hamlib/dia_e2e/bh_18_5.txt,262144,192,spmv,cusparse_csr,143.777,2.290,0.041314,3536
ENERGYRAW,6.270414e+00,400.9,122.7,275
PREPCSV,/mnt/beegfs/ysu34/hamlib/dia_e2e/bh_18_5.txt,262144,192,spmspm,ours_flat,22.720,1.157,21.764250,1
ENERGYRAW,1.082484e+01,400.0,122.7,154
PREPCSV,/mnt/beegfs/ysu34/hamlib/dia_e2e/bh_18_5.txt,262144,192,spmspm,hm_atomic,1435.050,7.950,38.919724,37
PREPCSV,/mnt/beegfs/ysu34/hamlib/dia_e2e/bh_18_5.txt,262144,192,spmspm,ours_sym,5.335,2.569,-1.000000,-1
ENERGYRAW,2.912873e+00,396.3,122.7,605
PREPCSV,/mnt/beegfs/ysu34/hamlib/dia_e2e/bh_18_5.txt,262144,192,spmspm,ours_sym,5.335,2.569,9.913706,1
SPMSPMCSV,/mnt/beegfs/ysu34/hamlib/dia_e2e/bh_18_5.txt,262144,192,10123,2135089216,ours_flat,21.021952,0.000e+00
SPMSPMCSV,/mnt/beegfs/ysu34/hamlib/dia_e2e/bh_18_5.txt,262144,192,10123,2135089216,ours_sym,9.828939,7.629e-06
SPMSPMCSV,/mnt/beegfs/ysu34/hamlib/dia_e2e/bh_18_5.txt,262144,192,10123,2135089216,hm_atomic,38.877670,7.629e-06
SPMSPMCSV,/mnt/beegfs/ysu34/hamlib/dia_e2e/bh_18_5.txt,262144,192,10123,2135089216,diaq_fp32,219.879364,7.629e-06
SPMSPMCSV,/mnt/beegfs/ysu34/hamlib/dia_e2e/bh_18_5.txt,262144,192,10123,2135089216,cusparse_spgemm,24.970016,-1.000e+00
== energy bh_20_5 ==
ENERGYRAW,2.859457e-02,381.1,114.7,66463
PREPCSV,/mnt/beegfs/ysu34/hamlib/dia_e2e/bh_20_5.txt,1048576,214,spmv,didx,356.328,4.152,0.090275,3993
ENERGYRAW,2.964300e-02,390.5,114.7,66481
PREPCSV,/mnt/beegfs/ysu34/hamlib/dia_e2e/bh_20_5.txt,1048576,214,spmv,didx_sym,117.407,25.293,0.090251,1581
ENERGYRAW,5.186785e-02,384.7,114.7,32086
PREPCSV,/mnt/beegfs/ysu34/hamlib/dia_e2e/bh_20_5.txt,1048576,214,spmv,gopt,423.173,14.077,0.186992,2338
ENERGYRAW,3.967968e-02,381.4,114.7,45975
PREPCSV,/mnt/beegfs/ysu34/hamlib/dia_e2e/bh_20_5.txt,1048576,214,spmv,cusparse_csr,719.942,7.312,0.130506,5573
ENERGYRAW,3.532905e+01,399.4,114.7,48
PREPCSV,/mnt/beegfs/ysu34/hamlib/dia_e2e/bh_20_5.txt,1048576,214,spmspm,ours_flat,111.548,4.065,123.350403,1
PREPCSV,/mnt/beegfs/ysu34/hamlib/dia_e2e/bh_20_5.txt,1048576,214,spmspm,ours_sym,39.702,25.530,-1.000000,-1
ENERGYRAW,1.713025e+01,399.0,114.7,99
PREPCSV,/mnt/beegfs/ysu34/hamlib/dia_e2e/bh_20_5.txt,1048576,214,spmspm,ours_sym,39.702,25.530,60.187542,1
SPMSPMCSV,/mnt/beegfs/ysu34/hamlib/dia_e2e/bh_20_5.txt,1048576,214,13507,11846221888,ours_flat,121.701675,0.000e+00
SPMSPMCSV,/mnt/beegfs/ysu34/hamlib/dia_e2e/bh_20_5.txt,1048576,214,13507,11846221888,ours_sym,58.078327,7.629e-06
SPMSPMCSV,/mnt/beegfs/ysu34/hamlib/dia_e2e/bh_20_5.txt,1048576,214,13507,11846221888,cusparse_spgemm,100.044777,-1.000e+00
== energy bhD1_18_7 ==
ENERGYRAW,3.672106e-03,316.9,118.7,321722
PREPCSV,/mnt/beegfs/ysu34/hamlib/dia_e2e/bhD1_18_7.txt,262144,112,spmv,didx,44.543,1.041,0.018650,2444
ENERGYRAW,4.315999e-03,380.9,118.7,358131
PREPCSV,/mnt/beegfs/ysu34/hamlib/dia_e2e/bhD1_18_7.txt,262144,112,spmv,didx_sym,15.841,3.794,0.016754,1172
ENERGYRAW,1.011937e-02,326.0,118.7,123148
PREPCSV,/mnt/beegfs/ysu34/hamlib/dia_e2e/bhD1_18_7.txt,262144,112,spmv,gopt,74.883,2.656,0.048722,1591
ENERGYRAW,9.197925e-03,342.0,118.7,145676
PREPCSV,/mnt/beegfs/ysu34/hamlib/dia_e2e/bhD1_18_7.txt,262144,112,spmv,cusparse_csr,102.644,2.108,0.041187,2543
ENERGYRAW,2.343104e+00,399.7,118.7,773
PREPCSV,/mnt/beegfs/ysu34/hamlib/dia_e2e/bhD1_18_7.txt,262144,112,spmspm,ours_flat,8.143,0.537,7.761864,1
ENERGYRAW,3.890151e+00,395.0,118.7,432
PREPCSV,/mnt/beegfs/ysu34/hamlib/dia_e2e/bhD1_18_7.txt,262144,112,spmspm,hm_atomic,637.691,4.798,13.881636,46
PREPCSV,/mnt/beegfs/ysu34/hamlib/dia_e2e/bhD1_18_7.txt,262144,112,spmspm,ours_sym,2.284,1.291,-1.000000,-1
ENERGYRAW,1.098732e+00,398.4,118.7,1659
PREPCSV,/mnt/beegfs/ysu34/hamlib/dia_e2e/bhD1_18_7.txt,262144,112,spmspm,ours_sym,2.284,1.291,3.615022,1
SPMSPMCSV,/mnt/beegfs/ysu34/hamlib/dia_e2e/bhD1_18_7.txt,262144,112,4111,930782386,ours_flat,7.802344,0.000e+00
SPMSPMCSV,/mnt/beegfs/ysu34/hamlib/dia_e2e/bhD1_18_7.txt,262144,112,4111,930782386,ours_sym,3.587059,7.629e-06
SPMSPMCSV,/mnt/beegfs/ysu34/hamlib/dia_e2e/bhD1_18_7.txt,262144,112,4111,930782386,hm_atomic,13.875122,3.052e-05
SPMSPMCSV,/mnt/beegfs/ysu34/hamlib/dia_e2e/bhD1_18_7.txt,262144,112,4111,930782386,diaq_fp32,112.333206,3.052e-05
SPMSPMCSV,/mnt/beegfs/ysu34/hamlib/dia_e2e/bhD1_18_7.txt,262144,112,4111,930782386,cusparse_spgemm,24.626335,-1.000e+00
== energy fermiFH_18_4 ==
ENERGYRAW,1.149654e-03,263.8,123.2,723938
PREPCSV,/mnt/beegfs/ysu34/hamlib/dia_e2e/fermiFH_18_4.txt,262144,64,spmv,didx,16.877,0.580,0.008288,2106
ENERGYRAW,1.586395e-03,315.5,123.2,711710
PREPCSV,/mnt/beegfs/ysu34/hamlib/dia_e2e/fermiFH_18_4.txt,262144,64,spmv,didx_sym,6.548,2.331,0.008430,1053
ENERGYRAW,1.889369e-03,239.5,123.2,363055
PREPCSV,/mnt/beegfs/ysu34/hamlib/dia_e2e/fermiFH_18_4.txt,262144,64,spmv,gopt,34.697,1.390,0.016526,2184
ENERGYRAW,2.190606e-03,211.9,123.2,243443
PREPCSV,/mnt/beegfs/ysu34/hamlib/dia_e2e/fermiFH_18_4.txt,262144,64,spmv,cusparse_csr,34.892,1.056,0.024646,1459
ENERGYRAW,7.624793e-01,389.6,123.2,2276
PREPCSV,/mnt/beegfs/ysu34/hamlib/dia_e2e/fermiFH_18_4.txt,262144,64,spmspm,ours_flat,2.698,0.293,2.635285,1
ENERGYRAW,1.281663e+00,395.7,123.2,1292
PREPCSV,/mnt/beegfs/ysu34/hamlib/dia_e2e/fermiFH_18_4.txt,262144,64,spmspm,hm_atomic,253.773,2.884,4.642197,55
PREPCSV,/mnt/beegfs/ysu34/hamlib/dia_e2e/fermiFH_18_4.txt,262144,64,spmspm,ours_sym,0.991,0.689,-1.000000,-1
ENERGYRAW,3.780723e-01,400.4,123.2,4779
PREPCSV,/mnt/beegfs/ysu34/hamlib/dia_e2e/fermiFH_18_4.txt,262144,64,spmspm,ours_sym,0.991,0.689,1.255234,1
SPMSPMCSV,/mnt/beegfs/ysu34/hamlib/dia_e2e/fermiFH_18_4.txt,262144,64,1549,366904380,ours_flat,2.638182,0.000e+00
SPMSPMCSV,/mnt/beegfs/ysu34/hamlib/dia_e2e/fermiFH_18_4.txt,262144,64,1549,366904380,ours_sym,1.232467,0.000e+00
SPMSPMCSV,/mnt/beegfs/ysu34/hamlib/dia_e2e/fermiFH_18_4.txt,262144,64,1549,366904380,hm_atomic,4.638851,0.000e+00
SPMSPMCSV,/mnt/beegfs/ysu34/hamlib/dia_e2e/fermiFH_18_4.txt,262144,64,1549,366904380,diaq_fp32,57.431469,0.000e+00
SPMSPMCSV,/mnt/beegfs/ysu34/hamlib/dia_e2e/fermiFH_18_4.txt,262144,64,1549,366904380,cusparse_spgemm,7.685654,-1.000e+00
== energy qmaxcutR_18_3 ==
ENERGYRAW,5.346339e-04,238.2,126.0,1227495
PREPCSV,/mnt/beegfs/ysu34/hamlib/dia_e2e/qmaxcutR_18_3.txt,262144,9,spmv,didx,3.174,0.278,0.004888,706
ENERGYRAW,7.493463e-04,263.9,126.0,1071428
PREPCSV,/mnt/beegfs/ysu34/hamlib/dia_e2e/qmaxcutR_18_3.txt,262144,9,spmv,didx_sym,1.148,0.429,0.005600,282
ENERGYRAW,3.798720e-04,197.8,126.0,1104565
PREPCSV,/mnt/beegfs/ysu34/hamlib/dia_e2e/qmaxcutR_18_3.txt,262144,9,spmv,gopt,4.511,0.238,0.005432,874
ENERGYRAW,8.336339e-04,172.6,126.0,332211
PREPCSV,/mnt/beegfs/ysu34/hamlib/dia_e2e/qmaxcutR_18_3.txt,262144,9,spmv,cusparse_csr,3.679,0.708,0.018061,243
ENERGYRAW,1.473014e-02,382.1,126.0,108147
PREPCSV,/mnt/beegfs/ysu34/hamlib/dia_e2e/qmaxcutR_18_3.txt,262144,9,spmspm,ours_flat,0.309,0.138,0.055480,8
ENERGYRAW,2.058036e-02,399.2,126.0,82446
PREPCSV,/mnt/beegfs/ysu34/hamlib/dia_e2e/qmaxcutR_18_3.txt,262144,9,spmspm,hm_atomic,9.118,0.652,0.072774,134
PREPCSV,/mnt/beegfs/ysu34/hamlib/dia_e2e/qmaxcutR_18_3.txt,262144,9,spmspm,ours_sym,0.174,0.146,-1.000000,-1
ENERGYRAW,8.059275e-03,389.6,126.0,189921
PREPCSV,/mnt/beegfs/ysu34/hamlib/dia_e2e/qmaxcutR_18_3.txt,262144,9,spmspm,ours_sym,0.174,0.146,0.031592,10
SPMSPMCSV,/mnt/beegfs/ysu34/hamlib/dia_e2e/qmaxcutR_18_3.txt,262144,9,35,9027634,ours_flat,0.055379,0.000e+00
SPMSPMCSV,/mnt/beegfs/ysu34/hamlib/dia_e2e/qmaxcutR_18_3.txt,262144,9,35,9027634,ours_sym,0.030634,0.000e+00
SPMSPMCSV,/mnt/beegfs/ysu34/hamlib/dia_e2e/qmaxcutR_18_3.txt,262144,9,35,9027634,hm_atomic,0.071494,0.000e+00
SPMSPMCSV,/mnt/beegfs/ysu34/hamlib/dia_e2e/qmaxcutR_18_3.txt,262144,9,35,9027634,diaq_fp32,6.581614,0.000e+00
SPMSPMCSV,/mnt/beegfs/ysu34/hamlib/dia_e2e/qmaxcutR_18_3.txt,262144,9,35,9027634,cusparse_spgemm,6.995243,-1.000e+00
== energy qmaxcutK_18_4 ==
ENERGYRAW,8.135642e-04,257.8,127.0,942211
PREPCSV,/mnt/beegfs/ysu34/hamlib/dia_e2e/qmaxcutK_18_4.txt,262144,19,spmv,didx,6.132,0.421,0.006368,1029
ENERGYRAW,1.173509e-03,303.5,127.0,875145
PREPCSV,/mnt/beegfs/ysu34/hamlib/dia_e2e/qmaxcutK_18_4.txt,262144,19,spmv,didx_sym,2.165,0.755,0.006856,426
ENERGYRAW,9.279055e-04,231.2,127.0,659630
PREPCSV,/mnt/beegfs/ysu34/hamlib/dia_e2e/qmaxcutK_18_4.txt,262144,19,spmv,gopt,10.429,0.721,0.009096,1226
ENERGYRAW,1.628264e-03,200.8,127.0,270348
PREPCSV,/mnt/beegfs/ysu34/hamlib/dia_e2e/qmaxcutK_18_4.txt,262144,19,spmv,cusparse_csr,7.644,0.955,0.022194,387
ENERGYRAW,6.426152e-02,386.0,127.0,26157
PREPCSV,/mnt/beegfs/ysu34/hamlib/dia_e2e/qmaxcutK_18_4.txt,262144,19,spmspm,ours_flat,0.460,0.160,0.229376,3
ENERGYRAW,9.888670e-02,399.3,127.0,17232
PREPCSV,/mnt/beegfs/ysu34/hamlib/dia_e2e/qmaxcutK_18_4.txt,262144,19,spmspm,hm_atomic,27.121,0.969,0.348187,81
PREPCSV,/mnt/beegfs/ysu34/hamlib/dia_e2e/qmaxcutK_18_4.txt,262144,19,spmspm,ours_sym,0.232,0.174,-1.000000,-1
ENERGYRAW,3.396126e-02,399.5,127.0,40123
PREPCSV,/mnt/beegfs/ysu34/hamlib/dia_e2e/qmaxcutK_18_4.txt,262144,19,spmspm,ours_sym,0.232,0.174,0.149539,3
SPMSPMCSV,/mnt/beegfs/ysu34/hamlib/dia_e2e/qmaxcutK_18_4.txt,262144,19,147,37034376,ours_flat,0.228403,0.000e+00
SPMSPMCSV,/mnt/beegfs/ysu34/hamlib/dia_e2e/qmaxcutK_18_4.txt,262144,19,147,37034376,ours_sym,0.116218,0.000e+00
SPMSPMCSV,/mnt/beegfs/ysu34/hamlib/dia_e2e/qmaxcutK_18_4.txt,262144,19,147,37034376,hm_atomic,0.347256,0.000e+00
SPMSPMCSV,/mnt/beegfs/ysu34/hamlib/dia_e2e/qmaxcutK_18_4.txt,262144,19,147,37034376,diaq_fp32,15.294797,0.000e+00
SPMSPMCSV,/mnt/beegfs/ysu34/hamlib/dia_e2e/qmaxcutK_18_4.txt,262144,19,147,37034376,cusparse_spgemm,7.167232,-1.000e+00
== energy qmaxcutC_18_4 ==
ENERGYRAW,2.792433e-03,302.6,126.8,373729
PREPCSV,/mnt/beegfs/ysu34/hamlib/dia_e2e/qmaxcutC_18_4.txt,262144,73,spmv,didx,25.404,0.917,0.016054,1639
ENERGYRAW,3.622662e-03,369.5,126.8,395653
PREPCSV,/mnt/beegfs/ysu34/hamlib/dia_e2e/qmaxcutC_18_4.txt,262144,73,spmv,didx_sym,8.728,2.580,0.015165,746
ENERGYRAW,5.759477e-03,314.1,126.8,191219
PREPCSV,/mnt/beegfs/ysu34/hamlib/dia_e2e/qmaxcutC_18_4.txt,262144,73,spmv,gopt,36.801,1.763,0.031378,1229
ENERGYRAW,6.460856e-03,306.2,126.8,167388
PREPCSV,/mnt/beegfs/ysu34/hamlib/dia_e2e/qmaxcutC_18_4.txt,262144,73,spmv,cusparse_csr,53.715,1.901,0.035845,1552
ENERGYRAW,9.738790e-01,396.3,126.8,1800
PREPCSV,/mnt/beegfs/ysu34/hamlib/dia_e2e/qmaxcutC_18_4.txt,262144,73,spmspm,ours_flat,3.204,0.335,3.332289,1
ENERGYRAW,1.580244e+00,394.5,126.8,1029
PREPCSV,/mnt/beegfs/ysu34/hamlib/dia_e2e/qmaxcutC_18_4.txt,262144,73,spmspm,hm_atomic,314.848,3.167,5.825768,55
PREPCSV,/mnt/beegfs/ysu34/hamlib/dia_e2e/qmaxcutC_18_4.txt,262144,73,spmspm,ours_sym,1.164,0.790,-1.000000,-1
ENERGYRAW,4.656880e-01,399.4,126.8,3899
PREPCSV,/mnt/beegfs/ysu34/hamlib/dia_e2e/qmaxcutC_18_4.txt,262144,73,spmspm,ours_sym,1.164,0.790,1.538621,1
SPMSPMCSV,/mnt/beegfs/ysu34/hamlib/dia_e2e/qmaxcutC_18_4.txt,262144,73,1995,447316210,ours_flat,3.314178,0.000e+00
SPMSPMCSV,/mnt/beegfs/ysu34/hamlib/dia_e2e/qmaxcutC_18_4.txt,262144,73,1995,447316210,ours_sym,1.526810,0.000e+00
SPMSPMCSV,/mnt/beegfs/ysu34/hamlib/dia_e2e/qmaxcutC_18_4.txt,262144,73,1995,447316210,hm_atomic,5.821859,0.000e+00
SPMSPMCSV,/mnt/beegfs/ysu34/hamlib/dia_e2e/qmaxcutC_18_4.txt,262144,73,1995,447316210,diaq_fp32,65.937759,0.000e+00
SPMSPMCSV,/mnt/beegfs/ysu34/hamlib/dia_e2e/qmaxcutC_18_4.txt,262144,73,1995,447316210,cusparse_spgemm,20.371819,-1.000e+00
== energy vibbf3_18_3 ==
ENERGYRAW,6.846455e-04,259.0,127.2,1125450
PREPCSV,/mnt/beegfs/ysu34/hamlib/dia_e2e/vibbf3_18_3.txt,262144,12,spmv,didx,4.056,0.329,0.005331,823
ENERGYRAW,8.972590e-04,283.8,127.2,1009421
PREPCSV,/mnt/beegfs/ysu34/hamlib/dia_e2e/vibbf3_18_3.txt,262144,12,spmv,didx_sym,1.493,0.582,0.005944,349
ENERGYRAW,5.440657e-04,216.7,127.2,964010
PREPCSV,/mnt/beegfs/ysu34/hamlib/dia_e2e/vibbf3_18_3.txt,262144,12,spmv,gopt,5.363,0.329,0.006224,914
ENERGYRAW,1.154893e-03,188.3,127.2,315576
PREPCSV,/mnt/beegfs/ysu34/hamlib/dia_e2e/vibbf3_18_3.txt,262144,12,spmv,cusparse_csr,4.388,0.806,0.019013,273
ENERGYRAW,2.655495e-02,383.9,127.2,62263
PREPCSV,/mnt/beegfs/ysu34/hamlib/dia_e2e/vibbf3_18_3.txt,262144,12,spmspm,ours_flat,0.345,0.133,0.096365,5
ENERGYRAW,3.890889e-02,398.6,127.2,45986
PREPCSV,/mnt/beegfs/ysu34/hamlib/dia_e2e/vibbf3_18_3.txt,262144,12,spmspm,hm_atomic,12.165,0.853,0.130474,100
PREPCSV,/mnt/beegfs/ysu34/hamlib/dia_e2e/vibbf3_18_3.txt,262144,12,spmspm,ours_sym,0.193,0.155,-1.000000,-1
ENERGYRAW,1.496626e-02,400.1,127.2,92916
PREPCSV,/mnt/beegfs/ysu34/hamlib/dia_e2e/vibbf3_18_3.txt,262144,12,spmspm,ours_sym,0.193,0.155,0.064574,5
SPMSPMCSV,/mnt/beegfs/ysu34/hamlib/dia_e2e/vibbf3_18_3.txt,262144,12,65,16457670,ours_flat,0.095496,0.000e+00
SPMSPMCSV,/mnt/beegfs/ysu34/hamlib/dia_e2e/vibbf3_18_3.txt,262144,12,65,16457670,ours_sym,0.051163,2.384e-07
SPMSPMCSV,/mnt/beegfs/ysu34/hamlib/dia_e2e/vibbf3_18_3.txt,262144,12,65,16457670,hm_atomic,0.127744,2.384e-07
SPMSPMCSV,/mnt/beegfs/ysu34/hamlib/dia_e2e/vibbf3_18_3.txt,262144,12,65,16457670,diaq_fp32,8.626648,2.384e-07
SPMSPMCSV,/mnt/beegfs/ysu34/hamlib/dia_e2e/vibbf3_18_3.txt,262144,12,65,16457670,cusparse_spgemm,7.340149,-1.000e+00
== energy bhc_16_7 ==
ENERGYRAW,6.526915e-04,213.1,114.9,884642
PREPCSV,/mnt/beegfs/ysu34/hamlib/dia_e2e/bhc_16_7.txt,65536,99,spmv,didx,7.797,0.305,0.006782,1195
ENERGYRAW,8.130764e-04,239.7,114.9,899496
PREPCSV,/mnt/beegfs/ysu34/hamlib/dia_e2e/bhc_16_7.txt,65536,99,spmv,didx_sym,3.544,0.791,0.006670,650
ENERGYRAW,1.239077e-03,158.5,114.9,209579
PREPCSV,/mnt/beegfs/ysu34/hamlib/dia_e2e/bhc_16_7.txt,65536,99,spmv,gopt,9.259,0.668,0.028629,347
ENERGYRAW,1.283769e-03,175.1,114.9,280688
PREPCSV,/mnt/beegfs/ysu34/hamlib/dia_e2e/bhc_16_7.txt,65536,99,spmv,cusparse_csr,15.544,0.869,0.021376,768
ENERGYRAW,3.587846e-01,386.6,114.9,4866
PREPCSV,/mnt/beegfs/ysu34/hamlib/dia_e2e/bhc_16_7.txt,65536,99,spmspm,ours_flat,3.170,0.230,1.232818,3
ENERGYRAW,6.188856e-01,400.2,114.9,2867
PREPCSV,/mnt/beegfs/ysu34/hamlib/dia_e2e/bhc_16_7.txt,65536,99,spmspm,hm_atomic,40.152,1.364,2.092587,20
PREPCSV,/mnt/beegfs/ysu34/hamlib/dia_e2e/bhc_16_7.txt,65536,99,spmspm,ours_sym,0.530,0.412,-1.000000,-1
ENERGYRAW,1.871435e-01,399.9,114.9,9481
PREPCSV,/mnt/beegfs/ysu34/hamlib/dia_e2e/bhc_16_7.txt,65536,99,spmspm,ours_sym,0.530,0.412,0.632835,1
SPMSPMCSV,/mnt/beegfs/ysu34/hamlib/dia_e2e/bhc_16_7.txt,65536,99,3023,166182066,ours_flat,1.231973,0.000e+00
SPMSPMCSV,/mnt/beegfs/ysu34/hamlib/dia_e2e/bhc_16_7.txt,65536,99,3023,166182066,ours_sym,0.605061,7.629e-06
SPMSPMCSV,/mnt/beegfs/ysu34/hamlib/dia_e2e/bhc_16_7.txt,65536,99,3023,166182066,hm_atomic,2.098120,3.052e-05
SPMSPMCSV,/mnt/beegfs/ysu34/hamlib/dia_e2e/bhc_16_7.txt,65536,99,3023,166182066,diaq_fp32,21.335026,3.052e-05
SPMSPMCSV,/mnt/beegfs/ysu34/hamlib/dia_e2e/bhc_16_7.txt,65536,99,3023,166182066,cusparse_spgemm,8.417665,-1.000e+00
== energy bhc_18_7 ==
ENERGYRAW,3.704463e-03,325.1,123.3,324619
PREPCSV,/mnt/beegfs/ysu34/hamlib/dia_e2e/bhc_18_7.txt,262144,112,spmv,didx,40.685,1.014,0.018483,2256
ENERGYRAW,4.303602e-03,387.0,123.3,361829
PREPCSV,/mnt/beegfs/ysu34/hamlib/dia_e2e/bhc_18_7.txt,262144,112,spmv,didx_sym,15.990,3.568,0.016582,1179
ENERGYRAW,1.030239e-02,335.2,123.3,123253
PREPCSV,/mnt/beegfs/ysu34/hamlib/dia_e2e/bhc_18_7.txt,262144,112,spmv,gopt,42.262,2.568,0.048680,921
ENERGYRAW,9.196851e-03,350.1,123.3,148321
PREPCSV,/mnt/beegfs/ysu34/hamlib/dia_e2e/bhc_18_7.txt,262144,112,spmv,cusparse_csr,72.132,2.088,0.040453,1835
ENERGYRAW,2.306246e+00,399.2,123.3,773
PREPCSV,/mnt/beegfs/ysu34/hamlib/dia_e2e/bhc_18_7.txt,262144,112,spmspm,ours_flat,8.060,0.499,7.757085,1
ENERGYRAW,3.872458e+00,398.1,123.3,432
PREPCSV,/mnt/beegfs/ysu34/hamlib/dia_e2e/bhc_18_7.txt,262144,112,spmspm,hm_atomic,228.755,4.694,13.888771,17
PREPCSV,/mnt/beegfs/ysu34/hamlib/dia_e2e/bhc_18_7.txt,262144,112,spmspm,ours_sym,2.251,3.156,-1.000000,-1
ENERGYRAW,1.093026e+00,400.0,123.3,1633
PREPCSV,/mnt/beegfs/ysu34/hamlib/dia_e2e/bhc_18_7.txt,262144,112,spmspm,ours_sym,2.251,3.156,3.674018,1
SPMSPMCSV,/mnt/beegfs/ysu34/hamlib/dia_e2e/bhc_18_7.txt,262144,112,4111,930782386,ours_flat,7.761621,0.000e+00
SPMSPMCSV,/mnt/beegfs/ysu34/hamlib/dia_e2e/bhc_18_7.txt,262144,112,4111,930782386,ours_sym,3.570406,7.629e-06
SPMSPMCSV,/mnt/beegfs/ysu34/hamlib/dia_e2e/bhc_18_7.txt,262144,112,4111,930782386,hm_atomic,13.871613,3.052e-05
SPMSPMCSV,/mnt/beegfs/ysu34/hamlib/dia_e2e/bhc_18_7.txt,262144,112,4111,930782386,diaq_fp32,112.761253,3.052e-05
SPMSPMCSV,/mnt/beegfs/ysu34/hamlib/dia_e2e/bhc_18_7.txt,262144,112,4111,930782386,cusparse_spgemm,22.823874,-1.000e+00
== energy C2c_18_4 ==
ENERGYRAW,1.178503e-01,271.6,117.5,7847
PREPCSV,/mnt/beegfs/ysu34/hamlib/dia_e2e/C2c_18_4.txt,262144,9971,spmv,didx,1697.659,5.441,0.764547,2228
ENERGYRAW,2.173814e-01,285.5,117.5,4635
PREPCSV,/mnt/beegfs/ysu34/hamlib/dia_e2e/C2c_18_4.txt,262144,9971,spmv,gopt,1923.281,46.191,1.294478,1521
ENERGYRAW,4.578409e-02,380.2,117.5,41549
PREPCSV,/mnt/beegfs/ysu34/hamlib/dia_e2e/C2c_18_4.txt,262144,9971,spmv,cusparse_csr,5484.988,8.178,0.144406,38040
== energy H8c_16_4 ==
ENERGYRAW,3.494804e-02,238.0,106.8,22605
PREPCSV,/mnt/beegfs/ysu34/hamlib/dia_e2e/H8c_16_4.txt,65536,8887,spmv,didx,341.715,2.177,0.265421,1296
ENERGYRAW,9.292373e-02,169.5,106.8,4053
PREPCSV,/mnt/beegfs/ysu34/hamlib/dia_e2e/H8c_16_4.txt,65536,8887,spmv,gopt,433.931,15.883,1.480266,304
ENERGYRAW,1.681036e-02,377.8,106.8,102534
PREPCSV,/mnt/beegfs/ysu34/hamlib/dia_e2e/H8c_16_4.txt,65536,8887,spmv,cusparse_csr,1222.634,3.426,0.058517,20952
ENERGYRAW,2.087598e+03,399.1,106.8,32
PREPCSV,/mnt/beegfs/ysu34/hamlib/dia_e2e/H8c_16_4.txt,65536,8887,spmspm,ours_flat,6165.231,64.940,7144.435059,1
PREPCSV,/mnt/beegfs/ysu34/hamlib/dia_e2e/H8c_16_4.txt,65536,8887,spmspm,ours_sym,705.156,35.013,-1.000000,-1
ENERGYRAW,1.038815e+03,399.1,106.8,32
PREPCSV,/mnt/beegfs/ysu34/hamlib/dia_e2e/H8c_16_4.txt,65536,8887,spmspm,ours_sym,705.156,35.013,3552.203125,0
SPMSPMCSV,/mnt/beegfs/ysu34/hamlib/dia_e2e/H8c_16_4.txt,65536,8887,65535,2147483648,ours_flat,7137.392090,0.000e+00
SPMSPMCSV,/mnt/beegfs/ysu34/hamlib/dia_e2e/H8c_16_4.txt,65536,8887,65535,2147483648,ours_sym,3552.621094,6.104e-05
SPMSPMCSV,/mnt/beegfs/ysu34/hamlib/dia_e2e/H8c_16_4.txt,65536,8887,65535,2147483648,diaq_fp32,27005.037109,1.526e-05
SPMSPMCSV,/mnt/beegfs/ysu34/hamlib/dia_e2e/H8c_16_4.txt,65536,8887,65535,2147483648,cusparse_spgemm,77.515083,-1.000e+00
== energy O2c_16_5 ==
ENERGYRAW,4.815542e-03,268.0,128.9,172659
PREPCSV,/mnt/beegfs/ysu34/hamlib/dia_e2e/O2c_16_5.txt,65536,1243,spmv,didx,65.138,1.098,0.034750,1906
ENERGYRAW,2.017501e-02,194.3,128.9,19431
PREPCSV,/mnt/beegfs/ysu34/hamlib/dia_e2e/O2c_16_5.txt,65536,1243,spmv,gopt,72.476,3.912,0.308784,247
ENERGYRAW,5.661345e-03,297.5,128.9,179048
PREPCSV,/mnt/beegfs/ysu34/hamlib/dia_e2e/O2c_16_5.txt,65536,1243,spmv,cusparse_csr,250.669,1.833,0.033510,7535
ENERGYRAW,4.205724e+01,400.2,128.9,38
PREPCSV,/mnt/beegfs/ysu34/hamlib/dia_e2e/O2c_16_5.txt,65536,1243,spmspm,ours_flat,1167.113,3.214,154.591217,8
PREPCSV,/mnt/beegfs/ysu34/hamlib/dia_e2e/O2c_16_5.txt,65536,1243,spmspm,ours_sym,52.681,4.775,-1.000000,-1
ENERGYRAW,1.980069e+01,398.9,128.9,81
PREPCSV,/mnt/beegfs/ysu34/hamlib/dia_e2e/O2c_16_5.txt,65536,1243,spmspm,ours_sym,52.681,4.775,73.740715,1
SPMSPMCSV,/mnt/beegfs/ysu34/hamlib/dia_e2e/O2c_16_5.txt,65536,1243,100569,3826555296,ours_flat,154.524780,0.000e+00
SPMSPMCSV,/mnt/beegfs/ysu34/hamlib/dia_e2e/O2c_16_5.txt,65536,1243,100569,3826555296,ours_sym,72.875938,1.221e-04
SPMSPMCSV,/mnt/beegfs/ysu34/hamlib/dia_e2e/O2c_16_5.txt,65536,1243,100569,3826555296,diaq_fp32,800.465881,6.104e-05
SPMSPMCSV,/mnt/beegfs/ysu34/hamlib/dia_e2e/O2c_16_5.txt,65536,1243,100569,3826555296,cusparse_spgemm,27.059572,-1.000e+00
== energy O2c_20_5 ==
ENERGYRAW,5.535417e-01,369.9,126.3,2673
PREPCSV,/mnt/beegfs/ysu34/hamlib/dia_e2e/O2c_20_5.txt,1048576,3359,spmv,didx,3172.206,34.916,2.243861,1429
ENERGYRAW,4.566544e-01,377.1,126.3,3370
PREPCSV,/mnt/beegfs/ysu34/hamlib/dia_e2e/O2c_20_5.txt,1048576,3359,spmv,gopt,3144.667,110.895,1.780152,1829
ENERGYRAW,3.460456e-01,384.1,126.3,5356
PREPCSV,/mnt/beegfs/ysu34/hamlib/dia_e2e/O2c_20_5.txt,1048576,3359,spmv,cusparse_csr_64i,10979.989,70.795,1.120099,9866
