# 2026-08-02T20:27:09-04:00 A100 ENERGY sweep: ENERGYRAW,J_net,avg_W,idle_W,iters then the variant row it belongs to
== energy BH_20_7 ==
ENERGYRAW,3.459818e-02,298.0,75.5,39577
PREPCSV,/mnt/beegfs/ysu34/hamlib/dia_e2e/BH_20_7.txt,1048576,127,spmv,didx,481.609,9.984,0.151603,3243
ENERGYRAW,3.196820e-02,296.9,75.5,42800
PREPCSV,/mnt/beegfs/ysu34/hamlib/dia_e2e/BH_20_7.txt,1048576,127,spmv,didx_sym,191.173,36.732,0.140186,1626
ENERGYRAW,4.257118e-02,263.8,75.5,26561
PREPCSV,/mnt/beegfs/ysu34/hamlib/dia_e2e/BH_20_7.txt,1048576,127,spmv,gopt,336.410,22.724,0.225894,1590
ENERGYRAW,4.420850e-02,292.5,75.5,30398
PREPCSV,/mnt/beegfs/ysu34/hamlib/dia_e2e/BH_20_7.txt,1048576,127,spmv,cusparse_csr,726.048,16.210,0.197376,3761
ENERGYRAW,1.528628e+01,294.5,75.5,85
PREPCSV,/mnt/beegfs/ysu34/hamlib/dia_e2e/BH_20_7.txt,1048576,127,spmspm,ours_flat,67.831,4.589,69.809662,1
PREPCSV,/mnt/beegfs/ysu34/hamlib/dia_e2e/BH_20_7.txt,1048576,127,spmspm,ours_sym,24.960,16.555,-1.000000,-1
ENERGYRAW,7.735835e+00,298.2,75.5,172
PREPCSV,/mnt/beegfs/ysu34/hamlib/dia_e2e/BH_20_7.txt,1048576,127,spmspm,ours_sym,24.960,16.555,34.816612,1
ENERGYRAW,1.384874e+01,284.3,86.1,85
SPMSPMCSV,/mnt/beegfs/ysu34/hamlib/dia_e2e/BH_20_7.txt,1048576,127,5555,5108440242,ours_flat,69.834244,0.000e+00
ENERGYRAW,7.081211e+00,289.7,86.1,172
SPMSPMCSV,/mnt/beegfs/ysu34/hamlib/dia_e2e/BH_20_7.txt,1048576,127,5555,5108440242,ours_sym,34.765106,7.629e-06
SPMSPMCSV,/mnt/beegfs/ysu34/hamlib/dia_e2e/BH_20_7.txt,1048576,127,5555,5108440242,cusparse_spgemm,145.475449,-1.000e+00
== energy bhc_16_7 ==
ENERGYRAW,8.916784e-04,168.0,79.7,585937
PREPCSV,/mnt/beegfs/ysu34/hamlib/dia_e2e/bhc_16_7.txt,65536,99,spmv,didx,14.731,0.790,0.010240,1516
ENERGYRAW,1.049595e-03,191.3,79.7,623337
PREPCSV,/mnt/beegfs/ysu34/hamlib/dia_e2e/bhc_16_7.txt,65536,99,spmv,didx_sym,7.218,2.230,0.009626,982
ENERGYRAW,1.354575e-03,133.9,79.7,238185
PREPCSV,/mnt/beegfs/ysu34/hamlib/dia_e2e/bhc_16_7.txt,65536,99,spmv,gopt,18.126,1.668,0.025190,786
ENERGYRAW,1.661288e-03,134.9,79.7,198286
PREPCSV,/mnt/beegfs/ysu34/hamlib/dia_e2e/bhc_16_7.txt,65536,99,spmv,cusparse_csr,26.907,1.454,0.030259,937
ENERGYRAW,4.443023e-01,280.5,79.7,2711
PREPCSV,/mnt/beegfs/ysu34/hamlib/dia_e2e/bhc_16_7.txt,65536,99,spmspm,ours_flat,8.080,0.563,2.212506,4
ENERGYRAW,7.896281e-01,280.0,79.7,1522
PREPCSV,/mnt/beegfs/ysu34/hamlib/dia_e2e/bhc_16_7.txt,65536,99,spmspm,hm_atomic,65.822,3.018,3.941069,17
PREPCSV,/mnt/beegfs/ysu34/hamlib/dia_e2e/bhc_16_7.txt,65536,99,spmspm,ours_sym,1.015,3.605,-1.000000,-1
ENERGYRAW,2.094106e-01,298.5,79.7,6282
PREPCSV,/mnt/beegfs/ysu34/hamlib/dia_e2e/bhc_16_7.txt,65536,99,spmspm,ours_sym,1.015,3.605,0.955034,5
ENERGYRAW,4.181038e-01,282.1,93.2,2713
SPMSPMCSV,/mnt/beegfs/ysu34/hamlib/dia_e2e/bhc_16_7.txt,65536,99,3023,166182066,ours_flat,2.211482,0.000e+00
ENERGYRAW,1.948143e-01,297.2,93.2,6307
SPMSPMCSV,/mnt/beegfs/ysu34/hamlib/dia_e2e/bhc_16_7.txt,65536,99,3023,166182066,ours_sym,0.951245,7.629e-06
ENERGYRAW,7.734515e-01,289.3,93.2,1522
SPMSPMCSV,/mnt/beegfs/ysu34/hamlib/dia_e2e/bhc_16_7.txt,65536,99,3023,166182066,hm_atomic,3.941069,3.052e-05
ENERGYRAW,1.398456e+00,140.7,93.2,203
SPMSPMCSV,/mnt/beegfs/ysu34/hamlib/dia_e2e/bhc_16_7.txt,65536,99,3023,166182066,diaq_fp32,29.507483,3.052e-05
SPMSPMCSV,/mnt/beegfs/ysu34/hamlib/dia_e2e/bhc_16_7.txt,65536,99,3023,166182066,cusparse_spgemm,9.883136,-1.000e+00
== energy bhc_18_7 ==
ENERGYRAW,6.000200e-03,264.7,80.7,182251
PREPCSV,/mnt/beegfs/ysu34/hamlib/dia_e2e/bhc_18_7.txt,262144,112,spmv,didx,91.183,2.727,0.032922,2853
ENERGYRAW,7.152163e-03,296.0,80.7,180011
PREPCSV,/mnt/beegfs/ysu34/hamlib/dia_e2e/bhc_18_7.txt,262144,112,spmv,didx_sym,34.036,8.367,0.033331,1272
ENERGYRAW,1.001553e-02,226.2,80.7,86934
PREPCSV,/mnt/beegfs/ysu34/hamlib/dia_e2e/bhc_18_7.txt,262144,112,spmv,gopt,87.198,5.701,0.069018,1346
ENERGYRAW,1.109442e-02,256.4,80.7,94429
PREPCSV,/mnt/beegfs/ysu34/hamlib/dia_e2e/bhc_18_7.txt,262144,112,spmv,cusparse_csr,135.795,4.517,0.063539,2208
ENERGYRAW,2.693178e+00,290.5,80.7,467
PREPCSV,/mnt/beegfs/ysu34/hamlib/dia_e2e/bhc_18_7.txt,262144,112,spmspm,ours_flat,18.938,1.183,12.831949,2
ENERGYRAW,4.889419e+00,263.0,80.7,223
PREPCSV,/mnt/beegfs/ysu34/hamlib/dia_e2e/bhc_18_7.txt,262144,112,spmspm,hm_atomic,371.902,10.436,26.820965,14
PREPCSV,/mnt/beegfs/ysu34/hamlib/dia_e2e/bhc_18_7.txt,262144,112,spmspm,ours_sym,4.221,5.965,-1.000000,-1
ENERGYRAW,1.295869e+00,293.9,80.7,986
PREPCSV,/mnt/beegfs/ysu34/hamlib/dia_e2e/bhc_18_7.txt,262144,112,spmspm,ours_sym,4.221,5.965,6.084044,2
ENERGYRAW,2.551664e+00,286.4,87.5,467
SPMSPMCSV,/mnt/beegfs/ysu34/hamlib/dia_e2e/bhc_18_7.txt,262144,112,4111,930782386,ours_flat,12.830412,0.000e+00
ENERGYRAW,1.260055e+00,294.8,87.5,987
SPMSPMCSV,/mnt/beegfs/ysu34/hamlib/dia_e2e/bhc_18_7.txt,262144,112,4111,930782386,ours_sym,6.076826,7.629e-06
ENERGYRAW,4.635966e+00,260.6,87.5,224
SPMSPMCSV,/mnt/beegfs/ysu34/hamlib/dia_e2e/bhc_18_7.txt,262144,112,4111,930782386,hm_atomic,26.785177,3.052e-05
ENERGYRAW,8.215342e+00,140.7,87.5,39
SPMSPMCSV,/mnt/beegfs/ysu34/hamlib/dia_e2e/bhc_18_7.txt,262144,112,4111,930782386,diaq_fp32,153.659637,3.052e-05
SPMSPMCSV,/mnt/beegfs/ysu34/hamlib/dia_e2e/bhc_18_7.txt,262144,112,4111,930782386,cusparse_spgemm,23.837290,-1.000e+00
== energy bhD1_18_7 ==
ENERGYRAW,6.005857e-03,264.1,79.7,182251
PREPCSV,/mnt/beegfs/ysu34/hamlib/dia_e2e/bhD1_18_7.txt,262144,112,spmv,didx,91.749,2.763,0.032922,2871
ENERGYRAW,7.034335e-03,292.3,79.7,180288
PREPCSV,/mnt/beegfs/ysu34/hamlib/dia_e2e/bhD1_18_7.txt,262144,112,spmv,didx_sym,34.187,8.497,0.033280,1283
ENERGYRAW,9.950489e-03,222.1,79.7,85227
PREPCSV,/mnt/beegfs/ysu34/hamlib/dia_e2e/bhD1_18_7.txt,262144,112,spmv,gopt,88.523,5.752,0.070400,1339
ENERGYRAW,1.096839e-02,254.7,79.7,95197
PREPCSV,/mnt/beegfs/ysu34/hamlib/dia_e2e/bhD1_18_7.txt,262144,112,spmv,cusparse_csr,133.486,4.569,0.063027,2190
ENERGYRAW,2.643094e+00,285.6,79.7,467
PREPCSV,/mnt/beegfs/ysu34/hamlib/dia_e2e/bhD1_18_7.txt,262144,112,spmspm,ours_flat,18.941,1.162,12.834253,2
ENERGYRAW,4.770303e+00,257.6,79.7,223
PREPCSV,/mnt/beegfs/ysu34/hamlib/dia_e2e/bhD1_18_7.txt,262144,112,spmspm,hm_atomic,373.214,10.572,26.816357,14
PREPCSV,/mnt/beegfs/ysu34/hamlib/dia_e2e/bhD1_18_7.txt,262144,112,spmspm,ours_sym,4.236,6.462,-1.000000,-1
ENERGYRAW,1.273827e+00,289.3,79.7,986
PREPCSV,/mnt/beegfs/ysu34/hamlib/dia_e2e/bhD1_18_7.txt,262144,112,spmspm,ours_sym,4.236,6.462,6.084710,2
ENERGYRAW,2.506465e+00,285.0,89.7,467
SPMSPMCSV,/mnt/beegfs/ysu34/hamlib/dia_e2e/bhD1_18_7.txt,262144,112,4111,930782386,ours_flat,12.831284,0.000e+00
ENERGYRAW,1.241898e+00,294.1,89.7,987
SPMSPMCSV,/mnt/beegfs/ysu34/hamlib/dia_e2e/bhD1_18_7.txt,262144,112,4111,930782386,ours_sym,6.077287,7.629e-06
ENERGYRAW,4.515084e+00,258.3,89.7,224
SPMSPMCSV,/mnt/beegfs/ysu34/hamlib/dia_e2e/bhD1_18_7.txt,262144,112,4111,930782386,hm_atomic,26.784409,3.052e-05
ENERGYRAW,8.007216e+00,141.7,89.7,38
SPMSPMCSV,/mnt/beegfs/ysu34/hamlib/dia_e2e/bhD1_18_7.txt,262144,112,4111,930782386,diaq_fp32,153.953995,3.052e-05
SPMSPMCSV,/mnt/beegfs/ysu34/hamlib/dia_e2e/bhD1_18_7.txt,262144,112,4111,930782386,cusparse_spgemm,23.791039,-1.000e+00
== energy C2c_18_4 ==
ENERGYRAW,1.392918e-01,182.2,74.4,4645
PREPCSV,/mnt/beegfs/ysu34/hamlib/dia_e2e/C2c_18_4.txt,262144,9971,spmv,didx,3185.289,12.986,1.291674,2476
ENERGYRAW,2.430353e-01,210.0,74.4,3349
PREPCSV,/mnt/beegfs/ysu34/hamlib/dia_e2e/C2c_18_4.txt,262144,9971,spmv,gopt,3553.285,107.658,1.791334,2044
ENERGYRAW,5.193499e-02,293.9,74.4,27202
PREPCSV,/mnt/beegfs/ysu34/hamlib/dia_e2e/C2c_18_4.txt,262144,9971,spmv,cusparse_csr,8626.801,17.896,0.220570,39193
== energy fermi_16_5 ==
ENERGYRAW,3.599621e-04,129.4,68.3,976562
PREPCSV,/mnt/beegfs/ysu34/hamlib/dia_e2e/fermi_16_5.txt,65536,29,spmv,didx,4.372,0.420,0.006144,780
ENERGYRAW,4.609082e-04,145.6,68.3,976562
PREPCSV,/mnt/beegfs/ysu34/hamlib/dia_e2e/fermi_16_5.txt,65536,29,spmv,didx_sym,2.191,0.747,0.006144,478
ENERGYRAW,4.306196e-04,111.1,68.3,583022
PREPCSV,/mnt/beegfs/ysu34/hamlib/dia_e2e/fermi_16_5.txt,65536,29,spmv,gopt,5.406,0.665,0.010291,590
ENERGYRAW,7.755089e-04,106.7,68.3,295182
PREPCSV,/mnt/beegfs/ysu34/hamlib/dia_e2e/fermi_16_5.txt,65536,29,spmv,cusparse_csr,10.309,0.995,0.020326,556
ENERGYRAW,3.925065e-02,279.0,68.3,32106
PREPCSV,/mnt/beegfs/ysu34/hamlib/dia_e2e/fermi_16_5.txt,65536,29,spmspm,ours_flat,0.660,0.252,0.186880,5
ENERGYRAW,7.131812e-02,286.6,68.3,18396
PREPCSV,/mnt/beegfs/ysu34/hamlib/dia_e2e/fermi_16_5.txt,65536,29,spmspm,hm_atomic,9.534,1.431,0.326144,34
PREPCSV,/mnt/beegfs/ysu34/hamlib/dia_e2e/fermi_16_5.txt,65536,29,spmspm,ours_sym,0.178,1.968,-1.000000,-1
ENERGYRAW,2.102200e-02,291.9,68.3,63654
PREPCSV,/mnt/beegfs/ysu34/hamlib/dia_e2e/fermi_16_5.txt,65536,29,spmspm,ours_sym,0.178,1.968,0.094259,23
ENERGYRAW,3.829518e-02,284.9,79.3,32132
SPMSPMCSV,/mnt/beegfs/ysu34/hamlib/dia_e2e/fermi_16_5.txt,65536,29,353,21513010,ours_flat,0.186726,0.000e+00
ENERGYRAW,2.001201e-02,292.5,79.3,63688
SPMSPMCSV,/mnt/beegfs/ysu34/hamlib/dia_e2e/fermi_16_5.txt,65536,29,353,21513010,ours_sym,0.094208,0.000e+00
ENERGYRAW,6.858788e-02,289.3,79.3,18405
SPMSPMCSV,/mnt/beegfs/ysu34/hamlib/dia_e2e/fermi_16_5.txt,65536,29,353,21513010,hm_atomic,0.325990,0.000e+00
ENERGYRAW,1.809303e-01,107.0,79.3,919
SPMSPMCSV,/mnt/beegfs/ysu34/hamlib/dia_e2e/fermi_16_5.txt,65536,29,353,21513010,diaq_fp32,6.524160,0.000e+00
SPMSPMCSV,/mnt/beegfs/ysu34/hamlib/dia_e2e/fermi_16_5.txt,65536,29,353,21513010,cusparse_spgemm,9.813216,-1.000e+00
== energy fermi_18_5 ==
ENERGYRAW,1.564986e-03,209.1,78.6,490324
PREPCSV,/mnt/beegfs/ysu34/hamlib/dia_e2e/fermi_18_5.txt,262144,33,spmv,didx,16.949,1.300,0.012237,1491
ENERGYRAW,1.979186e-03,246.2,78.6,500801
PREPCSV,/mnt/beegfs/ysu34/hamlib/dia_e2e/fermi_18_5.txt,262144,33,spmv,didx_sym,9.431,3.132,0.011981,1049
ENERGYRAW,1.498027e-03,190.1,78.6,438904
PREPCSV,/mnt/beegfs/ysu34/hamlib/dia_e2e/fermi_18_5.txt,262144,33,spmv,gopt,20.845,2.171,0.013670,1684
ENERGYRAW,3.134028e-03,166.3,78.6,166459
PREPCSV,/mnt/beegfs/ysu34/hamlib/dia_e2e/fermi_18_5.txt,262144,33,spmv,cusparse_csr,43.853,2.428,0.036045,1284
ENERGYRAW,2.401374e-01,279.8,78.6,5023
PREPCSV,/mnt/beegfs/ysu34/hamlib/dia_e2e/fermi_18_5.txt,262144,33,spmspm,ours_flat,1.756,0.456,1.194445,2
ENERGYRAW,4.530553e-01,259.1,78.6,2390
PREPCSV,/mnt/beegfs/ysu34/hamlib/dia_e2e/fermi_18_5.txt,262144,33,spmspm,hm_atomic,49.307,3.751,2.509670,21
PREPCSV,/mnt/beegfs/ysu34/hamlib/dia_e2e/fermi_18_5.txt,262144,33,spmspm,ours_sym,0.779,2.816,-1.000000,-1
ENERGYRAW,1.159503e-01,286.5,78.6,10735
PREPCSV,/mnt/beegfs/ysu34/hamlib/dia_e2e/fermi_18_5.txt,262144,33,spmspm,ours_sym,0.779,2.816,0.558899,6
ENERGYRAW,2.294640e-01,279.9,87.7,5023
SPMSPMCSV,/mnt/beegfs/ysu34/hamlib/dia_e2e/fermi_18_5.txt,262144,33,465,114362994,ours_flat,1.194291,0.000e+00
ENERGYRAW,1.110547e-01,286.9,87.7,10751
SPMSPMCSV,/mnt/beegfs/ysu34/hamlib/dia_e2e/fermi_18_5.txt,262144,33,465,114362994,ours_sym,0.558080,0.000e+00
ENERGYRAW,4.354675e-01,261.2,87.7,2391
SPMSPMCSV,/mnt/beegfs/ysu34/hamlib/dia_e2e/fermi_18_5.txt,262144,33,465,114362994,hm_atomic,2.508749,0.000e+00
ENERGYRAW,7.440500e-01,109.1,87.7,173
SPMSPMCSV,/mnt/beegfs/ysu34/hamlib/dia_e2e/fermi_18_5.txt,262144,33,465,114362994,diaq_fp32,34.654976,0.000e+00
SPMSPMCSV,/mnt/beegfs/ysu34/hamlib/dia_e2e/fermi_18_5.txt,262144,33,465,114362994,cusparse_spgemm,10.379403,-1.000e+00
== energy fermi_20_5 ==
ENERGYRAW,1.171952e-02,287.8,80.1,106922
PREPCSV,/mnt/beegfs/ysu34/hamlib/dia_e2e/fermi_20_5.txt,1048576,37,spmv,didx,118.920,4.789,0.056115,2205
ENERGYRAW,1.175421e-02,297.3,80.1,112356
PREPCSV,/mnt/beegfs/ysu34/hamlib/dia_e2e/fermi_20_5.txt,1048576,37,spmv,didx_sym,45.192,11.619,0.053402,1064
ENERGYRAW,1.317832e-02,248.8,80.1,76244
PREPCSV,/mnt/beegfs/ysu34/hamlib/dia_e2e/fermi_20_5.txt,1048576,37,spmv,gopt,96.022,7.112,0.078694,1311
ENERGYRAW,1.894327e-02,295.8,80.1,68251
PREPCSV,/mnt/beegfs/ysu34/hamlib/dia_e2e/fermi_20_5.txt,1048576,37,spmv,cusparse_csr,199.900,7.451,0.087910,2359
ENERGYRAW,1.334169e+00,294.6,80.1,964
PREPCSV,/mnt/beegfs/ysu34/hamlib/dia_e2e/fermi_20_5.txt,1048576,37,spmspm,ours_flat,7.502,0.873,6.218701,1
ENERGYRAW,2.317770e+00,261.9,80.1,470
PREPCSV,/mnt/beegfs/ysu34/hamlib/dia_e2e/fermi_20_5.txt,1048576,37,spmspm,hm_atomic,250.651,12.950,12.752538,21
PREPCSV,/mnt/beegfs/ysu34/hamlib/dia_e2e/fermi_20_5.txt,1048576,37,spmspm,ours_sym,3.815,4.129,-1.000000,-1
ENERGYRAW,6.809773e-01,297.9,80.1,1914
PREPCSV,/mnt/beegfs/ysu34/hamlib/dia_e2e/fermi_20_5.txt,1048576,37,spmspm,ours_sym,3.815,4.129,3.134618,3
ENERGYRAW,1.201132e+00,288.8,95.7,964
SPMSPMCSV,/mnt/beegfs/ysu34/hamlib/dia_e2e/fermi_20_5.txt,1048576,37,593,587472114,ours_flat,6.222592,0.000e+00
ENERGYRAW,6.298951e-01,297.1,95.7,1917
SPMSPMCSV,/mnt/beegfs/ysu34/hamlib/dia_e2e/fermi_20_5.txt,1048576,37,593,587472114,ours_sym,3.128320,0.000e+00
ENERGYRAW,2.113713e+00,261.1,95.7,469
SPMSPMCSV,/mnt/beegfs/ysu34/hamlib/dia_e2e/fermi_20_5.txt,1048576,37,593,587472114,hm_atomic,12.778240,0.000e+00
ENERGYRAW,2.630473e+00,109.3,95.7,32
SPMSPMCSV,/mnt/beegfs/ysu34/hamlib/dia_e2e/fermi_20_5.txt,1048576,37,593,587472114,diaq_fp32,193.577225,0.000e+00
SPMSPMCSV,/mnt/beegfs/ysu34/hamlib/dia_e2e/fermi_20_5.txt,1048576,37,593,587472114,cusparse_spgemm,16.045023,-1.000e+00
== energy fermiFH_18_4 ==
ENERGYRAW,1.478914e-03,206.1,79.5,502950
PREPCSV,/mnt/beegfs/ysu34/hamlib/dia_e2e/fermiFH_18_4.txt,262144,64,spmv,didx,31.957,1.251,0.011930,2784
ENERGYRAW,1.983469e-03,250.4,79.5,507305
PREPCSV,/mnt/beegfs/ysu34/hamlib/dia_e2e/fermiFH_18_4.txt,262144,64,spmv,didx_sym,16.577,5.390,0.011827,1857
ENERGYRAW,4.181663e-03,204.4,79.5,173868
PREPCSV,/mnt/beegfs/ysu34/hamlib/dia_e2e/fermiFH_18_4.txt,262144,64,spmv,gopt,37.529,3.023,0.034509,1175
ENERGYRAW,2.782796e-03,159.9,79.5,172334
PREPCSV,/mnt/beegfs/ysu34/hamlib/dia_e2e/fermiFH_18_4.txt,262144,64,spmv,cusparse_csr,52.734,2.255,0.034816,1579
ENERGYRAW,8.813857e-01,280.2,79.5,1366
PREPCSV,/mnt/beegfs/ysu34/hamlib/dia_e2e/fermiFH_18_4.txt,262144,64,spmspm,ours_flat,5.410,0.672,4.391987,1
ENERGYRAW,1.592279e+00,253.3,79.5,654
PREPCSV,/mnt/beegfs/ysu34/hamlib/dia_e2e/fermiFH_18_4.txt,262144,64,spmspm,hm_atomic,150.918,6.201,9.162803,17
PREPCSV,/mnt/beegfs/ysu34/hamlib/dia_e2e/fermiFH_18_4.txt,262144,64,spmspm,ours_sym,1.878,3.726,-1.000000,-1
ENERGYRAW,4.306666e-01,286.1,79.5,2873
PREPCSV,/mnt/beegfs/ysu34/hamlib/dia_e2e/fermiFH_18_4.txt,262144,64,spmspm,ours_sym,1.878,3.726,2.088243,3
ENERGYRAW,8.123220e-01,278.6,93.7,1365
SPMSPMCSV,/mnt/beegfs/ysu34/hamlib/dia_e2e/fermiFH_18_4.txt,262144,64,1549,366904380,ours_flat,4.393062,0.000e+00
ENERGYRAW,4.049350e-01,287.9,93.7,2876
SPMSPMCSV,/mnt/beegfs/ysu34/hamlib/dia_e2e/fermiFH_18_4.txt,262144,64,1549,366904380,ours_sym,2.085888,0.000e+00
ENERGYRAW,1.471565e+00,254.3,93.7,655
SPMSPMCSV,/mnt/beegfs/ysu34/hamlib/dia_e2e/fermiFH_18_4.txt,262144,64,1549,366904380,hm_atomic,9.157888,0.000e+00
ENERGYRAW,2.302682e+00,123.9,93.7,78
SPMSPMCSV,/mnt/beegfs/ysu34/hamlib/dia_e2e/fermiFH_18_4.txt,262144,64,1549,366904380,diaq_fp32,75.968056,0.000e+00
SPMSPMCSV,/mnt/beegfs/ysu34/hamlib/dia_e2e/fermiFH_18_4.txt,262144,64,1549,366904380,cusparse_spgemm,10.758431,-1.000e+00
== energy H8c_16_4 ==
ENERGYRAW,4.844361e-02,154.6,77.0,9607
PREPCSV,/mnt/beegfs/ysu34/hamlib/dia_e2e/H8c_16_4.txt,65536,8887,spmv,didx,647.301,5.196,0.624486,1045
ENERGYRAW,9.405226e-02,133.0,77.0,3572
PREPCSV,/mnt/beegfs/ysu34/hamlib/dia_e2e/H8c_16_4.txt,65536,8887,spmv,gopt,772.873,37.373,1.679360,482
ENERGYRAW,2.028188e-02,292.6,77.0,64959
PREPCSV,/mnt/beegfs/ysu34/hamlib/dia_e2e/H8c_16_4.txt,65536,8887,spmv,cusparse_csr,1557.891,7.004,0.092365,16943
ENERGYRAW,2.804079e+03,290.8,77.0,32
PREPCSV,/mnt/beegfs/ysu34/hamlib/dia_e2e/H8c_16_4.txt,65536,8887,spmspm,ours_flat,11956.146,153.996,13117.326172,1
PREPCSV,/mnt/beegfs/ysu34/hamlib/dia_e2e/H8c_16_4.txt,65536,8887,spmspm,ours_sym,1174.254,81.429,-1.000000,-1
ENERGYRAW,1.437276e+03,292.0,77.0,32
PREPCSV,/mnt/beegfs/ysu34/hamlib/dia_e2e/H8c_16_4.txt,65536,8887,spmspm,ours_sym,1174.254,81.429,6685.070312,0
ENERGYRAW,2.623800e+03,292.3,92.2,32
SPMSPMCSV,/mnt/beegfs/ysu34/hamlib/dia_e2e/H8c_16_4.txt,65536,8887,65535,2147483648,ours_flat,13117.400391,0.000e+00
ENERGYRAW,1.339810e+03,292.7,92.2,32
SPMSPMCSV,/mnt/beegfs/ysu34/hamlib/dia_e2e/H8c_16_4.txt,65536,8887,65535,2147483648,ours_sym,6685.204590,6.104e-05
== energy heis_16_5 ==
ENERGYRAW,3.998639e-04,148.0,80.9,976562
PREPCSV,/mnt/beegfs/ysu34/hamlib/dia_e2e/heis_16_5.txt,65536,31,spmv,didx,4.638,3.899,0.006144,1389
ENERGYRAW,4.915155e-04,161.8,80.9,952743
PREPCSV,/mnt/beegfs/ysu34/hamlib/dia_e2e/heis_16_5.txt,65536,31,spmv,didx_sym,2.191,0.788,0.006298,473
ENERGYRAW,4.458261e-04,123.2,80.9,558035
PREPCSV,/mnt/beegfs/ysu34/hamlib/dia_e2e/heis_16_5.txt,65536,31,spmv,gopt,5.713,0.695,0.010752,596
ENERGYRAW,7.768563e-04,118.5,80.9,287224
PREPCSV,/mnt/beegfs/ysu34/hamlib/dia_e2e/heis_16_5.txt,65536,31,spmv,cusparse_csr,10.603,0.986,0.020890,555
ENERGYRAW,4.403199e-02,288.2,80.9,28170
PREPCSV,/mnt/beegfs/ysu34/hamlib/dia_e2e/heis_16_5.txt,65536,31,spmspm,ours_flat,0.587,0.259,0.212992,4
ENERGYRAW,7.983148e-02,291.9,80.9,15840
PREPCSV,/mnt/beegfs/ysu34/hamlib/dia_e2e/heis_16_5.txt,65536,31,spmspm,hm_atomic,10.476,1.598,0.378778,32
PREPCSV,/mnt/beegfs/ysu34/hamlib/dia_e2e/heis_16_5.txt,65536,31,spmspm,ours_sym,0.189,2.105,-1.000000,-1
ENERGYRAW,2.321729e-02,299.1,80.9,56286
PREPCSV,/mnt/beegfs/ysu34/hamlib/dia_e2e/heis_16_5.txt,65536,31,spmspm,ours_sym,0.189,2.105,0.106598,22
ENERGYRAW,4.502300e-02,294.0,82.2,28272
SPMSPMCSV,/mnt/beegfs/ysu34/hamlib/dia_e2e/heis_16_5.txt,65536,31,399,24395762,ours_flat,0.212224,0.000e+00
ENERGYRAW,2.275226e-02,295.2,82.2,56286
SPMSPMCSV,/mnt/beegfs/ysu34/hamlib/dia_e2e/heis_16_5.txt,65536,31,399,24395762,ours_sym,0.106598,0.000e+00
ENERGYRAW,8.162452e-02,296.5,82.2,15744
SPMSPMCSV,/mnt/beegfs/ysu34/hamlib/dia_e2e/heis_16_5.txt,65536,31,399,24395762,hm_atomic,0.381082,0.000e+00
ENERGYRAW,2.018030e-01,111.9,82.2,882
SPMSPMCSV,/mnt/beegfs/ysu34/hamlib/dia_e2e/heis_16_5.txt,65536,31,399,24395762,diaq_fp32,6.798336,0.000e+00
SPMSPMCSV,/mnt/beegfs/ysu34/hamlib/dia_e2e/heis_16_5.txt,65536,31,399,24395762,cusparse_spgemm,9.813365,-1.000e+00
== energy heis_18_5 ==
ENERGYRAW,1.692868e-03,218.8,80.6,482253
PREPCSV,/mnt/beegfs/ysu34/hamlib/dia_e2e/heis_18_5.txt,262144,35,spmv,didx,21.010,1.406,0.012442,1802
ENERGYRAW,2.052536e-03,251.4,80.6,488281
PREPCSV,/mnt/beegfs/ysu34/hamlib/dia_e2e/heis_18_5.txt,262144,35,spmv,didx_sym,10.079,3.319,0.012288,1090
ENERGYRAW,1.675171e-03,187.9,80.6,372023
PREPCSV,/mnt/beegfs/ysu34/hamlib/dia_e2e/heis_18_5.txt,262144,35,spmv,gopt,22.301,2.375,0.016128,1530
ENERGYRAW,3.263433e-03,171.6,80.6,166223
PREPCSV,/mnt/beegfs/ysu34/hamlib/dia_e2e/heis_18_5.txt,262144,35,spmv,cusparse_csr,60.611,2.547,0.036096,1750
ENERGYRAW,2.664078e-01,278.2,80.6,4446
PREPCSV,/mnt/beegfs/ysu34/hamlib/dia_e2e/heis_18_5.txt,262144,35,spmspm,ours_flat,1.938,0.473,1.349376,2
ENERGYRAW,4.980794e-01,256.3,80.6,2116
PREPCSV,/mnt/beegfs/ysu34/hamlib/dia_e2e/heis_18_5.txt,262144,35,spmspm,hm_atomic,55.425,3.952,2.835405,21
PREPCSV,/mnt/beegfs/ysu34/hamlib/dia_e2e/heis_18_5.txt,262144,35,spmspm,ours_sym,0.792,2.909,-1.000000,-1
ENERGYRAW,1.295607e-01,286.3,80.6,9502
PREPCSV,/mnt/beegfs/ysu34/hamlib/dia_e2e/heis_18_5.txt,262144,35,spmspm,ours_sym,0.792,2.909,0.631398,6
ENERGYRAW,2.581674e-01,277.8,86.3,4447
SPMSPMCSV,/mnt/beegfs/ysu34/hamlib/dia_e2e/heis_18_5.txt,262144,35,519,127991794,ours_flat,1.349120,0.000e+00
ENERGYRAW,1.281356e-01,290.0,86.3,9523
SPMSPMCSV,/mnt/beegfs/ysu34/hamlib/dia_e2e/heis_18_5.txt,262144,35,519,127991794,ours_sym,0.630016,0.000e+00
ENERGYRAW,5.000857e-01,262.7,86.3,2115
SPMSPMCSV,/mnt/beegfs/ysu34/hamlib/dia_e2e/heis_18_5.txt,262144,35,519,127991794,hm_atomic,2.835814,0.000e+00
ENERGYRAW,9.069983e-01,111.6,86.3,167
SPMSPMCSV,/mnt/beegfs/ysu34/hamlib/dia_e2e/heis_18_5.txt,262144,35,519,127991794,diaq_fp32,35.796272,0.000e+00
SPMSPMCSV,/mnt/beegfs/ysu34/hamlib/dia_e2e/heis_18_5.txt,262144,35,519,127991794,cusparse_spgemm,11.244565,-1.000e+00
== energy heis_20_5 ==
ENERGYRAW,1.237397e-02,291.9,79.9,103797
PREPCSV,/mnt/beegfs/ysu34/hamlib/dia_e2e/heis_20_5.txt,1048576,39,spmv,didx,126.367,5.042,0.057805,2273
ENERGYRAW,1.202083e-02,296.1,79.9,109418
PREPCSV,/mnt/beegfs/ysu34/hamlib/dia_e2e/heis_20_5.txt,1048576,39,spmv,didx_sym,49.166,12.512,0.054835,1125
ENERGYRAW,1.325089e-02,245.1,79.9,74452
PREPCSV,/mnt/beegfs/ysu34/hamlib/dia_e2e/heis_20_5.txt,1048576,39,spmv,gopt,99.777,7.459,0.080589,1331
ENERGYRAW,1.960401e-02,296.4,79.9,66357
PREPCSV,/mnt/beegfs/ysu34/hamlib/dia_e2e/heis_20_5.txt,1048576,39,spmv,cusparse_csr,282.840,8.068,0.090419,3217
ENERGYRAW,1.486353e+00,294.5,79.9,866
PREPCSV,/mnt/beegfs/ysu34/hamlib/dia_e2e/heis_20_5.txt,1048576,39,spmspm,ours_flat,8.065,0.910,6.927053,1
ENERGYRAW,2.602338e+00,262.8,79.9,421
PREPCSV,/mnt/beegfs/ysu34/hamlib/dia_e2e/heis_20_5.txt,1048576,39,spmspm,hm_atomic,275.697,13.850,14.225716,20
PREPCSV,/mnt/beegfs/ysu34/hamlib/dia_e2e/heis_20_5.txt,1048576,39,spmspm,ours_sym,3.937,3.761,-1.000000,-1
ENERGYRAW,7.507057e-01,295.9,79.9,1722
PREPCSV,/mnt/beegfs/ysu34/hamlib/dia_e2e/heis_20_5.txt,1048576,39,spmspm,ours_sym,3.937,3.761,3.484006,2
ENERGYRAW,1.431304e+00,290.9,84.4,865
SPMSPMCSV,/mnt/beegfs/ysu34/hamlib/dia_e2e/heis_20_5.txt,1048576,39,655,650379250,ours_flat,6.929766,0.000e+00
ENERGYRAW,7.286718e-01,293.9,84.4,1725
SPMSPMCSV,/mnt/beegfs/ysu34/hamlib/dia_e2e/heis_20_5.txt,1048576,39,655,650379250,ours_sym,3.477914,0.000e+00
ENERGYRAW,2.486289e+00,259.3,84.4,422
SPMSPMCSV,/mnt/beegfs/ysu34/hamlib/dia_e2e/heis_20_5.txt,1048576,39,655,650379250,hm_atomic,14.212506,0.000e+00
ENERGYRAW,5.841034e+00,113.5,84.4,32
SPMSPMCSV,/mnt/beegfs/ysu34/hamlib/dia_e2e/heis_20_5.txt,1048576,39,655,650379250,diaq_fp32,200.831802,0.000e+00
SPMSPMCSV,/mnt/beegfs/ysu34/hamlib/dia_e2e/heis_20_5.txt,1048576,39,655,650379250,cusparse_spgemm,16.752726,-1.000e+00
== energy heis_20_6 ==
ENERGYRAW,1.224718e-02,289.0,79.4,103705
PREPCSV,/mnt/beegfs/ysu34/hamlib/dia_e2e/heis_20_6.txt,1048576,39,spmv,didx,121.273,5.008,0.057856,2183
ENERGYRAW,1.225955e-02,299.0,79.4,108708
PREPCSV,/mnt/beegfs/ysu34/hamlib/dia_e2e/heis_20_6.txt,1048576,39,spmv,didx_sym,48.215,12.424,0.055194,1099
ENERGYRAW,1.313599e-02,243.1,79.4,74689
PREPCSV,/mnt/beegfs/ysu34/hamlib/dia_e2e/heis_20_6.txt,1048576,39,spmv,gopt,96.970,7.378,0.080333,1299
ENERGYRAW,1.952449e-02,294.3,79.4,65946
PREPCSV,/mnt/beegfs/ysu34/hamlib/dia_e2e/heis_20_6.txt,1048576,39,spmv,cusparse_csr,286.678,7.997,0.090982,3239
ENERGYRAW,1.483271e+00,293.5,79.4,866
PREPCSV,/mnt/beegfs/ysu34/hamlib/dia_e2e/heis_20_6.txt,1048576,39,spmspm,ours_flat,8.026,0.921,6.926387,1
ENERGYRAW,2.614924e+00,263.2,79.4,421
PREPCSV,/mnt/beegfs/ysu34/hamlib/dia_e2e/heis_20_6.txt,1048576,39,spmspm,hm_atomic,274.452,13.777,14.223207,20
PREPCSV,/mnt/beegfs/ysu34/hamlib/dia_e2e/heis_20_6.txt,1048576,39,spmspm,ours_sym,3.938,3.758,-1.000000,-1
ENERGYRAW,7.478923e-01,294.6,79.4,1722
PREPCSV,/mnt/beegfs/ysu34/hamlib/dia_e2e/heis_20_6.txt,1048576,39,spmspm,ours_sym,3.938,3.758,3.484211,2
ENERGYRAW,1.327684e+00,288.0,96.4,865
SPMSPMCSV,/mnt/beegfs/ysu34/hamlib/dia_e2e/heis_20_6.txt,1048576,39,655,650379250,ours_flat,6.930534,0.000e+00
ENERGYRAW,6.900011e-01,294.8,96.4,1725
SPMSPMCSV,/mnt/beegfs/ysu34/hamlib/dia_e2e/heis_20_6.txt,1048576,39,655,650379250,ours_sym,3.477965,0.000e+00
ENERGYRAW,2.316279e+00,259.4,96.4,421
SPMSPMCSV,/mnt/beegfs/ysu34/hamlib/dia_e2e/heis_20_6.txt,1048576,39,655,650379250,hm_atomic,14.219060,0.000e+00
ENERGYRAW,8.477032e+00,138.6,96.4,32
SPMSPMCSV,/mnt/beegfs/ysu34/hamlib/dia_e2e/heis_20_6.txt,1048576,39,655,650379250,diaq_fp32,200.797333,0.000e+00
SPMSPMCSV,/mnt/beegfs/ysu34/hamlib/dia_e2e/heis_20_6.txt,1048576,39,655,650379250,cusparse_spgemm,16.764982,-1.000e+00
== energy maxcut_16_5 ==
ENERGYRAW,1.036526e-04,107.1,79.1,1541940
PREPCSV,/mnt/beegfs/ysu34/hamlib/dia_e2e/maxcut_16_5.txt,65536,1,spmv,didx,0.385,0.088,0.003891,121
ENERGYRAW,1.060564e-04,107.8,79.1,1541940
PREPCSV,/mnt/beegfs/ysu34/hamlib/dia_e2e/maxcut_16_5.txt,65536,1,spmv,didx_sym,0.388,0.129,0.003891,133
ENERGYRAW,7.528017e-05,99.5,79.1,1562499
PREPCSV,/mnt/beegfs/ysu34/hamlib/dia_e2e/maxcut_16_5.txt,65536,1,spmv,gopt,0.175,0.081,0.003840,67
ENERGYRAW,3.109722e-04,93.3,79.1,271267
PREPCSV,/mnt/beegfs/ysu34/hamlib/dia_e2e/maxcut_16_5.txt,65536,1,spmv,cusparse_csr,0.707,0.674,0.022118,62
ENERGYRAW,9.349194e-05,97.6,79.1,1148897
PREPCSV,/mnt/beegfs/ysu34/hamlib/dia_e2e/maxcut_16_5.txt,65536,1,spmspm,ours_flat,0.242,0.069,0.005222,60
ENERGYRAW,1.421564e-04,100.6,79.1,693417
PREPCSV,/mnt/beegfs/ysu34/hamlib/dia_e2e/maxcut_16_5.txt,65536,1,spmspm,hm_atomic,0.582,0.210,0.008653,92
PREPCSV,/mnt/beegfs/ysu34/hamlib/dia_e2e/maxcut_16_5.txt,65536,1,spmspm,ours_sym,0.160,0.091,-1.000000,-1
ENERGYRAW,9.274113e-05,97.5,79.1,1160272
PREPCSV,/mnt/beegfs/ysu34/hamlib/dia_e2e/maxcut_16_5.txt,65536,1,spmspm,ours_sym,0.160,0.091,0.005171,49
ENERGYRAW,1.039257e-04,96.2,76.1,1126802
SPMSPMCSV,/mnt/beegfs/ysu34/hamlib/dia_e2e/maxcut_16_5.txt,65536,1,1,65536,ours_flat,0.005325,0.000e+00
ENERGYRAW,1.040271e-04,96.5,76.1,1137742
SPMSPMCSV,/mnt/beegfs/ysu34/hamlib/dia_e2e/maxcut_16_5.txt,65536,1,1,65536,ours_sym,0.005274,0.000e+00
ENERGYRAW,1.588512e-04,99.0,76.1,855383
SPMSPMCSV,/mnt/beegfs/ysu34/hamlib/dia_e2e/maxcut_16_5.txt,65536,1,1,65536,hm_atomic,0.007014,0.000e+00
ENERGYRAW,1.004453e-03,86.1,76.1,59881
SPMSPMCSV,/mnt/beegfs/ysu34/hamlib/dia_e2e/maxcut_16_5.txt,65536,1,1,65536,diaq_fp32,0.100198,0.000e+00
SPMSPMCSV,/mnt/beegfs/ysu34/hamlib/dia_e2e/maxcut_16_5.txt,65536,1,1,65536,cusparse_spgemm,8.333428,-1.000e+00
== energy maxcut_18_5 ==
ENERGYRAW,3.274205e-04,147.8,75.8,1260080
PREPCSV,/mnt/beegfs/ysu34/hamlib/dia_e2e/maxcut_18_5.txt,262144,1,spmv,didx,1.812,0.439,0.004762,473
ENERGYRAW,3.525325e-04,150.7,75.8,1220703
PREPCSV,/mnt/beegfs/ysu34/hamlib/dia_e2e/maxcut_18_5.txt,262144,1,spmv,didx_sym,1.229,0.499,0.004915,352
ENERGYRAW,1.996642e-04,122.7,75.8,1331676
PREPCSV,/mnt/beegfs/ysu34/hamlib/dia_e2e/maxcut_18_5.txt,262144,1,spmv,gopt,0.560,0.245,0.004506,179
ENERGYRAW,6.965338e-04,108.1,75.8,277039
PREPCSV,/mnt/beegfs/ysu34/hamlib/dia_e2e/maxcut_18_5.txt,262144,1,spmv,cusparse_csr,2.575,0.796,0.021658,156
ENERGYRAW,2.570113e-04,124.0,75.8,1075114
PREPCSV,/mnt/beegfs/ysu34/hamlib/dia_e2e/maxcut_18_5.txt,262144,1,spmspm,ours_flat,0.522,0.114,0.005581,114
ENERGYRAW,4.397530e-04,131.6,75.8,732421
PREPCSV,/mnt/beegfs/ysu34/hamlib/dia_e2e/maxcut_18_5.txt,262144,1,spmspm,hm_atomic,1.080,0.456,0.008192,188
PREPCSV,/mnt/beegfs/ysu34/hamlib/dia_e2e/maxcut_18_5.txt,262144,1,spmspm,ours_sym,0.315,0.128,-1.000000,-1
ENERGYRAW,2.580114e-04,124.2,75.8,1085069
PREPCSV,/mnt/beegfs/ysu34/hamlib/dia_e2e/maxcut_18_5.txt,262144,1,spmspm,ours_sym,0.315,0.128,0.005530,80
ENERGYRAW,2.480583e-04,123.2,77.0,1075114
SPMSPMCSV,/mnt/beegfs/ysu34/hamlib/dia_e2e/maxcut_18_5.txt,262144,1,1,262144,ours_flat,0.005581,0.000e+00
ENERGYRAW,2.553919e-04,124.6,77.0,1075114
SPMSPMCSV,/mnt/beegfs/ysu34/hamlib/dia_e2e/maxcut_18_5.txt,262144,1,1,262144,ours_sym,0.005581,0.000e+00
ENERGYRAW,4.272306e-04,129.9,77.0,723379
SPMSPMCSV,/mnt/beegfs/ysu34/hamlib/dia_e2e/maxcut_18_5.txt,262144,1,1,262144,hm_atomic,0.008294,0.000e+00
ENERGYRAW,3.800353e-03,87.2,77.0,15985
SPMSPMCSV,/mnt/beegfs/ysu34/hamlib/dia_e2e/maxcut_18_5.txt,262144,1,1,262144,diaq_fp32,0.375347,0.000e+00
SPMSPMCSV,/mnt/beegfs/ysu34/hamlib/dia_e2e/maxcut_18_5.txt,262144,1,1,262144,cusparse_spgemm,8.302741,-1.000e+00
== energy maxcut_20_5 ==
ENERGYRAW,1.092082e-03,205.4,75.6,697544
PREPCSV,/mnt/beegfs/ysu34/hamlib/dia_e2e/maxcut_20_5.txt,1048576,1,spmv,didx,5.160,0.918,0.008602,707
ENERGYRAW,1.153393e-03,206.7,75.6,665838
PREPCSV,/mnt/beegfs/ysu34/hamlib/dia_e2e/maxcut_20_5.txt,1048576,1,spmv,didx_sym,5.504,1.001,0.009011,722
ENERGYRAW,5.925028e-04,167.2,75.6,894561
PREPCSV,/mnt/beegfs/ysu34/hamlib/dia_e2e/maxcut_20_5.txt,1048576,1,spmv,gopt,2.828,0.402,0.006707,481
ENERGYRAW,2.389136e-03,138.6,75.6,157298
PREPCSV,/mnt/beegfs/ysu34/hamlib/dia_e2e/maxcut_20_5.txt,1048576,1,spmv,cusparse_csr,5.610,1.675,0.038144,191
ENERGYRAW,8.891975e-04,173.2,75.6,647444
PREPCSV,/mnt/beegfs/ysu34/hamlib/dia_e2e/maxcut_20_5.txt,1048576,1,spmspm,ours_flat,2.109,0.185,0.009267,248
ENERGYRAW,1.596297e-03,186.2,75.6,411184
PREPCSV,/mnt/beegfs/ysu34/hamlib/dia_e2e/maxcut_20_5.txt,1048576,1,spmspm,hm_atomic,5.369,1.436,0.014592,466
PREPCSV,/mnt/beegfs/ysu34/hamlib/dia_e2e/maxcut_20_5.txt,1048576,1,spmspm,ours_sym,1.343,0.204,-1.000000,-1
ENERGYRAW,9.123498e-04,175.7,75.6,647444
PREPCSV,/mnt/beegfs/ysu34/hamlib/dia_e2e/maxcut_20_5.txt,1048576,1,spmspm,ours_sym,1.343,0.204,0.009267,167
ENERGYRAW,8.656792e-04,174.5,77.5,654678
SPMSPMCSV,/mnt/beegfs/ysu34/hamlib/dia_e2e/maxcut_20_5.txt,1048576,1,1,1048576,ours_flat,0.009165,0.000e+00
ENERGYRAW,8.852959e-04,176.8,77.5,654678
SPMSPMCSV,/mnt/beegfs/ysu34/hamlib/dia_e2e/maxcut_20_5.txt,1048576,1,1,1048576,ours_sym,0.009165,0.000e+00
ENERGYRAW,1.591077e-03,190.8,77.5,420026
SPMSPMCSV,/mnt/beegfs/ysu34/hamlib/dia_e2e/maxcut_20_5.txt,1048576,1,1,1048576,hm_atomic,0.014285,0.000e+00
ENERGYRAW,1.673178e-02,88.8,77.5,4070
SPMSPMCSV,/mnt/beegfs/ysu34/hamlib/dia_e2e/maxcut_20_5.txt,1048576,1,1,1048576,diaq_fp32,1.473894,0.000e+00
SPMSPMCSV,/mnt/beegfs/ysu34/hamlib/dia_e2e/maxcut_20_5.txt,1048576,1,1,1048576,cusparse_spgemm,8.743520,-1.000e+00
== energy O2c_16_5 ==
ENERGYRAW,9.123190e-03,184.5,76.4,70765
PREPCSV,/mnt/beegfs/ysu34/hamlib/dia_e2e/O2c_16_5.txt,65536,1243,spmv,didx,122.596,2.638,0.084787,1477
ENERGYRAW,2.116052e-02,135.8,76.4,16856
PREPCSV,/mnt/beegfs/ysu34/hamlib/dia_e2e/O2c_16_5.txt,65536,1243,spmv,gopt,137.635,9.359,0.355942,413
ENERGYRAW,9.805088e-03,258.4,76.4,111078
PREPCSV,/mnt/beegfs/ysu34/hamlib/dia_e2e/O2c_16_5.txt,65536,1243,spmv,cusparse_csr,341.668,3.767,0.054016,6395
ENERGYRAW,6.018306e+01,288.6,76.4,32
PREPCSV,/mnt/beegfs/ysu34/hamlib/dia_e2e/O2c_16_5.txt,65536,1243,spmspm,ours_flat,2321.814,7.899,283.616913,8
PREPCSV,/mnt/beegfs/ysu34/hamlib/dia_e2e/O2c_16_5.txt,65536,1243,spmspm,ours_sym,97.812,27.819,-1.000000,-1
ENERGYRAW,2.929141e+01,295.6,76.4,44
PREPCSV,/mnt/beegfs/ysu34/hamlib/dia_e2e/O2c_16_5.txt,65536,1243,spmspm,ours_sym,97.812,27.819,133.655090,1
ENERGYRAW,5.827576e+01,288.1,82.7,32
SPMSPMCSV,/mnt/beegfs/ysu34/hamlib/dia_e2e/O2c_16_5.txt,65536,1243,100569,3826555296,ours_flat,283.591156,0.000e+00
ENERGYRAW,2.836105e+01,294.9,82.7,44
SPMSPMCSV,/mnt/beegfs/ysu34/hamlib/dia_e2e/O2c_16_5.txt,65536,1243,100569,3826555296,ours_sym,133.620331,1.221e-04
ENERGYRAW,1.958966e+02,218.6,82.7,32
SPMSPMCSV,/mnt/beegfs/ysu34/hamlib/dia_e2e/O2c_16_5.txt,65536,1243,100569,3826555296,diaq_fp32,1440.730713,6.104e-05
SPMSPMCSV,/mnt/beegfs/ysu34/hamlib/dia_e2e/O2c_16_5.txt,65536,1243,100569,3826555296,cusparse_spgemm,44.862217,-1.000e+00
== energy O2c_20_5 ==
ENERGYRAW,8.574548e-01,254.4,74.0,1262
PREPCSV,/mnt/beegfs/ysu34/hamlib/dia_e2e/O2c_20_5.txt,1048576,3359,spmv,didx,7245.577,82.006,4.752793,1542
ENERGYRAW,5.611685e-01,271.0,74.0,2109
PREPCSV,/mnt/beegfs/ysu34/hamlib/dia_e2e/O2c_20_5.txt,1048576,3359,spmv,gopt,6577.629,265.715,2.844723,2406
ENERGYRAW,4.296294e-01,298.8,74.0,3262
PREPCSV,/mnt/beegfs/ysu34/hamlib/dia_e2e/O2c_20_5.txt,1048576,3359,spmv,cusparse_csr_64i,20341.061,168.566,1.838848,11154
== energy qmaxcut_16_4 ==
ENERGYRAW,3.821732e-04,131.5,69.1,930059
PREPCSV,/mnt/beegfs/ysu34/hamlib/dia_e2e/qmaxcut_16_4.txt,65536,31,spmv,didx,3.384,4.111,0.006451,1162
ENERGYRAW,5.085975e-04,146.1,69.1,887784
PREPCSV,/mnt/beegfs/ysu34/hamlib/dia_e2e/qmaxcut_16_4.txt,65536,31,spmv,didx_sym,1.471,0.583,0.006758,304
ENERGYRAW,3.160831e-04,108.3,69.1,723379
PREPCSV,/mnt/beegfs/ysu34/hamlib/dia_e2e/qmaxcut_16_4.txt,65536,31,spmv,gopt,4.291,0.445,0.008294,571
ENERGYRAW,8.188217e-04,107.6,69.1,279683
PREPCSV,/mnt/beegfs/ysu34/hamlib/dia_e2e/qmaxcut_16_4.txt,65536,31,spmv,cusparse_csr,9.617,0.962,0.021453,493
ENERGYRAW,2.143643e-02,269.8,69.1,56043
PREPCSV,/mnt/beegfs/ysu34/hamlib/dia_e2e/qmaxcut_16_4.txt,65536,31,spmspm,ours_flat,0.512,0.212,0.107059,7
ENERGYRAW,3.250349e-02,271.4,69.1,37261
PREPCSV,/mnt/beegfs/ysu34/hamlib/dia_e2e/qmaxcut_16_4.txt,65536,31,spmspm,hm_atomic,6.909,1.060,0.161024,49
PREPCSV,/mnt/beegfs/ysu34/hamlib/dia_e2e/qmaxcut_16_4.txt,65536,31,spmspm,ours_sym,0.150,1.124,-1.000000,-1
ENERGYRAW,1.146747e-02,275.9,69.1,107907
PREPCSV,/mnt/beegfs/ysu34/hamlib/dia_e2e/qmaxcut_16_4.txt,65536,31,spmspm,ours_sym,0.150,1.124,0.055603,23
ENERGYRAW,2.140149e-02,277.7,77.8,55936
SPMSPMCSV,/mnt/beegfs/ysu34/hamlib/dia_e2e/qmaxcut_16_4.txt,65536,31,481,15138746,ours_flat,0.107264,0.000e+00
ENERGYRAW,1.125088e-02,280.1,77.8,107314
SPMSPMCSV,/mnt/beegfs/ysu34/hamlib/dia_e2e/qmaxcut_16_4.txt,65536,31,481,15138746,ours_sym,0.055910,0.000e+00
ENERGYRAW,3.189092e-02,275.8,77.8,37308
SPMSPMCSV,/mnt/beegfs/ysu34/hamlib/dia_e2e/qmaxcut_16_4.txt,65536,31,481,15138746,hm_atomic,0.160819,0.000e+00
ENERGYRAW,9.726349e-02,100.0,77.8,1371
SPMSPMCSV,/mnt/beegfs/ysu34/hamlib/dia_e2e/qmaxcut_16_4.txt,65536,31,481,15138746,diaq_fp32,4.375757,0.000e+00
SPMSPMCSV,/mnt/beegfs/ysu34/hamlib/dia_e2e/qmaxcut_16_4.txt,65536,31,481,15138746,cusparse_spgemm,9.799466,-1.000e+00
== energy qmaxcut_18_4 ==
ENERGYRAW,1.681346e-03,213.2,78.2,474443
PREPCSV,/mnt/beegfs/ysu34/hamlib/dia_e2e/qmaxcut_18_4.txt,262144,35,spmv,didx,13.202,1.405,0.012646,1155
ENERGYRAW,2.243588e-03,257.0,78.2,472530
PREPCSV,/mnt/beegfs/ysu34/hamlib/dia_e2e/qmaxcut_18_4.txt,262144,35,spmv,didx_sym,6.453,2.206,0.012698,682
ENERGYRAW,1.105574e-03,184.3,78.2,563401
PREPCSV,/mnt/beegfs/ysu34/hamlib/dia_e2e/qmaxcut_18_4.txt,262144,35,spmv,gopt,12.188,1.670,0.010650,1301
ENERGYRAW,3.450618e-03,170.9,78.2,160751
PREPCSV,/mnt/beegfs/ysu34/hamlib/dia_e2e/qmaxcut_18_4.txt,262144,35,spmv,cusparse_csr,41.938,2.479,0.037325,1190
ENERGYRAW,1.160781e-01,294.5,78.2,11169
PREPCSV,/mnt/beegfs/ysu34/hamlib/dia_e2e/qmaxcut_18_4.txt,262144,35,spmspm,ours_flat,1.545,0.383,0.537190,4
ENERGYRAW,1.729879e-01,291.3,78.2,7377
PREPCSV,/mnt/beegfs/ysu34/hamlib/dia_e2e/qmaxcut_18_4.txt,262144,35,spmspm,hm_atomic,31.997,2.767,0.813261,43
PREPCSV,/mnt/beegfs/ysu34/hamlib/dia_e2e/qmaxcut_18_4.txt,262144,35,spmspm,ours_sym,0.624,2.582,-1.000000,-1
ENERGYRAW,5.995275e-02,299.2,78.2,22048
PREPCSV,/mnt/beegfs/ysu34/hamlib/dia_e2e/qmaxcut_18_4.txt,262144,35,spmspm,ours_sym,0.624,2.582,0.272128,12
ENERGYRAW,1.142053e-01,294.1,81.4,11158
SPMSPMCSV,/mnt/beegfs/ysu34/hamlib/dia_e2e/qmaxcut_18_4.txt,262144,35,613,77332402,ours_flat,0.537702,0.000e+00
ENERGYRAW,5.824274e-02,296.4,81.4,22115
SPMSPMCSV,/mnt/beegfs/ysu34/hamlib/dia_e2e/qmaxcut_18_4.txt,262144,35,613,77332402,ours_sym,0.271309,0.000e+00
ENERGYRAW,1.733591e-01,294.9,81.4,7389
SPMSPMCSV,/mnt/beegfs/ysu34/hamlib/dia_e2e/qmaxcut_18_4.txt,262144,35,613,77332402,hm_atomic,0.811981,0.000e+00
ENERGYRAW,4.790458e-01,104.1,81.4,284
SPMSPMCSV,/mnt/beegfs/ysu34/hamlib/dia_e2e/qmaxcut_18_4.txt,262144,35,613,77332402,diaq_fp32,21.099623,0.000e+00
SPMSPMCSV,/mnt/beegfs/ysu34/hamlib/dia_e2e/qmaxcut_18_4.txt,262144,35,613,77332402,cusparse_spgemm,11.186432,-1.000e+00
== energy qmaxcut_20_4 ==
ENERGYRAW,1.274804e-02,288.0,80.4,96849
PREPCSV,/mnt/beegfs/ysu34/hamlib/dia_e2e/qmaxcut_20_4.txt,1048576,39,spmv,didx,79.548,4.889,0.061952,1363
ENERGYRAW,1.392483e-02,298.2,80.4,95507
PREPCSV,/mnt/beegfs/ysu34/hamlib/dia_e2e/qmaxcut_20_4.txt,1048576,39,spmv,didx_sym,30.461,7.679,0.062822,607
ENERGYRAW,9.204160e-03,248.7,80.4,109828
PREPCSV,/mnt/beegfs/ysu34/hamlib/dia_e2e/qmaxcut_20_4.txt,1048576,39,spmv,gopt,54.357,5.045,0.054630,1087
ENERGYRAW,2.001244e-02,297.4,80.4,65031
PREPCSV,/mnt/beegfs/ysu34/hamlib/dia_e2e/qmaxcut_20_4.txt,1048576,39,spmv,cusparse_csr,209.752,7.898,0.092262,2359
ENERGYRAW,6.116129e-01,295.5,80.4,2123
PREPCSV,/mnt/beegfs/ysu34/hamlib/dia_e2e/qmaxcut_20_4.txt,1048576,39,spmspm,ours_flat,5.806,0.729,2.824909,2
ENERGYRAW,9.924790e-01,286.2,80.4,1244
PREPCSV,/mnt/beegfs/ysu34/hamlib/dia_e2e/qmaxcut_20_4.txt,1048576,39,spmspm,hm_atomic,163.186,8.138,4.819610,36
PREPCSV,/mnt/beegfs/ysu34/hamlib/dia_e2e/qmaxcut_20_4.txt,1048576,39,spmspm,ours_sym,2.861,2.873,-1.000000,-1
ENERGYRAW,3.114782e-01,295.3,80.4,4151
PREPCSV,/mnt/beegfs/ysu34/hamlib/dia_e2e/qmaxcut_20_4.txt,1048576,39,spmspm,ours_sym,2.861,2.873,1.445325,4
ENERGYRAW,5.565233e-01,292.9,97.0,2124
SPMSPMCSV,/mnt/beegfs/ysu34/hamlib/dia_e2e/qmaxcut_20_4.txt,1048576,39,761,384827306,ours_flat,2.823834,0.000e+00
ENERGYRAW,2.841633e-01,293.0,97.0,4168
SPMSPMCSV,/mnt/beegfs/ysu34/hamlib/dia_e2e/qmaxcut_20_4.txt,1048576,39,761,384827306,ours_sym,1.439437,0.000e+00
ENERGYRAW,8.901447e-01,281.6,97.0,1244
SPMSPMCSV,/mnt/beegfs/ysu34/hamlib/dia_e2e/qmaxcut_20_4.txt,1048576,39,761,384827306,hm_atomic,4.819610,0.000e+00
ENERGYRAW,7.122072e-01,103.8,97.0,57
SPMSPMCSV,/mnt/beegfs/ysu34/hamlib/dia_e2e/qmaxcut_20_4.txt,1048576,39,761,384827306,diaq_fp32,104.265015,0.000e+00
SPMSPMCSV,/mnt/beegfs/ysu34/hamlib/dia_e2e/qmaxcut_20_4.txt,1048576,39,761,384827306,cusparse_spgemm,18.038412,-1.000e+00
== energy qmaxcutC_18_4 ==
ENERGYRAW,4.109251e-03,237.9,80.6,225360
PREPCSV,/mnt/beegfs/ysu34/hamlib/dia_e2e/qmaxcutC_18_4.txt,262144,73,spmv,didx,57.356,2.422,0.026624,2245
ENERGYRAW,5.224349e-03,280.5,80.6,228435
PREPCSV,/mnt/beegfs/ysu34/hamlib/dia_e2e/qmaxcutC_18_4.txt,262144,73,spmv,didx_sym,19.571,6.119,0.026266,978
ENERGYRAW,6.244790e-03,216.0,80.6,129346
PREPCSV,/mnt/beegfs/ysu34/hamlib/dia_e2e/qmaxcutC_18_4.txt,262144,73,spmv,gopt,49.924,4.094,0.046387,1164
ENERGYRAW,8.889901e-03,235.5,80.6,104259
PREPCSV,/mnt/beegfs/ysu34/hamlib/dia_e2e/qmaxcutC_18_4.txt,262144,73,spmv,cusparse_csr,108.281,4.158,0.057549,1954
ENERGYRAW,1.132779e+00,289.4,80.6,1106
PREPCSV,/mnt/beegfs/ysu34/hamlib/dia_e2e/qmaxcutC_18_4.txt,262144,73,spmspm,ours_flat,6.847,0.763,5.424845,1
ENERGYRAW,2.043675e+00,260.2,80.6,527
PREPCSV,/mnt/beegfs/ysu34/hamlib/dia_e2e/qmaxcutC_18_4.txt,262144,73,spmspm,hm_atomic,182.569,7.098,11.379661,17
PREPCSV,/mnt/beegfs/ysu34/hamlib/dia_e2e/qmaxcutC_18_4.txt,262144,73,spmspm,ours_sym,2.265,4.569,-1.000000,-1
ENERGYRAW,5.401447e-01,290.7,80.6,2329
PREPCSV,/mnt/beegfs/ysu34/hamlib/dia_e2e/qmaxcutC_18_4.txt,262144,73,spmspm,ours_sym,2.265,4.569,2.575411,3
ENERGYRAW,1.104546e+00,287.2,83.6,1106
SPMSPMCSV,/mnt/beegfs/ysu34/hamlib/dia_e2e/qmaxcutC_18_4.txt,262144,73,1995,447316210,ours_flat,5.424589,0.000e+00
ENERGYRAW,5.312909e-01,290.2,83.6,2332
SPMSPMCSV,/mnt/beegfs/ysu34/hamlib/dia_e2e/qmaxcutC_18_4.txt,262144,73,1995,447316210,ours_sym,2.571929,0.000e+00
ENERGYRAW,2.002672e+00,259.7,83.6,527
SPMSPMCSV,/mnt/beegfs/ysu34/hamlib/dia_e2e/qmaxcutC_18_4.txt,262144,73,1995,447316210,hm_atomic,11.370087,0.000e+00
ENERGYRAW,3.895479e+00,127.6,83.6,67
SPMSPMCSV,/mnt/beegfs/ysu34/hamlib/dia_e2e/qmaxcutC_18_4.txt,262144,73,1995,447316210,diaq_fp32,88.455780,0.000e+00
SPMSPMCSV,/mnt/beegfs/ysu34/hamlib/dia_e2e/qmaxcutC_18_4.txt,262144,73,1995,447316210,cusparse_spgemm,16.176374,-1.000e+00
== energy qmaxcutK_18_4 ==
ENERGYRAW,1.083570e-03,204.6,79.8,677384
PREPCSV,/mnt/beegfs/ysu34/hamlib/dia_e2e/qmaxcutK_18_4.txt,262144,19,spmv,didx,10.900,1.024,0.008858,1346
ENERGYRAW,1.470649e-03,232.3,79.8,607189
PREPCSV,/mnt/beegfs/ysu34/hamlib/dia_e2e/qmaxcutK_18_4.txt,262144,19,spmv,didx_sym,6.012,2.081,0.009882,819
ENERGYRAW,1.182405e-03,180.0,79.8,500801
PREPCSV,/mnt/beegfs/ysu34/hamlib/dia_e2e/qmaxcutK_18_4.txt,262144,19,spmv,gopt,14.172,1.821,0.011981,1335
ENERGYRAW,2.075368e-03,147.6,79.8,194019
PREPCSV,/mnt/beegfs/ysu34/hamlib/dia_e2e/qmaxcutK_18_4.txt,262144,19,spmv,cusparse_csr,11.551,1.709,0.030925,429
ENERGYRAW,7.652585e-02,289.9,79.8,16449
PREPCSV,/mnt/beegfs/ysu34/hamlib/dia_e2e/qmaxcutK_18_4.txt,262144,19,spmspm,ours_flat,0.882,0.320,0.364749,3
ENERGYRAW,1.539617e-01,278.8,79.8,7749
PREPCSV,/mnt/beegfs/ysu34/hamlib/dia_e2e/qmaxcutK_18_4.txt,262144,19,spmspm,hm_atomic,16.683,2.700,0.774246,25
PREPCSV,/mnt/beegfs/ysu34/hamlib/dia_e2e/qmaxcutK_18_4.txt,262144,19,spmspm,ours_sym,0.438,3.108,-1.000000,-1
ENERGYRAW,3.846817e-02,298.3,79.8,34056
PREPCSV,/mnt/beegfs/ysu34/hamlib/dia_e2e/qmaxcutK_18_4.txt,262144,19,spmspm,ours_sym,0.438,3.108,0.176179,20
ENERGYRAW,7.434439e-02,287.2,83.0,16449
SPMSPMCSV,/mnt/beegfs/ysu34/hamlib/dia_e2e/qmaxcutK_18_4.txt,262144,19,147,37034376,ours_flat,0.364749,0.000e+00
ENERGYRAW,3.760645e-02,296.9,83.0,34195
SPMSPMCSV,/mnt/beegfs/ysu34/hamlib/dia_e2e/qmaxcutK_18_4.txt,262144,19,147,37034376,ours_sym,0.175462,0.000e+00
ENERGYRAW,1.546457e-01,283.0,83.0,7766
SPMSPMCSV,/mnt/beegfs/ysu34/hamlib/dia_e2e/qmaxcutK_18_4.txt,262144,19,147,37034376,hm_atomic,0.772506,0.000e+00
ENERGYRAW,4.353681e-01,104.9,83.0,300
SPMSPMCSV,/mnt/beegfs/ysu34/hamlib/dia_e2e/qmaxcutK_18_4.txt,262144,19,147,37034376,diaq_fp32,19.938150,0.000e+00
SPMSPMCSV,/mnt/beegfs/ysu34/hamlib/dia_e2e/qmaxcutK_18_4.txt,262144,19,147,37034376,cusparse_spgemm,10.009248,-1.000e+00
== energy qmaxcutR_18_3 ==
ENERGYRAW,7.253603e-04,188.9,81.4,861672
PREPCSV,/mnt/beegfs/ysu34/hamlib/dia_e2e/qmaxcutR_18_3.txt,262144,9,spmv,didx,5.678,0.701,0.006963,916
ENERGYRAW,9.669969e-04,206.3,81.4,756048
PREPCSV,/mnt/beegfs/ysu34/hamlib/dia_e2e/qmaxcutR_18_3.txt,262144,9,spmv,didx_sym,3.019,1.071,0.007936,515
ENERGYRAW,4.870157e-04,154.7,81.4,874533
PREPCSV,/mnt/beegfs/ysu34/hamlib/dia_e2e/qmaxcutR_18_3.txt,262144,9,spmv,gopt,6.105,0.644,0.006861,984
ENERGYRAW,1.146063e-03,130.6,81.4,254755
PREPCSV,/mnt/beegfs/ysu34/hamlib/dia_e2e/qmaxcutR_18_3.txt,262144,9,spmv,cusparse_csr,6.357,1.286,0.023552,325
ENERGYRAW,1.679191e-02,284.2,81.4,72248
PREPCSV,/mnt/beegfs/ysu34/hamlib/dia_e2e/qmaxcutR_18_3.txt,262144,9,spmspm,ours_flat,0.600,0.210,0.083046,10
ENERGYRAW,2.644878e-02,298.0,81.4,49529
PREPCSV,/mnt/beegfs/ysu34/hamlib/dia_e2e/qmaxcutR_18_3.txt,262144,9,spmspm,hm_atomic,5.888,1.805,0.121139,64
PREPCSV,/mnt/beegfs/ysu34/hamlib/dia_e2e/qmaxcutR_18_3.txt,262144,9,spmspm,ours_sym,0.351,0.740,-1.000000,-1
ENERGYRAW,8.320234e-03,293.3,81.4,151994
PREPCSV,/mnt/beegfs/ysu34/hamlib/dia_e2e/qmaxcutR_18_3.txt,262144,9,spmspm,ours_sym,0.351,0.740,0.039475,28
ENERGYRAW,1.727314e-02,291.5,82.7,72337
SPMSPMCSV,/mnt/beegfs/ysu34/hamlib/dia_e2e/qmaxcutR_18_3.txt,262144,9,35,9027634,ours_flat,0.082944,0.000e+00
ENERGYRAW,8.650043e-03,298.8,82.7,150240
SPMSPMCSV,/mnt/beegfs/ysu34/hamlib/dia_e2e/qmaxcutR_18_3.txt,262144,9,35,9027634,ours_sym,0.039936,0.000e+00
ENERGYRAW,2.641551e-02,297.7,82.7,49446
SPMSPMCSV,/mnt/beegfs/ysu34/hamlib/dia_e2e/qmaxcutR_18_3.txt,262144,9,35,9027634,hm_atomic,0.121344,0.000e+00
ENERGYRAW,1.568574e-01,100.0,82.7,661
SPMSPMCSV,/mnt/beegfs/ysu34/hamlib/dia_e2e/qmaxcutR_18_3.txt,262144,9,35,9027634,diaq_fp32,9.066649,0.000e+00
SPMSPMCSV,/mnt/beegfs/ysu34/hamlib/dia_e2e/qmaxcutR_18_3.txt,262144,9,35,9027634,cusparse_spgemm,8.241355,-1.000e+00
== energy tfim_16_4 ==
ENERGYRAW,6.181707e-04,166.8,80.9,813802
PREPCSV,/mnt/beegfs/ysu34/hamlib/dia_e2e/tfim_16_4.txt,65536,33,spmv,didx,6.120,0.709,0.007373,926
ENERGYRAW,6.590223e-04,178.8,80.9,868055
PREPCSV,/mnt/beegfs/ysu34/hamlib/dia_e2e/tfim_16_4.txt,65536,33,spmv,didx_sym,2.637,0.940,0.006912,518
ENERGYRAW,5.509409e-04,125.9,80.9,480276
PREPCSV,/mnt/beegfs/ysu34/hamlib/dia_e2e/tfim_16_4.txt,65536,33,spmv,gopt,6.889,0.836,0.012493,618
ENERGYRAW,1.421688e-03,131.3,80.9,210390
PREPCSV,/mnt/beegfs/ysu34/hamlib/dia_e2e/tfim_16_4.txt,65536,33,spmv,cusparse_csr,13.910,1.397,0.028518,537
ENERGYRAW,4.827076e-02,292.4,80.9,26222
PREPCSV,/mnt/beegfs/ysu34/hamlib/dia_e2e/tfim_16_4.txt,65536,33,spmspm,ours_flat,0.668,0.240,0.228813,4
ENERGYRAW,8.854472e-02,294.7,80.9,14490
PREPCSV,/mnt/beegfs/ysu34/hamlib/dia_e2e/tfim_16_4.txt,65536,33,spmspm,hm_atomic,11.496,1.539,0.414054,31
PREPCSV,/mnt/beegfs/ysu34/hamlib/dia_e2e/tfim_16_4.txt,65536,33,spmspm,ours_sym,0.204,2.174,-1.000000,-1
ENERGYRAW,2.516103e-02,299.5,80.9,52152
PREPCSV,/mnt/beegfs/ysu34/hamlib/dia_e2e/tfim_16_4.txt,65536,33,spmspm,ours_sym,0.204,2.174,0.115046,21
ENERGYRAW,4.827436e-02,294.7,83.7,26198
SPMSPMCSV,/mnt/beegfs/ysu34/hamlib/dia_e2e/tfim_16_4.txt,65536,33,455,26181618,ours_flat,0.229018,0.000e+00
ENERGYRAW,2.453612e-02,296.7,83.7,52199
SPMSPMCSV,/mnt/beegfs/ysu34/hamlib/dia_e2e/tfim_16_4.txt,65536,33,455,26181618,ours_sym,0.114944,0.000e+00
ENERGYRAW,8.828682e-02,295.8,83.7,14428
SPMSPMCSV,/mnt/beegfs/ysu34/hamlib/dia_e2e/tfim_16_4.txt,65536,33,455,26181618,hm_atomic,0.415846,0.000e+00
ENERGYRAW,2.117607e-01,114.1,83.7,859
SPMSPMCSV,/mnt/beegfs/ysu34/hamlib/dia_e2e/tfim_16_4.txt,65536,33,455,26181618,diaq_fp32,6.979482,0.000e+00
SPMSPMCSV,/mnt/beegfs/ysu34/hamlib/dia_e2e/tfim_16_4.txt,65536,33,455,26181618,cusparse_spgemm,10.903296,-1.000e+00
== energy tfim_16_5 ==
ENERGYRAW,6.155061e-04,167.0,81.1,813802
PREPCSV,/mnt/beegfs/ysu34/hamlib/dia_e2e/tfim_16_5.txt,65536,33,spmv,didx,5.629,0.735,0.007373,863
ENERGYRAW,6.534693e-04,178.7,81.1,874533
PREPCSV,/mnt/beegfs/ysu34/hamlib/dia_e2e/tfim_16_5.txt,65536,33,spmv,didx_sym,2.599,0.940,0.006861,516
ENERGYRAW,5.472443e-04,125.7,81.1,482253
PREPCSV,/mnt/beegfs/ysu34/hamlib/dia_e2e/tfim_16_5.txt,65536,33,spmv,gopt,7.114,0.792,0.012442,635
ENERGYRAW,1.417078e-03,131.3,81.1,210013
PREPCSV,/mnt/beegfs/ysu34/hamlib/dia_e2e/tfim_16_5.txt,65536,33,spmv,cusparse_csr,14.315,1.417,0.028570,551
ENERGYRAW,4.808021e-02,291.7,81.1,26245
PREPCSV,/mnt/beegfs/ysu34/hamlib/dia_e2e/tfim_16_5.txt,65536,33,spmspm,ours_flat,0.707,0.268,0.228608,4
ENERGYRAW,8.792487e-02,293.4,81.1,14510
PREPCSV,/mnt/beegfs/ysu34/hamlib/dia_e2e/tfim_16_5.txt,65536,33,spmspm,hm_atomic,11.474,1.570,0.413491,32
PREPCSV,/mnt/beegfs/ysu34/hamlib/dia_e2e/tfim_16_5.txt,65536,33,spmspm,ours_sym,0.197,2.022,-1.000000,-1
ENERGYRAW,2.500689e-02,298.4,81.1,52315
PREPCSV,/mnt/beegfs/ysu34/hamlib/dia_e2e/tfim_16_5.txt,65536,33,spmspm,ours_sym,0.197,2.022,0.114688,19
ENERGYRAW,4.770174e-02,294.6,86.3,26210
SPMSPMCSV,/mnt/beegfs/ysu34/hamlib/dia_e2e/tfim_16_5.txt,65536,33,455,26181618,ours_flat,0.228915,0.000e+00
ENERGYRAW,2.387962e-02,293.0,86.3,51715
SPMSPMCSV,/mnt/beegfs/ysu34/hamlib/dia_e2e/tfim_16_5.txt,65536,33,455,26181618,ours_sym,0.116019,0.000e+00
ENERGYRAW,8.720489e-02,295.8,86.3,14415
SPMSPMCSV,/mnt/beegfs/ysu34/hamlib/dia_e2e/tfim_16_5.txt,65536,33,455,26181618,hm_atomic,0.416205,0.000e+00
ENERGYRAW,1.978258e-01,114.7,86.3,859
SPMSPMCSV,/mnt/beegfs/ysu34/hamlib/dia_e2e/tfim_16_5.txt,65536,33,455,26181618,diaq_fp32,6.977587,0.000e+00
SPMSPMCSV,/mnt/beegfs/ysu34/hamlib/dia_e2e/tfim_16_5.txt,65536,33,455,26181618,cusparse_spgemm,10.594144,-1.000e+00
== energy tfim_18_4 ==
ENERGYRAW,3.705325e-03,250.2,80.9,271896
PREPCSV,/mnt/beegfs/ysu34/hamlib/dia_e2e/tfim_18_4.txt,262144,37,spmv,didx,44.045,2.540,0.022067,2111
ENERGYRAW,3.159345e-03,282.3,80.9,376808
PREPCSV,/mnt/beegfs/ysu34/hamlib/dia_e2e/tfim_18_4.txt,262144,37,spmv,didx_sym,11.687,3.646,0.015923,963
ENERGYRAW,3.214864e-03,210.7,80.9,232514
PREPCSV,/mnt/beegfs/ysu34/hamlib/dia_e2e/tfim_18_4.txt,262144,37,spmv,gopt,25.595,2.818,0.025805,1101
ENERGYRAW,9.074429e-03,238.7,80.9,103797
PREPCSV,/mnt/beegfs/ysu34/hamlib/dia_e2e/tfim_18_4.txt,262144,37,spmv,cusparse_csr,73.515,4.237,0.057805,1345
ENERGYRAW,3.053061e-01,292.2,80.9,4150
PREPCSV,/mnt/beegfs/ysu34/hamlib/dia_e2e/tfim_18_4.txt,262144,37,spmspm,ours_flat,2.202,0.487,1.445530,2
ENERGYRAW,5.676855e-01,270.5,80.9,2003
PREPCSV,/mnt/beegfs/ysu34/hamlib/dia_e2e/tfim_18_4.txt,262144,37,spmspm,hm_atomic,58.704,4.026,2.994074,21
PREPCSV,/mnt/beegfs/ysu34/hamlib/dia_e2e/tfim_18_4.txt,262144,37,spmspm,ours_sym,0.866,2.432,-1.000000,-1
ENERGYRAW,1.462274e-01,298.4,80.9,8902
PREPCSV,/mnt/beegfs/ysu34/hamlib/dia_e2e/tfim_18_4.txt,262144,37,spmspm,ours_sym,0.866,2.432,0.673946,5
ENERGYRAW,2.851387e-01,287.4,90.1,4148
SPMSPMCSV,/mnt/beegfs/ysu34/hamlib/dia_e2e/tfim_18_4.txt,262144,37,583,136183794,ours_flat,1.446246,0.000e+00
ENERGYRAW,1.393756e-01,297.5,90.1,8919
SPMSPMCSV,/mnt/beegfs/ysu34/hamlib/dia_e2e/tfim_18_4.txt,262144,37,583,136183794,ours_sym,0.672666,0.000e+00
ENERGYRAW,5.482711e-01,273.0,90.1,2000
SPMSPMCSV,/mnt/beegfs/ysu34/hamlib/dia_e2e/tfim_18_4.txt,262144,37,583,136183794,hm_atomic,2.998579,0.000e+00
ENERGYRAW,8.931241e-01,113.5,90.1,157
SPMSPMCSV,/mnt/beegfs/ysu34/hamlib/dia_e2e/tfim_18_4.txt,262144,37,583,136183794,diaq_fp32,38.210049,0.000e+00
SPMSPMCSV,/mnt/beegfs/ysu34/hamlib/dia_e2e/tfim_18_4.txt,262144,37,583,136183794,cusparse_spgemm,15.307893,-1.000e+00
== energy tfim_18_5 ==
ENERGYRAW,3.676696e-03,249.7,81.7,273164
PREPCSV,/mnt/beegfs/ysu34/hamlib/dia_e2e/tfim_18_5.txt,262144,37,spmv,didx,43.619,2.480,0.021965,2099
ENERGYRAW,3.175515e-03,284.1,81.7,376808
PREPCSV,/mnt/beegfs/ysu34/hamlib/dia_e2e/tfim_18_5.txt,262144,37,spmv,didx_sym,11.617,3.595,0.015923,955
ENERGYRAW,3.231292e-03,212.1,81.7,234844
PREPCSV,/mnt/beegfs/ysu34/hamlib/dia_e2e/tfim_18_5.txt,262144,37,spmv,gopt,25.211,2.809,0.025549,1097
ENERGYRAW,9.184126e-03,241.2,81.7,103889
PREPCSV,/mnt/beegfs/ysu34/hamlib/dia_e2e/tfim_18_5.txt,262144,37,spmv,cusparse_csr,74.887,4.177,0.057754,1369
ENERGYRAW,3.034389e-01,291.7,81.7,4150
PREPCSV,/mnt/beegfs/ysu34/hamlib/dia_e2e/tfim_18_5.txt,262144,37,spmspm,ours_flat,2.171,0.500,1.445683,2
ENERGYRAW,5.616417e-01,269.3,81.7,2003
PREPCSV,/mnt/beegfs/ysu34/hamlib/dia_e2e/tfim_18_5.txt,262144,37,spmspm,hm_atomic,58.759,4.009,2.994893,21
PREPCSV,/mnt/beegfs/ysu34/hamlib/dia_e2e/tfim_18_5.txt,262144,37,spmspm,ours_sym,0.897,2.722,-1.000000,-1
ENERGYRAW,1.449333e-01,297.4,81.7,8904
PREPCSV,/mnt/beegfs/ysu34/hamlib/dia_e2e/tfim_18_5.txt,262144,37,spmspm,ours_sym,0.897,2.722,0.673843,5
ENERGYRAW,2.969617e-01,290.4,84.9,4149
SPMSPMCSV,/mnt/beegfs/ysu34/hamlib/dia_e2e/tfim_18_5.txt,262144,37,583,136183794,ours_flat,1.445888,0.000e+00
ENERGYRAW,1.407489e-01,294.4,84.9,8919
SPMSPMCSV,/mnt/beegfs/ysu34/hamlib/dia_e2e/tfim_18_5.txt,262144,37,583,136183794,ours_sym,0.672717,0.000e+00
ENERGYRAW,5.580636e-01,271.0,84.9,2002
SPMSPMCSV,/mnt/beegfs/ysu34/hamlib/dia_e2e/tfim_18_5.txt,262144,37,583,136183794,hm_atomic,2.996377,0.000e+00
ENERGYRAW,1.103314e+00,113.7,84.9,157
SPMSPMCSV,/mnt/beegfs/ysu34/hamlib/dia_e2e/tfim_18_5.txt,262144,37,583,136183794,diaq_fp32,38.216194,0.000e+00
SPMSPMCSV,/mnt/beegfs/ysu34/hamlib/dia_e2e/tfim_18_5.txt,262144,37,583,136183794,cusparse_spgemm,15.326827,-1.000e+00
== energy tfim_20_5 ==
ENERGYRAW,2.292285e-02,295.1,80.8,56097
PREPCSV,/mnt/beegfs/ysu34/hamlib/dia_e2e/tfim_20_5.txt,1048576,41,spmv,didx,217.294,8.564,0.106957,2112
ENERGYRAW,1.668398e-02,297.5,80.8,78543
PREPCSV,/mnt/beegfs/ysu34/hamlib/dia_e2e/tfim_20_5.txt,1048576,41,spmv,didx_sym,67.367,13.528,0.076390,1059
ENERGYRAW,1.746623e-02,259.7,80.8,61677
PREPCSV,/mnt/beegfs/ysu34/hamlib/dia_e2e/tfim_20_5.txt,1048576,41,spmv,gopt,111.094,9.269,0.097280,1237
ENERGYRAW,3.701025e-02,297.0,80.8,35826
PREPCSV,/mnt/beegfs/ysu34/hamlib/dia_e2e/tfim_20_5.txt,1048576,41,spmv,cusparse_csr,345.429,13.863,0.167475,2145
ENERGYRAW,1.605758e+00,298.9,80.8,816
PREPCSV,/mnt/beegfs/ysu34/hamlib/dia_e2e/tfim_20_5.txt,1048576,41,spmspm,ours_flat,8.421,0.979,7.349145,1
ENERGYRAW,2.852453e+00,271.3,80.8,400
PREPCSV,/mnt/beegfs/ysu34/hamlib/dia_e2e/tfim_20_5.txt,1048576,41,spmspm,hm_atomic,289.171,13.517,14.972723,20
PREPCSV,/mnt/beegfs/ysu34/hamlib/dia_e2e/tfim_20_5.txt,1048576,41,spmspm,ours_sym,4.027,4.456,-1.000000,-1
ENERGYRAW,8.084762e-01,299.5,80.8,1622
PREPCSV,/mnt/beegfs/ysu34/hamlib/dia_e2e/tfim_20_5.txt,1048576,41,spmspm,ours_sym,4.027,4.456,3.697050,2
ENERGYRAW,1.503921e+00,294.5,90.1,816
SPMSPMCSV,/mnt/beegfs/ysu34/hamlib/dia_e2e/tfim_20_5.txt,1048576,41,727,687341554,ours_flat,7.351398,0.000e+00
ENERGYRAW,7.629811e-01,296.8,90.1,1627
SPMSPMCSV,/mnt/beegfs/ysu34/hamlib/dia_e2e/tfim_20_5.txt,1048576,41,727,687341554,ours_sym,3.686502,0.000e+00
ENERGYRAW,2.677100e+00,268.8,90.1,400
SPMSPMCSV,/mnt/beegfs/ysu34/hamlib/dia_e2e/tfim_20_5.txt,1048576,41,727,687341554,hm_atomic,14.974106,0.000e+00
ENERGYRAW,3.964647e+00,108.7,90.1,32
SPMSPMCSV,/mnt/beegfs/ysu34/hamlib/dia_e2e/tfim_20_5.txt,1048576,41,727,687341554,diaq_fp32,212.730667,0.000e+00
SPMSPMCSV,/mnt/beegfs/ysu34/hamlib/dia_e2e/tfim_20_5.txt,1048576,41,727,687341554,cusparse_spgemm,40.806637,-1.000e+00
== energy tsp_18_4 ==
ENERGYRAW,3.380310e-04,154.0,80.9,1233552
PREPCSV,/mnt/beegfs/ysu34/hamlib/dia_e2e/tsp_18_4.txt,262144,1,spmv,didx,1.790,4.776,0.004864,1350
ENERGYRAW,3.588820e-04,154.4,80.9,1195790
PREPCSV,/mnt/beegfs/ysu34/hamlib/dia_e2e/tsp_18_4.txt,262144,1,spmv,didx_sym,1.223,0.503,0.005018,344
ENERGYRAW,1.966477e-04,125.9,80.9,1331676
PREPCSV,/mnt/beegfs/ysu34/hamlib/dia_e2e/tsp_18_4.txt,262144,1,spmv,gopt,0.571,0.248,0.004506,182
ENERGYRAW,6.667401e-04,111.5,80.9,271267
PREPCSV,/mnt/beegfs/ysu34/hamlib/dia_e2e/tsp_18_4.txt,262144,1,spmv,cusparse_csr,2.156,0.848,0.022118,136
ENERGYRAW,2.539829e-04,128.1,80.9,1065340
PREPCSV,/mnt/beegfs/ysu34/hamlib/dia_e2e/tsp_18_4.txt,262144,1,spmspm,ours_flat,0.511,0.118,0.005632,112
ENERGYRAW,4.413997e-04,134.5,80.9,723379
PREPCSV,/mnt/beegfs/ysu34/hamlib/dia_e2e/tsp_18_4.txt,262144,1,spmspm,hm_atomic,1.099,0.462,0.008294,188
PREPCSV,/mnt/beegfs/ysu34/hamlib/dia_e2e/tsp_18_4.txt,262144,1,spmspm,ours_sym,0.385,0.126,-1.000000,-1
ENERGYRAW,2.556711e-04,127.2,80.9,1065340
PREPCSV,/mnt/beegfs/ysu34/hamlib/dia_e2e/tsp_18_4.txt,262144,1,spmspm,ours_sym,0.385,0.126,0.005632,91
ENERGYRAW,2.547004e-04,124.7,77.3,1055743
SPMSPMCSV,/mnt/beegfs/ysu34/hamlib/dia_e2e/tsp_18_4.txt,262144,1,1,262144,ours_flat,0.005683,0.000e+00
ENERGYRAW,2.591622e-04,125.5,77.3,1065340
SPMSPMCSV,/mnt/beegfs/ysu34/hamlib/dia_e2e/tsp_18_4.txt,262144,1,1,262144,ours_sym,0.005632,0.000e+00
ENERGYRAW,4.410748e-04,130.7,77.3,714557
SPMSPMCSV,/mnt/beegfs/ysu34/hamlib/dia_e2e/tsp_18_4.txt,262144,1,1,262144,hm_atomic,0.008397,0.000e+00
ENERGYRAW,3.921110e-03,87.8,77.3,15954
SPMSPMCSV,/mnt/beegfs/ysu34/hamlib/dia_e2e/tsp_18_4.txt,262144,1,1,262144,diaq_fp32,0.376064,0.000e+00
SPMSPMCSV,/mnt/beegfs/ysu34/hamlib/dia_e2e/tsp_18_4.txt,262144,1,1,262144,cusparse_spgemm,8.582827,-1.000e+00
== energy vibbf3_18_3 ==
ENERGYRAW,8.565104e-04,193.4,77.1,791807
PREPCSV,/mnt/beegfs/ysu34/hamlib/dia_e2e/vibbf3_18_3.txt,262144,12,spmv,didx,7.510,0.870,0.007578,1106
ENERGYRAW,1.097084e-03,209.1,77.1,701721
PREPCSV,/mnt/beegfs/ysu34/hamlib/dia_e2e/vibbf3_18_3.txt,262144,12,spmv,didx_sym,3.840,1.389,0.008550,612
ENERGYRAW,6.667144e-04,165.0,77.1,770970
PREPCSV,/mnt/beegfs/ysu34/hamlib/dia_e2e/vibbf3_18_3.txt,262144,12,spmv,gopt,7.797,0.974,0.007782,1127
ENERGYRAW,1.540529e-03,138.8,77.1,238185
PREPCSV,/mnt/beegfs/ysu34/hamlib/dia_e2e/vibbf3_18_3.txt,262144,12,spmv,cusparse_csr,7.747,1.453,0.025190,365
ENERGYRAW,3.074111e-02,288.8,77.1,41219
PREPCSV,/mnt/beegfs/ysu34/hamlib/dia_e2e/vibbf3_18_3.txt,262144,12,spmspm,ours_flat,0.668,0.254,0.145562,6
ENERGYRAW,5.345392e-02,298.3,77.1,24848
PREPCSV,/mnt/beegfs/ysu34/hamlib/dia_e2e/vibbf3_18_3.txt,262144,12,spmspm,hm_atomic,8.577,2.158,0.241459,44
PREPCSV,/mnt/beegfs/ysu34/hamlib/dia_e2e/vibbf3_18_3.txt,262144,12,spmspm,ours_sym,0.725,0.854,-1.000000,-1
ENERGYRAW,1.572966e-02,298.3,77.1,84065
PREPCSV,/mnt/beegfs/ysu34/hamlib/dia_e2e/vibbf3_18_3.txt,262144,12,spmspm,ours_sym,0.725,0.854,0.071373,22
ENERGYRAW,3.074867e-02,293.3,81.9,41379
SPMSPMCSV,/mnt/beegfs/ysu34/hamlib/dia_e2e/vibbf3_18_3.txt,262144,12,65,16457670,ours_flat,0.144998,0.000e+00
ENERGYRAW,1.549455e-02,298.8,81.9,83825
SPMSPMCSV,/mnt/beegfs/ysu34/hamlib/dia_e2e/vibbf3_18_3.txt,262144,12,65,16457670,ours_sym,0.071578,2.384e-07
ENERGYRAW,5.175366e-02,295.7,81.9,24928
SPMSPMCSV,/mnt/beegfs/ysu34/hamlib/dia_e2e/vibbf3_18_3.txt,262144,12,65,16457670,hm_atomic,0.240691,2.384e-07
ENERGYRAW,2.213877e-01,100.9,81.9,513
SPMSPMCSV,/mnt/beegfs/ysu34/hamlib/dia_e2e/vibbf3_18_3.txt,262144,12,65,16457670,diaq_fp32,11.673754,2.384e-07
SPMSPMCSV,/mnt/beegfs/ysu34/hamlib/dia_e2e/vibbf3_18_3.txt,262144,12,65,16457670,cusparse_spgemm,9.765344,-1.000e+00
== energy atmosmodd ==
ENERGYRAW,9.701926e-03,285.3,81.9,125737
PREPCSV,/mnt/beegfs/ysu34/hamlib/dia_suitesparse/atmosmodd.txt,1270432,7,spmv,didx,35.979,4.403,0.047718,846
ENERGYRAW,5.897657e-03,245.8,81.9,165753
PREPCSV,/mnt/beegfs/ysu34/hamlib/dia_suitesparse/atmosmodd.txt,1270432,7,spmv,gopt,27.840,2.996,0.036198,852
ENERGYRAW,1.727477e-02,288.0,81.9,71543
PREPCSV,/mnt/beegfs/ysu34/hamlib/dia_suitesparse/atmosmodd.txt,1270432,7,spmv,cusparse_csr,29.887,7.006,0.083866,440
ENERGYRAW,6.529754e-02,298.4,81.9,19974
PREPCSV,/mnt/beegfs/ysu34/hamlib/dia_suitesparse/atmosmodd.txt,1270432,7,spmspm,ours_flat,2.726,0.418,0.300390,10
ENERGYRAW,1.266860e-01,298.0,81.9,10226
PREPCSV,/mnt/beegfs/ysu34/hamlib/dia_suitesparse/atmosmodd.txt,1270432,7,spmspm,hm_atomic,22.675,4.323,0.586701,46
PREPCSV,/mnt/beegfs/ysu34/hamlib/dia_suitesparse/atmosmodd.txt,1270432,7,spmspm,ours_sym,1.732,1.586,-1.000000,-1
ENERGYRAW,3.412416e-02,298.8,81.9,37900
PREPCSV,/mnt/beegfs/ysu34/hamlib/dia_suitesparse/atmosmodd.txt,1270432,7,spmspm,ours_sym,1.732,1.586,0.158310,21
ENERGYRAW,6.152009e-02,291.9,88.2,19960
SPMSPMCSV,/mnt/beegfs/ysu34/hamlib/dia_suitesparse/atmosmodd.txt,1270432,7,25,31452658,ours_flat,0.300595,0.000e+00
ENERGYRAW,3.298021e-02,297.9,88.2,38035
SPMSPMCSV,/mnt/beegfs/ysu34/hamlib/dia_suitesparse/atmosmodd.txt,1270432,7,25,31452658,ours_sym,0.157747,3.760e+06
ENERGYRAW,1.222935e-01,297.0,88.2,10243
SPMSPMCSV,/mnt/beegfs/ysu34/hamlib/dia_suitesparse/atmosmodd.txt,1270432,7,25,31452658,hm_atomic,0.585728,1.024e+03
ENERGYRAW,4.859576e-01,99.8,88.2,143
SPMSPMCSV,/mnt/beegfs/ysu34/hamlib/dia_suitesparse/atmosmodd.txt,1270432,7,25,31452658,diaq_fp32,41.937664,1.024e+03
SPMSPMCSV,/mnt/beegfs/ysu34/hamlib/dia_suitesparse/atmosmodd.txt,1270432,7,25,31452658,cusparse_spgemm,13.188298,-1.000e+00
== energy ecology2 ==
ENERGYRAW,5.428076e-03,263.3,82.2,201353
PREPCSV,/mnt/beegfs/ysu34/hamlib/dia_suitesparse/ecology2.txt,999999,7,spmv,didx,21.903,2.911,0.029798,833
ENERGYRAW,4.961624e-03,297.1,82.2,256427
PREPCSV,/mnt/beegfs/ysu34/hamlib/dia_suitesparse/ecology2.txt,999999,7,spmv,didx_sym,13.136,3.275,0.023398,701
ENERGYRAW,2.256557e-03,234.4,82.2,389327
PREPCSV,/mnt/beegfs/ysu34/hamlib/dia_suitesparse/ecology2.txt,999999,7,spmv,gopt,17.515,1.910,0.015411,1260
ENERGYRAW,1.002442e-02,250.1,82.2,100074
PREPCSV,/mnt/beegfs/ysu34/hamlib/dia_suitesparse/ecology2.txt,999999,7,spmv,cusparse_csr,20.256,4.511,0.059955,413
ENERGYRAW,4.484204e-02,296.0,82.2,28533
PREPCSV,/mnt/beegfs/ysu34/hamlib/dia_suitesparse/ecology2.txt,999999,7,spmspm,ours_flat,2.145,0.368,0.210278,12
ENERGYRAW,9.259972e-02,287.6,82.2,13309
PREPCSV,/mnt/beegfs/ysu34/hamlib/dia_suitesparse/ecology2.txt,999999,7,spmspm,hm_atomic,14.512,3.890,0.450816,41
PREPCSV,/mnt/beegfs/ysu34/hamlib/dia_suitesparse/ecology2.txt,999999,7,spmspm,ours_sym,1.457,1.081,-1.000000,-1
ENERGYRAW,2.331830e-02,294.8,82.2,54581
PREPCSV,/mnt/beegfs/ysu34/hamlib/dia_suitesparse/ecology2.txt,999999,7,spmspm,ours_sym,1.457,1.081,0.109926,23
ENERGYRAW,4.373539e-02,293.9,85.6,28526
SPMSPMCSV,/mnt/beegfs/ysu34/hamlib/dia_suitesparse/ecology2.txt,999999,7,19,18979985,ours_flat,0.210330,0.000e+00
ENERGYRAW,2.283658e-02,294.2,85.6,54658
SPMSPMCSV,/mnt/beegfs/ysu34/hamlib/dia_suitesparse/ecology2.txt,999999,7,19,18979985,ours_sym,0.109773,1.526e-05
ENERGYRAW,9.131901e-02,288.2,85.6,13297
SPMSPMCSV,/mnt/beegfs/ysu34/hamlib/dia_suitesparse/ecology2.txt,999999,7,19,18979985,hm_atomic,0.451226,7.629e-06
ENERGYRAW,5.116203e-01,100.4,85.6,172
SPMSPMCSV,/mnt/beegfs/ysu34/hamlib/dia_suitesparse/ecology2.txt,999999,7,19,18979985,diaq_fp32,34.737000,7.629e-06
SPMSPMCSV,/mnt/beegfs/ysu34/hamlib/dia_suitesparse/ecology2.txt,999999,7,19,18979985,cusparse_spgemm,10.787093,-1.000e+00
== energy Lin ==
ENERGYRAW,9.985033e-04,205.7,81.9,727872
PREPCSV,/mnt/beegfs/ysu34/hamlib/dia_suitesparse/Lin.txt,256000,7,spmv,didx,7.087,1.086,0.008243,992
ENERGYRAW,1.161924e-03,231.2,81.9,746417
PREPCSV,/mnt/beegfs/ysu34/hamlib/dia_suitesparse/Lin.txt,256000,7,spmv,didx_sym,3.551,1.028,0.008038,570
ENERGYRAW,6.241351e-04,168.6,81.9,808189
PREPCSV,/mnt/beegfs/ysu34/hamlib/dia_suitesparse/Lin.txt,256000,7,spmv,gopt,4.994,0.793,0.007424,780
ENERGYRAW,2.263281e-03,155.6,81.9,194019
PREPCSV,/mnt/beegfs/ysu34/hamlib/dia_suitesparse/Lin.txt,256000,7,spmv,cusparse_csr,6.626,1.984,0.030925,278
ENERGYRAW,1.092004e-02,295.1,81.9,117187
PREPCSV,/mnt/beegfs/ysu34/hamlib/dia_suitesparse/Lin.txt,256000,7,spmspm,ours_flat,0.602,0.213,0.051200,16
ENERGYRAW,1.650850e-02,300.4,81.9,80375
PREPCSV,/mnt/beegfs/ysu34/hamlib/dia_suitesparse/Lin.txt,256000,7,spmspm,hm_atomic,4.101,1.480,0.074650,75
PREPCSV,/mnt/beegfs/ysu34/hamlib/dia_suitesparse/Lin.txt,256000,7,spmspm,ours_sym,0.319,0.574,-1.000000,-1
ENERGYRAW,5.345800e-03,291.0,81.9,229779
PREPCSV,/mnt/beegfs/ysu34/hamlib/dia_suitesparse/Lin.txt,256000,7,spmspm,ours_sym,0.319,0.574,0.026112,34
ENERGYRAW,1.082334e-02,294.1,83.6,117187
SPMSPMCSV,/mnt/beegfs/ysu34/hamlib/dia_suitesparse/Lin.txt,256000,7,25,6309594,ours_flat,0.051200,0.000e+00
ENERGYRAW,5.312545e-03,291.4,83.6,232054
SPMSPMCSV,/mnt/beegfs/ysu34/hamlib/dia_suitesparse/Lin.txt,256000,7,25,6309594,ours_sym,0.025856,6.250e-02
ENERGYRAW,1.637939e-02,298.9,83.6,80046
SPMSPMCSV,/mnt/beegfs/ysu34/hamlib/dia_suitesparse/Lin.txt,256000,7,25,6309594,hm_atomic,0.074957,3.125e-02
ENERGYRAW,1.094379e-01,100.3,83.6,913
SPMSPMCSV,/mnt/beegfs/ysu34/hamlib/dia_suitesparse/Lin.txt,256000,7,25,6309594,diaq_fp32,6.571417,3.125e-02
SPMSPMCSV,/mnt/beegfs/ysu34/hamlib/dia_suitesparse/Lin.txt,256000,7,25,6309594,cusparse_spgemm,9.543787,-1.000e+00
