matrix,kernel,metric,value
heis_16_5,hm_structured_sparse_matmul_kernel,dram__bytes_read.sum,161393920
heis_16_5,hm_structured_sparse_matmul_kernel,l1tex__data_bank_conflicts_pipe_lsu_mem_shared_op_ld.sum,0
heis_16_5,hm_structured_sparse_matmul_kernel,l1tex__data_bank_conflicts_pipe_lsu_mem_shared_op_st.sum,0
heis_16_5,hm_structured_sparse_matmul_kernel,l1tex__data_pipe_lsu_wavefronts_mem_shared.sum.pct_of_peak_sustained_elapsed,0.16
heis_16_5,hm_structured_sparse_matmul_kernel,l1tex__t_bytes_pipe_lsu_mem_global_op_ld.sum,652246912
heis_16_5,hm_structured_sparse_matmul_kernel,l1tex__t_requests_pipe_lsu_mem_global_op_red.sum,1847674
heis_16_5,hm_structured_sparse_matmul_kernel,l1tex__t_sector_hit_rate.pct,44.80
heis_16_5,hm_structured_sparse_matmul_kernel,launch__shared_mem_per_block_dynamic,0
heis_16_5,hm_structured_sparse_matmul_kernel,launch__shared_mem_per_block_static,0
heis_16_5,hm_structured_sparse_matmul_kernel,lts__t_sector_hit_rate.pct,78.77
heis_16_5,hm_structured_sparse_matmul_kernel,smsp__sass_data_bytes_mem_shared_op_ld.sum,0
heis_16_5,hm_structured_sparse_matmul_kernel,smsp__sass_data_bytes_mem_shared_op_ld.sum.per_second,0
heis_16_5,hm_structured_sparse_matmul_kernel,smsp__sass_data_bytes_mem_shared_op_st.sum,0
heis_16_5,hm_structured_sparse_matmul_kernel,smsp__sass_data_bytes_mem_shared_op_st.sum.per_second,0
heis_16_5,void gather_meta_kernel,dram__bytes_read.sum,10649856
heis_16_5,void gather_meta_kernel,l1tex__data_bank_conflicts_pipe_lsu_mem_shared_op_ld.sum,57076
heis_16_5,void gather_meta_kernel,l1tex__data_bank_conflicts_pipe_lsu_mem_shared_op_st.sum,518
heis_16_5,void gather_meta_kernel,l1tex__data_pipe_lsu_wavefronts_mem_shared.sum.pct_of_peak_sustained_elapsed,33.22
heis_16_5,void gather_meta_kernel,l1tex__t_bytes_pipe_lsu_mem_global_op_ld.sum,587745760
heis_16_5,void gather_meta_kernel,l1tex__t_requests_pipe_lsu_mem_global_op_red.sum,0
heis_16_5,void gather_meta_kernel,l1tex__t_sector_hit_rate.pct,38.03
heis_16_5,void gather_meta_kernel,launch__shared_mem_per_block_dynamic,0
heis_16_5,void gather_meta_kernel,launch__shared_mem_per_block_static,8196
heis_16_5,void gather_meta_kernel,lts__t_sector_hit_rate.pct,96.49
heis_16_5,void gather_meta_kernel,smsp__sass_data_bytes_mem_shared_op_ld.sum,71698292
heis_16_5,void gather_meta_kernel,smsp__sass_data_bytes_mem_shared_op_ld.sum.per_second,456886546696.57
heis_16_5,void gather_meta_kernel,smsp__sass_data_bytes_mem_shared_op_st.sum,2070272
heis_16_5,void gather_meta_kernel,smsp__sass_data_bytes_mem_shared_op_st.sum.per_second,13192495921.70
heis_16_5,void gather_flat_kernel,dram__bytes_read.sum,11629312
heis_16_5,void gather_flat_kernel,l1tex__data_bank_conflicts_pipe_lsu_mem_shared_op_ld.sum,133898
heis_16_5,void gather_flat_kernel,l1tex__data_bank_conflicts_pipe_lsu_mem_shared_op_st.sum,914
heis_16_5,void gather_flat_kernel,l1tex__data_pipe_lsu_wavefronts_mem_shared.sum.pct_of_peak_sustained_elapsed,23.03
heis_16_5,void gather_flat_kernel,l1tex__t_bytes_pipe_lsu_mem_global_op_ld.sum,695564512
heis_16_5,void gather_flat_kernel,l1tex__t_requests_pipe_lsu_mem_global_op_red.sum,0
heis_16_5,void gather_flat_kernel,l1tex__t_sector_hit_rate.pct,45.66
heis_16_5,void gather_flat_kernel,launch__shared_mem_per_block_dynamic,0
heis_16_5,void gather_flat_kernel,launch__shared_mem_per_block_static,8192
heis_16_5,void gather_flat_kernel,lts__t_sector_hit_rate.pct,96.15
heis_16_5,void gather_flat_kernel,smsp__sass_data_bytes_mem_shared_op_ld.sum,70881140
heis_16_5,void gather_flat_kernel,smsp__sass_data_bytes_mem_shared_op_ld.sum.per_second,287368399714.58
heis_16_5,void gather_flat_kernel,smsp__sass_data_bytes_mem_shared_op_st.sum,7422656
heis_16_5,void gather_flat_kernel,smsp__sass_data_bytes_mem_shared_op_st.sum.per_second,30093149974.05
heis_16_5,void gather_flat_sym_kernel,dram__bytes_read.sum,4217856
heis_16_5,void gather_flat_sym_kernel,l1tex__data_bank_conflicts_pipe_lsu_mem_shared_op_ld.sum,37004
heis_16_5,void gather_flat_sym_kernel,l1tex__data_bank_conflicts_pipe_lsu_mem_shared_op_st.sum,169
heis_16_5,void gather_flat_sym_kernel,l1tex__data_pipe_lsu_wavefronts_mem_shared.sum.pct_of_peak_sustained_elapsed,38.31
heis_16_5,void gather_flat_sym_kernel,l1tex__t_bytes_pipe_lsu_mem_global_op_ld.sum,320004064
heis_16_5,void gather_flat_sym_kernel,l1tex__t_requests_pipe_lsu_mem_global_op_red.sum,0
heis_16_5,void gather_flat_sym_kernel,l1tex__t_sector_hit_rate.pct,49.75
heis_16_5,void gather_flat_sym_kernel,launch__shared_mem_per_block_dynamic,0
heis_16_5,void gather_flat_sym_kernel,launch__shared_mem_per_block_static,8192
heis_16_5,void gather_flat_sym_kernel,lts__t_sector_hit_rate.pct,96.71
heis_16_5,void gather_flat_sym_kernel,smsp__sass_data_bytes_mem_shared_op_ld.sum,36442064
heis_16_5,void gather_flat_sym_kernel,smsp__sass_data_bytes_mem_shared_op_ld.sum.per_second,533402576112.41
heis_16_5,void gather_flat_sym_kernel,smsp__sass_data_bytes_mem_shared_op_st.sum,962784
heis_16_5,void gather_flat_sym_kernel,smsp__sass_data_bytes_mem_shared_op_st.sum.per_second,14092271662.76
heis_16_5,cuda_spmv_dia,dram__bytes_read.sum,8132096
heis_16_5,cuda_spmv_dia,l1tex__data_bank_conflicts_pipe_lsu_mem_shared_op_ld.sum,0
heis_16_5,cuda_spmv_dia,l1tex__data_bank_conflicts_pipe_lsu_mem_shared_op_st.sum,0
heis_16_5,cuda_spmv_dia,l1tex__data_pipe_lsu_wavefronts_mem_shared.sum.pct_of_peak_sustained_elapsed,0.23
heis_16_5,cuda_spmv_dia,l1tex__t_bytes_pipe_lsu_mem_global_op_ld.sum,18546432
heis_16_5,cuda_spmv_dia,l1tex__t_requests_pipe_lsu_mem_global_op_red.sum,0
heis_16_5,cuda_spmv_dia,l1tex__t_sector_hit_rate.pct,36.98
heis_16_5,cuda_spmv_dia,launch__shared_mem_per_block_dynamic,0
heis_16_5,cuda_spmv_dia,launch__shared_mem_per_block_static,0
heis_16_5,cuda_spmv_dia,lts__t_sector_hit_rate.pct,29.76
heis_16_5,cuda_spmv_dia,smsp__sass_data_bytes_mem_shared_op_ld.sum,0
heis_16_5,cuda_spmv_dia,smsp__sass_data_bytes_mem_shared_op_ld.sum.per_second,0
heis_16_5,cuda_spmv_dia,smsp__sass_data_bytes_mem_shared_op_st.sum,0
heis_16_5,cuda_spmv_dia,smsp__sass_data_bytes_mem_shared_op_st.sum.per_second,0
tfim_16_5,hm_structured_sparse_matmul_kernel,dram__bytes_read.sum,178032640
tfim_16_5,hm_structured_sparse_matmul_kernel,l1tex__data_bank_conflicts_pipe_lsu_mem_shared_op_ld.sum,0
tfim_16_5,hm_structured_sparse_matmul_kernel,l1tex__data_bank_conflicts_pipe_lsu_mem_shared_op_st.sum,0
tfim_16_5,hm_structured_sparse_matmul_kernel,l1tex__data_pipe_lsu_wavefronts_mem_shared.sum.pct_of_peak_sustained_elapsed,0.16
tfim_16_5,hm_structured_sparse_matmul_kernel,l1tex__t_bytes_pipe_lsu_mem_global_op_ld.sum,698591072
tfim_16_5,hm_structured_sparse_matmul_kernel,l1tex__t_requests_pipe_lsu_mem_global_op_red.sum,1972653
tfim_16_5,hm_structured_sparse_matmul_kernel,l1tex__t_sector_hit_rate.pct,44.76
tfim_16_5,hm_structured_sparse_matmul_kernel,launch__shared_mem_per_block_dynamic,0
tfim_16_5,hm_structured_sparse_matmul_kernel,launch__shared_mem_per_block_static,0
tfim_16_5,hm_structured_sparse_matmul_kernel,lts__t_sector_hit_rate.pct,78.04
tfim_16_5,hm_structured_sparse_matmul_kernel,smsp__sass_data_bytes_mem_shared_op_ld.sum,0
tfim_16_5,hm_structured_sparse_matmul_kernel,smsp__sass_data_bytes_mem_shared_op_ld.sum.per_second,0
tfim_16_5,hm_structured_sparse_matmul_kernel,smsp__sass_data_bytes_mem_shared_op_st.sum,0
tfim_16_5,hm_structured_sparse_matmul_kernel,smsp__sass_data_bytes_mem_shared_op_st.sum.per_second,0
tfim_16_5,void gather_meta_kernel,dram__bytes_read.sum,11640320
tfim_16_5,void gather_meta_kernel,l1tex__data_bank_conflicts_pipe_lsu_mem_shared_op_ld.sum,63936
tfim_16_5,void gather_meta_kernel,l1tex__data_bank_conflicts_pipe_lsu_mem_shared_op_st.sum,699
tfim_16_5,void gather_meta_kernel,l1tex__data_pipe_lsu_wavefronts_mem_shared.sum.pct_of_peak_sustained_elapsed,33.11
tfim_16_5,void gather_meta_kernel,l1tex__t_bytes_pipe_lsu_mem_global_op_ld.sum,634047456
tfim_16_5,void gather_meta_kernel,l1tex__t_requests_pipe_lsu_mem_global_op_red.sum,0
tfim_16_5,void gather_meta_kernel,l1tex__t_sector_hit_rate.pct,37.67
tfim_16_5,void gather_meta_kernel,launch__shared_mem_per_block_dynamic,0
tfim_16_5,void gather_meta_kernel,launch__shared_mem_per_block_static,8196
tfim_16_5,void gather_meta_kernel,lts__t_sector_hit_rate.pct,96.49
tfim_16_5,void gather_meta_kernel,smsp__sass_data_bytes_mem_shared_op_ld.sum,76773924
tfim_16_5,void gather_meta_kernel,smsp__sass_data_bytes_mem_shared_op_ld.sum.per_second,454391122159.09
tfim_16_5,void gather_meta_kernel,smsp__sass_data_bytes_mem_shared_op_st.sum,2342656
tfim_16_5,void gather_meta_kernel,smsp__sass_data_bytes_mem_shared_op_st.sum.per_second,13865151515.15
tfim_16_5,void gather_flat_kernel,dram__bytes_read.sum,12585216
tfim_16_5,void gather_flat_kernel,l1tex__data_bank_conflicts_pipe_lsu_mem_shared_op_ld.sum,142930
tfim_16_5,void gather_flat_kernel,l1tex__data_bank_conflicts_pipe_lsu_mem_shared_op_st.sum,932
tfim_16_5,void gather_flat_kernel,l1tex__data_pipe_lsu_wavefronts_mem_shared.sum.pct_of_peak_sustained_elapsed,22.98
tfim_16_5,void gather_flat_kernel,l1tex__t_bytes_pipe_lsu_mem_global_op_ld.sum,743021280
tfim_16_5,void gather_flat_kernel,l1tex__t_requests_pipe_lsu_mem_global_op_red.sum,0
tfim_16_5,void gather_flat_kernel,l1tex__t_sector_hit_rate.pct,45.20
tfim_16_5,void gather_flat_kernel,launch__shared_mem_per_block_dynamic,0
tfim_16_5,void gather_flat_kernel,launch__shared_mem_per_block_static,8192
tfim_16_5,void gather_flat_kernel,lts__t_sector_hit_rate.pct,96.12
tfim_16_5,void gather_flat_kernel,smsp__sass_data_bytes_mem_shared_op_ld.sum,75842084
tfim_16_5,void gather_flat_kernel,smsp__sass_data_bytes_mem_shared_op_ld.sum.per_second,285240717896.26
tfim_16_5,void gather_flat_kernel,smsp__sass_data_bytes_mem_shared_op_st.sum,7947968
tfim_16_5,void gather_flat_kernel,smsp__sass_data_bytes_mem_shared_op_st.sum.per_second,29892165122.16
tfim_16_5,void gather_flat_sym_kernel,dram__bytes_read.sum,4402432
tfim_16_5,void gather_flat_sym_kernel,l1tex__data_bank_conflicts_pipe_lsu_mem_shared_op_ld.sum,40421
tfim_16_5,void gather_flat_sym_kernel,l1tex__data_bank_conflicts_pipe_lsu_mem_shared_op_st.sum,195
tfim_16_5,void gather_flat_sym_kernel,l1tex__data_pipe_lsu_wavefronts_mem_shared.sum.pct_of_peak_sustained_elapsed,38.41
tfim_16_5,void gather_flat_sym_kernel,l1tex__t_bytes_pipe_lsu_mem_global_op_ld.sum,341558656
tfim_16_5,void gather_flat_sym_kernel,l1tex__t_requests_pipe_lsu_mem_global_op_red.sum,0
tfim_16_5,void gather_flat_sym_kernel,l1tex__t_sector_hit_rate.pct,49.09
tfim_16_5,void gather_flat_sym_kernel,launch__shared_mem_per_block_dynamic,0
tfim_16_5,void gather_flat_sym_kernel,launch__shared_mem_per_block_static,8192
tfim_16_5,void gather_flat_sym_kernel,lts__t_sector_hit_rate.pct,96.92
tfim_16_5,void gather_flat_sym_kernel,smsp__sass_data_bytes_mem_shared_op_ld.sum,38981928
tfim_16_5,void gather_flat_sym_kernel,smsp__sass_data_bytes_mem_shared_op_ld.sum.per_second,530568488675.96
tfim_16_5,void gather_flat_sym_kernel,smsp__sass_data_bytes_mem_shared_op_st.sum,1031008
tfim_16_5,void gather_flat_sym_kernel,smsp__sass_data_bytes_mem_shared_op_st.sum.per_second,14032665505.23
tfim_16_5,cuda_spmv_dia,dram__bytes_read.sum,8394240
tfim_16_5,cuda_spmv_dia,l1tex__data_bank_conflicts_pipe_lsu_mem_shared_op_ld.sum,0
tfim_16_5,cuda_spmv_dia,l1tex__data_bank_conflicts_pipe_lsu_mem_shared_op_st.sum,0
tfim_16_5,cuda_spmv_dia,l1tex__data_pipe_lsu_wavefronts_mem_shared.sum.pct_of_peak_sustained_elapsed,0.39
tfim_16_5,cuda_spmv_dia,l1tex__t_bytes_pipe_lsu_mem_global_op_ld.sum,19201792
tfim_16_5,cuda_spmv_dia,l1tex__t_requests_pipe_lsu_mem_global_op_red.sum,0
tfim_16_5,cuda_spmv_dia,l1tex__t_sector_hit_rate.pct,37.50
tfim_16_5,cuda_spmv_dia,launch__shared_mem_per_block_dynamic,0
tfim_16_5,cuda_spmv_dia,launch__shared_mem_per_block_static,0
tfim_16_5,cuda_spmv_dia,lts__t_sector_hit_rate.pct,29.50
tfim_16_5,cuda_spmv_dia,smsp__sass_data_bytes_mem_shared_op_ld.sum,0
tfim_16_5,cuda_spmv_dia,smsp__sass_data_bytes_mem_shared_op_ld.sum.per_second,0
tfim_16_5,cuda_spmv_dia,smsp__sass_data_bytes_mem_shared_op_st.sum,0
tfim_16_5,cuda_spmv_dia,smsp__sass_data_bytes_mem_shared_op_st.sum.per_second,0
fermi_16_5,hm_structured_sparse_matmul_kernel,dram__bytes_read.sum,131343104
fermi_16_5,hm_structured_sparse_matmul_kernel,l1tex__data_bank_conflicts_pipe_lsu_mem_shared_op_ld.sum,0
fermi_16_5,hm_structured_sparse_matmul_kernel,l1tex__data_bank_conflicts_pipe_lsu_mem_shared_op_st.sum,0
fermi_16_5,hm_structured_sparse_matmul_kernel,l1tex__data_pipe_lsu_wavefronts_mem_shared.sum.pct_of_peak_sustained_elapsed,0.18
fermi_16_5,hm_structured_sparse_matmul_kernel,l1tex__t_bytes_pipe_lsu_mem_global_op_ld.sum,570227744
fermi_16_5,hm_structured_sparse_matmul_kernel,l1tex__t_requests_pipe_lsu_mem_global_op_red.sum,1610385
fermi_16_5,hm_structured_sparse_matmul_kernel,l1tex__t_sector_hit_rate.pct,44.97
fermi_16_5,hm_structured_sparse_matmul_kernel,launch__shared_mem_per_block_dynamic,0
fermi_16_5,hm_structured_sparse_matmul_kernel,launch__shared_mem_per_block_static,0
fermi_16_5,hm_structured_sparse_matmul_kernel,lts__t_sector_hit_rate.pct,79.78
fermi_16_5,hm_structured_sparse_matmul_kernel,smsp__sass_data_bytes_mem_shared_op_ld.sum,0
fermi_16_5,hm_structured_sparse_matmul_kernel,smsp__sass_data_bytes_mem_shared_op_ld.sum.per_second,0
fermi_16_5,hm_structured_sparse_matmul_kernel,smsp__sass_data_bytes_mem_shared_op_st.sum,0
fermi_16_5,hm_structured_sparse_matmul_kernel,smsp__sass_data_bytes_mem_shared_op_st.sum.per_second,0
fermi_16_5,void gather_meta_kernel,dram__bytes_read.sum,9154304
fermi_16_5,void gather_meta_kernel,l1tex__data_bank_conflicts_pipe_lsu_mem_shared_op_ld.sum,50210
fermi_16_5,void gather_meta_kernel,l1tex__data_bank_conflicts_pipe_lsu_mem_shared_op_st.sum,498
fermi_16_5,void gather_meta_kernel,l1tex__data_pipe_lsu_wavefronts_mem_shared.sum.pct_of_peak_sustained_elapsed,33.17
fermi_16_5,void gather_meta_kernel,l1tex__t_bytes_pipe_lsu_mem_global_op_ld.sum,512008032
fermi_16_5,void gather_meta_kernel,l1tex__t_requests_pipe_lsu_mem_global_op_red.sum,0
fermi_16_5,void gather_meta_kernel,l1tex__t_sector_hit_rate.pct,38.28
fermi_16_5,void gather_meta_kernel,launch__shared_mem_per_block_dynamic,0
fermi_16_5,void gather_meta_kernel,launch__shared_mem_per_block_static,8196
fermi_16_5,void gather_meta_kernel,lts__t_sector_hit_rate.pct,96.60
fermi_16_5,void gather_meta_kernel,smsp__sass_data_bytes_mem_shared_op_ld.sum,62634292
fermi_16_5,void gather_meta_kernel,smsp__sass_data_bytes_mem_shared_op_ld.sum.per_second,453398569608.52
fermi_16_5,void gather_meta_kernel,smsp__sass_data_bytes_mem_shared_op_st.sum,1812736
fermi_16_5,void gather_meta_kernel,smsp__sass_data_bytes_mem_shared_op_st.sum.per_second,13122075515.40
fermi_16_5,void gather_flat_kernel,dram__bytes_read.sum,9841664
fermi_16_5,void gather_flat_kernel,l1tex__data_bank_conflicts_pipe_lsu_mem_shared_op_ld.sum,118806
fermi_16_5,void gather_flat_kernel,l1tex__data_bank_conflicts_pipe_lsu_mem_shared_op_st.sum,841
fermi_16_5,void gather_flat_kernel,l1tex__data_pipe_lsu_wavefronts_mem_shared.sum.pct_of_peak_sustained_elapsed,22.93
fermi_16_5,void gather_flat_kernel,l1tex__t_bytes_pipe_lsu_mem_global_op_ld.sum,608139616
fermi_16_5,void gather_flat_kernel,l1tex__t_requests_pipe_lsu_mem_global_op_red.sum,0
fermi_16_5,void gather_flat_kernel,l1tex__t_sector_hit_rate.pct,45.82
fermi_16_5,void gather_flat_kernel,launch__shared_mem_per_block_dynamic,0
fermi_16_5,void gather_flat_kernel,launch__shared_mem_per_block_static,8192
fermi_16_5,void gather_flat_kernel,lts__t_sector_hit_rate.pct,96.28
fermi_16_5,void gather_flat_kernel,smsp__sass_data_bytes_mem_shared_op_ld.sum,61911348
fermi_16_5,void gather_flat_kernel,smsp__sass_data_bytes_mem_shared_op_ld.sum.per_second,284393594737.62
fermi_16_5,void gather_flat_kernel,smsp__sass_data_bytes_mem_shared_op_st.sum,6471296
fermi_16_5,void gather_flat_kernel,smsp__sass_data_bytes_mem_shared_op_st.sum.per_second,29726297221.81
fermi_16_5,void gather_flat_sym_kernel,dram__bytes_read.sum,3935488
fermi_16_5,void gather_flat_sym_kernel,l1tex__data_bank_conflicts_pipe_lsu_mem_shared_op_ld.sum,31629
fermi_16_5,void gather_flat_sym_kernel,l1tex__data_bank_conflicts_pipe_lsu_mem_shared_op_st.sum,136
fermi_16_5,void gather_flat_sym_kernel,l1tex__data_pipe_lsu_wavefronts_mem_shared.sum.pct_of_peak_sustained_elapsed,37.71
fermi_16_5,void gather_flat_sym_kernel,l1tex__t_bytes_pipe_lsu_mem_global_op_ld.sum,279421888
fermi_16_5,void gather_flat_sym_kernel,l1tex__t_requests_pipe_lsu_mem_global_op_red.sum,0
fermi_16_5,void gather_flat_sym_kernel,l1tex__t_sector_hit_rate.pct,49.15
fermi_16_5,void gather_flat_sym_kernel,launch__shared_mem_per_block_dynamic,0
fermi_16_5,void gather_flat_sym_kernel,launch__shared_mem_per_block_static,8192
fermi_16_5,void gather_flat_sym_kernel,lts__t_sector_hit_rate.pct,96.85
fermi_16_5,void gather_flat_sym_kernel,smsp__sass_data_bytes_mem_shared_op_ld.sum,31908104
fermi_16_5,void gather_flat_sym_kernel,smsp__sass_data_bytes_mem_shared_op_ld.sum.per_second,524804342105.26
fermi_16_5,void gather_flat_sym_kernel,smsp__sass_data_bytes_mem_shared_op_st.sum,841504
fermi_16_5,void gather_flat_sym_kernel,smsp__sass_data_bytes_mem_shared_op_st.sum.per_second,13840526315.79
fermi_16_5,cuda_spmv_dia,dram__bytes_read.sum,7608576
fermi_16_5,cuda_spmv_dia,l1tex__data_bank_conflicts_pipe_lsu_mem_shared_op_ld.sum,0
fermi_16_5,cuda_spmv_dia,l1tex__data_bank_conflicts_pipe_lsu_mem_shared_op_st.sum,0
fermi_16_5,cuda_spmv_dia,l1tex__data_pipe_lsu_wavefronts_mem_shared.sum.pct_of_peak_sustained_elapsed,0.26
fermi_16_5,cuda_spmv_dia,l1tex__t_bytes_pipe_lsu_mem_global_op_ld.sum,17368832
fermi_16_5,cuda_spmv_dia,l1tex__t_requests_pipe_lsu_mem_global_op_red.sum,0
fermi_16_5,cuda_spmv_dia,l1tex__t_sector_hit_rate.pct,35.75
fermi_16_5,cuda_spmv_dia,launch__shared_mem_per_block_dynamic,0
fermi_16_5,cuda_spmv_dia,launch__shared_mem_per_block_static,0
fermi_16_5,cuda_spmv_dia,lts__t_sector_hit_rate.pct,30.86
fermi_16_5,cuda_spmv_dia,smsp__sass_data_bytes_mem_shared_op_ld.sum,0
fermi_16_5,cuda_spmv_dia,smsp__sass_data_bytes_mem_shared_op_ld.sum.per_second,0
fermi_16_5,cuda_spmv_dia,smsp__sass_data_bytes_mem_shared_op_st.sum,0
fermi_16_5,cuda_spmv_dia,smsp__sass_data_bytes_mem_shared_op_st.sum.per_second,0
qmaxcut_16_4,hm_structured_sparse_matmul_kernel,dram__bytes_read.sum,65098496
qmaxcut_16_4,hm_structured_sparse_matmul_kernel,l1tex__data_bank_conflicts_pipe_lsu_mem_shared_op_ld.sum,0
qmaxcut_16_4,hm_structured_sparse_matmul_kernel,l1tex__data_bank_conflicts_pipe_lsu_mem_shared_op_st.sum,0
qmaxcut_16_4,hm_structured_sparse_matmul_kernel,l1tex__data_pipe_lsu_wavefronts_mem_shared.sum.pct_of_peak_sustained_elapsed,0.21
qmaxcut_16_4,hm_structured_sparse_matmul_kernel,l1tex__t_bytes_pipe_lsu_mem_global_op_ld.sum,231386496
qmaxcut_16_4,hm_structured_sparse_matmul_kernel,l1tex__t_requests_pipe_lsu_mem_global_op_red.sum,596664
qmaxcut_16_4,hm_structured_sparse_matmul_kernel,l1tex__t_sector_hit_rate.pct,47.40
qmaxcut_16_4,hm_structured_sparse_matmul_kernel,launch__shared_mem_per_block_dynamic,0
qmaxcut_16_4,hm_structured_sparse_matmul_kernel,launch__shared_mem_per_block_static,0
qmaxcut_16_4,hm_structured_sparse_matmul_kernel,lts__t_sector_hit_rate.pct,75.43
qmaxcut_16_4,hm_structured_sparse_matmul_kernel,smsp__sass_data_bytes_mem_shared_op_ld.sum,0
qmaxcut_16_4,hm_structured_sparse_matmul_kernel,smsp__sass_data_bytes_mem_shared_op_ld.sum.per_second,0
qmaxcut_16_4,hm_structured_sparse_matmul_kernel,smsp__sass_data_bytes_mem_shared_op_st.sum,0
qmaxcut_16_4,hm_structured_sparse_matmul_kernel,smsp__sass_data_bytes_mem_shared_op_st.sum.per_second,0
qmaxcut_16_4,void gather_meta_kernel,dram__bytes_read.sum,5210368
qmaxcut_16_4,void gather_meta_kernel,l1tex__data_bank_conflicts_pipe_lsu_mem_shared_op_ld.sum,39033
qmaxcut_16_4,void gather_meta_kernel,l1tex__data_bank_conflicts_pipe_lsu_mem_shared_op_st.sum,339
qmaxcut_16_4,void gather_meta_kernel,l1tex__data_pipe_lsu_wavefronts_mem_shared.sum.pct_of_peak_sustained_elapsed,26.20
qmaxcut_16_4,void gather_meta_kernel,l1tex__t_bytes_pipe_lsu_mem_global_op_ld.sum,237237888
qmaxcut_16_4,void gather_meta_kernel,l1tex__t_requests_pipe_lsu_mem_global_op_red.sum,0
qmaxcut_16_4,void gather_meta_kernel,l1tex__t_sector_hit_rate.pct,42.64
qmaxcut_16_4,void gather_meta_kernel,launch__shared_mem_per_block_dynamic,0
qmaxcut_16_4,void gather_meta_kernel,launch__shared_mem_per_block_static,8196
qmaxcut_16_4,void gather_meta_kernel,lts__t_sector_hit_rate.pct,96.54
qmaxcut_16_4,void gather_meta_kernel,smsp__sass_data_bytes_mem_shared_op_ld.sum,31344464
qmaxcut_16_4,void gather_meta_kernel,smsp__sass_data_bytes_mem_shared_op_ld.sum.per_second,326940754339.12
qmaxcut_16_4,void gather_meta_kernel,smsp__sass_data_bytes_mem_shared_op_st.sum,2091264
qmaxcut_16_4,void gather_meta_kernel,smsp__sass_data_bytes_mem_shared_op_st.sum.per_second,21813084112.15
qmaxcut_16_4,void gather_flat_kernel,dram__bytes_read.sum,5377280
qmaxcut_16_4,void gather_flat_kernel,l1tex__data_bank_conflicts_pipe_lsu_mem_shared_op_ld.sum,77685
qmaxcut_16_4,void gather_flat_kernel,l1tex__data_bank_conflicts_pipe_lsu_mem_shared_op_st.sum,438
qmaxcut_16_4,void gather_flat_kernel,l1tex__data_pipe_lsu_wavefronts_mem_shared.sum.pct_of_peak_sustained_elapsed,19.70
qmaxcut_16_4,void gather_flat_kernel,l1tex__t_bytes_pipe_lsu_mem_global_op_ld.sum,281855104
qmaxcut_16_4,void gather_flat_kernel,l1tex__t_requests_pipe_lsu_mem_global_op_red.sum,0
qmaxcut_16_4,void gather_flat_kernel,l1tex__t_sector_hit_rate.pct,43.85
qmaxcut_16_4,void gather_flat_kernel,launch__shared_mem_per_block_dynamic,0
qmaxcut_16_4,void gather_flat_kernel,launch__shared_mem_per_block_static,8192
qmaxcut_16_4,void gather_flat_kernel,lts__t_sector_hit_rate.pct,96.65
qmaxcut_16_4,void gather_flat_kernel,smsp__sass_data_bytes_mem_shared_op_ld.sum,30727656
qmaxcut_16_4,void gather_flat_kernel,smsp__sass_data_bytes_mem_shared_op_ld.sum.per_second,229777279253.41
qmaxcut_16_4,void gather_flat_kernel,smsp__sass_data_bytes_mem_shared_op_st.sum,4023040
qmaxcut_16_4,void gather_flat_kernel,smsp__sass_data_bytes_mem_shared_op_st.sum.per_second,30083752093.80
qmaxcut_16_4,void gather_flat_sym_kernel,dram__bytes_read.sum,2461440
qmaxcut_16_4,void gather_flat_sym_kernel,l1tex__data_bank_conflicts_pipe_lsu_mem_shared_op_ld.sum,18313
qmaxcut_16_4,void gather_flat_sym_kernel,l1tex__data_bank_conflicts_pipe_lsu_mem_shared_op_st.sum,66
qmaxcut_16_4,void gather_flat_sym_kernel,l1tex__data_pipe_lsu_wavefronts_mem_shared.sum.pct_of_peak_sustained_elapsed,29.75
qmaxcut_16_4,void gather_flat_sym_kernel,l1tex__t_bytes_pipe_lsu_mem_global_op_ld.sum,112800640
qmaxcut_16_4,void gather_flat_sym_kernel,l1tex__t_requests_pipe_lsu_mem_global_op_red.sum,0
qmaxcut_16_4,void gather_flat_sym_kernel,l1tex__t_sector_hit_rate.pct,37.45
qmaxcut_16_4,void gather_flat_sym_kernel,launch__shared_mem_per_block_dynamic,0
qmaxcut_16_4,void gather_flat_sym_kernel,launch__shared_mem_per_block_static,8192
qmaxcut_16_4,void gather_flat_sym_kernel,lts__t_sector_hit_rate.pct,96.10
qmaxcut_16_4,void gather_flat_sym_kernel,smsp__sass_data_bytes_mem_shared_op_ld.sum,16072524
qmaxcut_16_4,void gather_flat_sym_kernel,smsp__sass_data_bytes_mem_shared_op_ld.sum.per_second,446459000000
qmaxcut_16_4,void gather_flat_sym_kernel,smsp__sass_data_bytes_mem_shared_op_st.sum,541824
qmaxcut_16_4,void gather_flat_sym_kernel,smsp__sass_data_bytes_mem_shared_op_st.sum.per_second,15050666666.67
qmaxcut_16_4,cuda_spmv_dia,dram__bytes_read.sum,4725248
qmaxcut_16_4,cuda_spmv_dia,l1tex__data_bank_conflicts_pipe_lsu_mem_shared_op_ld.sum,0
qmaxcut_16_4,cuda_spmv_dia,l1tex__data_bank_conflicts_pipe_lsu_mem_shared_op_st.sum,0
qmaxcut_16_4,cuda_spmv_dia,l1tex__data_pipe_lsu_wavefronts_mem_shared.sum.pct_of_peak_sustained_elapsed,2.51
qmaxcut_16_4,cuda_spmv_dia,l1tex__t_bytes_pipe_lsu_mem_global_op_ld.sum,11337984
qmaxcut_16_4,cuda_spmv_dia,l1tex__t_requests_pipe_lsu_mem_global_op_red.sum,0
qmaxcut_16_4,cuda_spmv_dia,l1tex__t_sector_hit_rate.pct,37.06
qmaxcut_16_4,cuda_spmv_dia,launch__shared_mem_per_block_dynamic,0
qmaxcut_16_4,cuda_spmv_dia,launch__shared_mem_per_block_static,0
qmaxcut_16_4,cuda_spmv_dia,lts__t_sector_hit_rate.pct,34.01
qmaxcut_16_4,cuda_spmv_dia,smsp__sass_data_bytes_mem_shared_op_ld.sum,0
qmaxcut_16_4,cuda_spmv_dia,smsp__sass_data_bytes_mem_shared_op_ld.sum.per_second,0
qmaxcut_16_4,cuda_spmv_dia,smsp__sass_data_bytes_mem_shared_op_st.sum,0
qmaxcut_16_4,cuda_spmv_dia,smsp__sass_data_bytes_mem_shared_op_st.sum.per_second,0
O2_16_5,cuda_spmv_dia,dram__bytes_read.sum,260075776
O2_16_5,cuda_spmv_dia,l1tex__data_bank_conflicts_pipe_lsu_mem_shared_op_ld.sum,0
O2_16_5,cuda_spmv_dia,l1tex__data_bank_conflicts_pipe_lsu_mem_shared_op_st.sum,0
O2_16_5,cuda_spmv_dia,l1tex__data_pipe_lsu_wavefronts_mem_shared.sum.pct_of_peak_sustained_elapsed,1.60
O2_16_5,cuda_spmv_dia,l1tex__t_bytes_pipe_lsu_mem_global_op_ld.sum,682014080
O2_16_5,cuda_spmv_dia,l1tex__t_requests_pipe_lsu_mem_global_op_red.sum,0
O2_16_5,cuda_spmv_dia,l1tex__t_sector_hit_rate.pct,55.39
O2_16_5,cuda_spmv_dia,launch__shared_mem_per_block_dynamic,0
O2_16_5,cuda_spmv_dia,launch__shared_mem_per_block_static,0
O2_16_5,cuda_spmv_dia,lts__t_sector_hit_rate.pct,21.75
O2_16_5,cuda_spmv_dia,smsp__sass_data_bytes_mem_shared_op_ld.sum,0
O2_16_5,cuda_spmv_dia,smsp__sass_data_bytes_mem_shared_op_ld.sum.per_second,0
O2_16_5,cuda_spmv_dia,smsp__sass_data_bytes_mem_shared_op_st.sum,0
O2_16_5,cuda_spmv_dia,smsp__sass_data_bytes_mem_shared_op_st.sum.per_second,0
heis_16_5,spmv_csr_scalar,dram__bytes_read.sum,4987392
heis_16_5,spmv_csr_scalar,l1tex__data_bank_conflicts_pipe_lsu_mem_shared_op_ld.sum,0
heis_16_5,spmv_csr_scalar,l1tex__data_bank_conflicts_pipe_lsu_mem_shared_op_st.sum,0
heis_16_5,spmv_csr_scalar,l1tex__data_pipe_lsu_wavefronts_mem_shared.sum.pct_of_peak_sustained_elapsed,0.13
heis_16_5,spmv_csr_scalar,l1tex__t_bytes_pipe_lsu_mem_global_op_ld.sum,40105920
heis_16_5,spmv_csr_scalar,l1tex__t_requests_pipe_lsu_mem_global_op_red.sum,0
heis_16_5,spmv_csr_scalar,l1tex__t_sector_hit_rate.pct,84.39
heis_16_5,spmv_csr_scalar,launch__shared_mem_per_block_dynamic,0
heis_16_5,spmv_csr_scalar,launch__shared_mem_per_block_static,0
heis_16_5,spmv_csr_scalar,lts__t_sector_hit_rate.pct,36.60
heis_16_5,spmv_csr_scalar,smsp__sass_data_bytes_mem_shared_op_ld.sum,0
heis_16_5,spmv_csr_scalar,smsp__sass_data_bytes_mem_shared_op_ld.sum.per_second,0
heis_16_5,spmv_csr_scalar,smsp__sass_data_bytes_mem_shared_op_st.sum,0
heis_16_5,spmv_csr_scalar,smsp__sass_data_bytes_mem_shared_op_st.sum.per_second,0
tfim_16_5,spmv_csr_scalar,dram__bytes_read.sum,9443584
tfim_16_5,spmv_csr_scalar,l1tex__data_bank_conflicts_pipe_lsu_mem_shared_op_ld.sum,0
tfim_16_5,spmv_csr_scalar,l1tex__data_bank_conflicts_pipe_lsu_mem_shared_op_st.sum,0
tfim_16_5,spmv_csr_scalar,l1tex__data_pipe_lsu_wavefronts_mem_shared.sum.pct_of_peak_sustained_elapsed,0.12
tfim_16_5,spmv_csr_scalar,l1tex__t_bytes_pipe_lsu_mem_global_op_ld.sum,75956224
tfim_16_5,spmv_csr_scalar,l1tex__t_requests_pipe_lsu_mem_global_op_red.sum,0
tfim_16_5,spmv_csr_scalar,l1tex__t_sector_hit_rate.pct,84.68
tfim_16_5,spmv_csr_scalar,launch__shared_mem_per_block_dynamic,0
tfim_16_5,spmv_csr_scalar,launch__shared_mem_per_block_static,0
tfim_16_5,spmv_csr_scalar,lts__t_sector_hit_rate.pct,44.53
tfim_16_5,spmv_csr_scalar,smsp__sass_data_bytes_mem_shared_op_ld.sum,0
tfim_16_5,spmv_csr_scalar,smsp__sass_data_bytes_mem_shared_op_ld.sum.per_second,0
tfim_16_5,spmv_csr_scalar,smsp__sass_data_bytes_mem_shared_op_st.sum,0
tfim_16_5,spmv_csr_scalar,smsp__sass_data_bytes_mem_shared_op_st.sum.per_second,0
fermi_16_5,spmv_csr_scalar,dram__bytes_read.sum,4561664
fermi_16_5,spmv_csr_scalar,l1tex__data_bank_conflicts_pipe_lsu_mem_shared_op_ld.sum,0
fermi_16_5,spmv_csr_scalar,l1tex__data_bank_conflicts_pipe_lsu_mem_shared_op_st.sum,0
fermi_16_5,spmv_csr_scalar,l1tex__data_pipe_lsu_wavefronts_mem_shared.sum.pct_of_peak_sustained_elapsed,0.14
fermi_16_5,spmv_csr_scalar,l1tex__t_bytes_pipe_lsu_mem_global_op_ld.sum,35410528
fermi_16_5,spmv_csr_scalar,l1tex__t_requests_pipe_lsu_mem_global_op_red.sum,0
fermi_16_5,spmv_csr_scalar,l1tex__t_sector_hit_rate.pct,83.83
fermi_16_5,spmv_csr_scalar,launch__shared_mem_per_block_dynamic,0
fermi_16_5,spmv_csr_scalar,launch__shared_mem_per_block_static,0
fermi_16_5,spmv_csr_scalar,lts__t_sector_hit_rate.pct,35.39
fermi_16_5,spmv_csr_scalar,smsp__sass_data_bytes_mem_shared_op_ld.sum,0
fermi_16_5,spmv_csr_scalar,smsp__sass_data_bytes_mem_shared_op_ld.sum.per_second,0
fermi_16_5,spmv_csr_scalar,smsp__sass_data_bytes_mem_shared_op_st.sum,0
fermi_16_5,spmv_csr_scalar,smsp__sass_data_bytes_mem_shared_op_st.sum.per_second,0
qmaxcut_16_4,spmv_csr_scalar,dram__bytes_read.sum,4987136
qmaxcut_16_4,spmv_csr_scalar,l1tex__data_bank_conflicts_pipe_lsu_mem_shared_op_ld.sum,0
qmaxcut_16_4,spmv_csr_scalar,l1tex__data_bank_conflicts_pipe_lsu_mem_shared_op_st.sum,0
qmaxcut_16_4,spmv_csr_scalar,l1tex__data_pipe_lsu_wavefronts_mem_shared.sum.pct_of_peak_sustained_elapsed,0.13
qmaxcut_16_4,spmv_csr_scalar,l1tex__t_bytes_pipe_lsu_mem_global_op_ld.sum,40305472
qmaxcut_16_4,spmv_csr_scalar,l1tex__t_requests_pipe_lsu_mem_global_op_red.sum,0
qmaxcut_16_4,spmv_csr_scalar,l1tex__t_sector_hit_rate.pct,84.26
qmaxcut_16_4,spmv_csr_scalar,launch__shared_mem_per_block_dynamic,0
qmaxcut_16_4,spmv_csr_scalar,launch__shared_mem_per_block_static,0
qmaxcut_16_4,spmv_csr_scalar,lts__t_sector_hit_rate.pct,36.94
qmaxcut_16_4,spmv_csr_scalar,smsp__sass_data_bytes_mem_shared_op_ld.sum,0
qmaxcut_16_4,spmv_csr_scalar,smsp__sass_data_bytes_mem_shared_op_ld.sum.per_second,0
qmaxcut_16_4,spmv_csr_scalar,smsp__sass_data_bytes_mem_shared_op_st.sum,0
qmaxcut_16_4,spmv_csr_scalar,smsp__sass_data_bytes_mem_shared_op_st.sum.per_second,0
O2_16_5,spmv_csr_scalar,dram__bytes_read.sum,40185856
O2_16_5,spmv_csr_scalar,l1tex__data_bank_conflicts_pipe_lsu_mem_shared_op_ld.sum,0
O2_16_5,spmv_csr_scalar,l1tex__data_bank_conflicts_pipe_lsu_mem_shared_op_st.sum,0
O2_16_5,spmv_csr_scalar,l1tex__data_pipe_lsu_wavefronts_mem_shared.sum.pct_of_peak_sustained_elapsed,0.03
O2_16_5,spmv_csr_scalar,l1tex__t_bytes_pipe_lsu_mem_global_op_ld.sum,427662336
O2_16_5,spmv_csr_scalar,l1tex__t_requests_pipe_lsu_mem_global_op_red.sum,0
O2_16_5,spmv_csr_scalar,l1tex__t_sector_hit_rate.pct,84.89
O2_16_5,spmv_csr_scalar,launch__shared_mem_per_block_dynamic,0
O2_16_5,spmv_csr_scalar,launch__shared_mem_per_block_static,0
O2_16_5,spmv_csr_scalar,lts__t_sector_hit_rate.pct,64.68
O2_16_5,spmv_csr_scalar,smsp__sass_data_bytes_mem_shared_op_ld.sum,0
O2_16_5,spmv_csr_scalar,smsp__sass_data_bytes_mem_shared_op_ld.sum.per_second,0
O2_16_5,spmv_csr_scalar,smsp__sass_data_bytes_mem_shared_op_st.sum,0
O2_16_5,spmv_csr_scalar,smsp__sass_data_bytes_mem_shared_op_st.sum.per_second,0
