# 2026-07-30T23:39:52-04:00 host=c29 ITERS=50 resume-of-268657  PREPCSV,file,n,D,stage,variant,prep_host_ms,upload_ms,kernel_ms,amort_applies (take LAST row per file,variant)
PREPCSV,/mnt/beegfs/ysu34/hamlib/dia_e2e/BH_20_7.txt,1048576,127,spmv,didx,219.258,4.122,0.086506,2582
PREPCSV,/mnt/beegfs/ysu34/hamlib/dia_e2e/BH_20_7.txt,1048576,127,spmv,stream,0.001,14.388,0.195610,74
PREPCSV,/mnt/beegfs/ysu34/hamlib/dia_e2e/BH_20_7.txt,1048576,127,spmv,gopt,284.732,9.505,0.129850,2266
PREPCSV,/mnt/beegfs/ysu34/hamlib/dia_e2e/BH_20_7.txt,1048576,127,spmv,csr_zskip,1013.352,6.627,0.118307,8621
PREPCSV,/mnt/beegfs/ysu34/hamlib/dia_e2e/BH_20_7.txt,1048576,127,spmv,cusparse_csr,477.280,29.918,0.606149,837
PREPCSV,/mnt/beegfs/ysu34/hamlib/dia_e2e/BH_20_7.txt,1048576,127,spmspm,ours_flat,28.931,2.001,44.662289,1
PREPCSV,/mnt/beegfs/ysu34/hamlib/dia_e2e/BH_24_8.txt,16777216,155,spmv,didx,5269.225,72.254,2.002067,2668
PREPCSV,/mnt/beegfs/ysu34/hamlib/dia_e2e/BH_24_8.txt,16777216,155,spmv,stream,0.006,293.451,3.786291,78
PREPCSV,/mnt/beegfs/ysu34/hamlib/dia_e2e/BH_24_8.txt,16777216,155,spmv,gopt,6411.318,159.574,1.878728,3498
PREPCSV,/mnt/beegfs/ysu34/hamlib/dia_e2e/BH_24_8.txt,16777216,155,spmv,csr_zskip,20545.899,118.075,2.878618,7178
PREPCSV,/mnt/beegfs/ysu34/hamlib/dia_e2e/O2_16_5.txt,65536,1243,spmv,didx,60.521,1.077,0.035092,1755
PREPCSV,/mnt/beegfs/ysu34/hamlib/dia_e2e/O2_16_5.txt,65536,1243,spmv,stream,0.003,7.402,0.179428,41
PREPCSV,/mnt/beegfs/ysu34/hamlib/dia_e2e/O2_16_5.txt,65536,1243,spmv,gopt,101.554,3.867,0.312995,337
PREPCSV,/mnt/beegfs/ysu34/hamlib/dia_e2e/O2_16_5.txt,65536,1243,spmv,csr_zskip,125.058,1.509,0.028763,4400
PREPCSV,/mnt/beegfs/ysu34/hamlib/dia_e2e/O2_16_5.txt,65536,1243,spmv,cusparse_csr,315.370,15.928,0.239169,1385
PREPCSV,/mnt/beegfs/ysu34/hamlib/dia_e2e/O2_16_5.txt,65536,1243,spmspm,ours_flat,1138.219,3.209,153.099197,7
PREPCSV,/mnt/beegfs/ysu34/hamlib/dia_e2e/O2_16_7.txt,65536,1243,spmv,didx,63.810,1.093,0.035077,1850
PREPCSV,/mnt/beegfs/ysu34/hamlib/dia_e2e/O2_16_7.txt,65536,1243,spmv,stream,0.004,7.406,0.179334,41
PREPCSV,/mnt/beegfs/ysu34/hamlib/dia_e2e/O2_16_7.txt,65536,1243,spmv,gopt,100.419,3.867,0.312535,334
PREPCSV,/mnt/beegfs/ysu34/hamlib/dia_e2e/O2_16_7.txt,65536,1243,spmv,csr_zskip,119.377,1.472,0.028703,4210
PREPCSV,/mnt/beegfs/ysu34/hamlib/dia_e2e/O2_16_7.txt,65536,1243,spmv,cusparse_csr,315.370,15.910,0.240653,1377
PREPCSV,/mnt/beegfs/ysu34/hamlib/dia_e2e/O2_16_7.txt,65536,1243,spmspm,ours_flat,1134.486,3.256,154.353790,7
PREPCSV,/mnt/beegfs/ysu34/hamlib/dia_e2e/O2_20_5.txt,1048576,3359,spmv,didx,3113.655,34.510,2.253774,1397
PREPCSV,/mnt/beegfs/ysu34/hamlib/dia_e2e/O2_20_5.txt,1048576,3359,spmv,stream,0.009,313.841,4.761477,66
PREPCSV,/mnt/beegfs/ysu34/hamlib/dia_e2e/O2_20_5.txt,1048576,3359,spmv,gopt,3847.037,111.254,1.785426,2217
PREPCSV,/mnt/beegfs/ysu34/hamlib/dia_e2e/O2_20_5.txt,1048576,3359,spmv,csr_zskip,7075.213,48.914,1.672238,4260
PREPCSV,/mnt/beegfs/ysu34/hamlib/dia_e2e/O2_20_8.txt,1048576,3359,spmv,didx,3169.335,35.233,2.262109,1417
PREPCSV,/mnt/beegfs/ysu34/hamlib/dia_e2e/O2_20_8.txt,1048576,3359,spmv,stream,0.007,321.816,4.733222,68
PREPCSV,/mnt/beegfs/ysu34/hamlib/dia_e2e/O2_20_8.txt,1048576,3359,spmv,gopt,3918.920,112.772,1.786263,2257
PREPCSV,/mnt/beegfs/ysu34/hamlib/dia_e2e/O2_20_8.txt,1048576,3359,spmv,csr_zskip,7079.806,48.009,1.649795,4320
PREPCSV,/mnt/beegfs/ysu34/hamlib/dia_e2e/heis_20_5.txt,1048576,39,spmv,didx,62.553,2.028,0.032092,2012
PREPCSV,/mnt/beegfs/ysu34/hamlib/dia_e2e/heis_20_5.txt,1048576,39,spmv,stream,0.002,4.757,0.065189,73
PREPCSV,/mnt/beegfs/ysu34/hamlib/dia_e2e/heis_20_5.txt,1048576,39,spmv,gopt,77.845,3.347,0.044558,1822
PREPCSV,/mnt/beegfs/ysu34/hamlib/dia_e2e/heis_20_5.txt,1048576,39,spmv,csr_zskip,402.171,3.177,0.040960,9896
PREPCSV,/mnt/beegfs/ysu34/hamlib/dia_e2e/heis_20_5.txt,1048576,39,spmv,cusparse_csr,97.450,10.203,0.199612,539
PREPCSV,/mnt/beegfs/ysu34/hamlib/dia_e2e/heis_20_5.txt,1048576,39,spmspm,ours_flat,3.673,0.513,4.393813,1
PREPCSV,/mnt/beegfs/ysu34/hamlib/dia_e2e/heis_20_6.txt,1048576,39,spmv,didx,62.614,2.027,0.032098,2014
PREPCSV,/mnt/beegfs/ysu34/hamlib/dia_e2e/heis_20_6.txt,1048576,39,spmv,stream,0.001,4.753,0.065304,73
PREPCSV,/mnt/beegfs/ysu34/hamlib/dia_e2e/heis_20_6.txt,1048576,39,spmv,gopt,75.045,3.299,0.044729,1752
PREPCSV,/mnt/beegfs/ysu34/hamlib/dia_e2e/heis_20_6.txt,1048576,39,spmv,csr_zskip,408.233,3.061,0.040965,10040
PREPCSV,/mnt/beegfs/ysu34/hamlib/dia_e2e/heis_20_6.txt,1048576,39,spmv,cusparse_csr,99.271,10.242,0.200093,547
PREPCSV,/mnt/beegfs/ysu34/hamlib/dia_e2e/heis_20_6.txt,1048576,39,spmspm,ours_flat,3.682,0.523,4.401557,1
PREPCSV,/mnt/beegfs/ysu34/hamlib/dia_e2e/heis_22_5.txt,4194304,43,spmv,didx,291.946,7.644,0.118946,2519
PREPCSV,/mnt/beegfs/ysu34/hamlib/dia_e2e/heis_22_5.txt,4194304,43,spmv,stream,0.001,20.396,0.248524,82
PREPCSV,/mnt/beegfs/ysu34/hamlib/dia_e2e/heis_22_5.txt,4194304,43,spmv,gopt,348.501,12.469,0.151531,2382
PREPCSV,/mnt/beegfs/ysu34/hamlib/dia_e2e/heis_22_5.txt,4194304,43,spmv,csr_zskip,1786.354,12.071,0.165175,10888
PREPCSV,/mnt/beegfs/ysu34/hamlib/dia_e2e/heis_22_5.txt,4194304,43,spmv,cusparse_csr,444.158,41.746,0.871272,558
PREPCSV,/mnt/beegfs/ysu34/hamlib/dia_e2e/heis_22_5.txt,4194304,43,spmspm,ours_flat,17.281,1.235,24.494204,1
PREPCSV,/mnt/beegfs/ysu34/hamlib/dia_e2e/heis_22_6.txt,4194304,43,spmv,didx,282.202,7.510,0.119158,2431
PREPCSV,/mnt/beegfs/ysu34/hamlib/dia_e2e/heis_22_6.txt,4194304,43,spmv,stream,0.001,20.207,0.249014,81
PREPCSV,/mnt/beegfs/ysu34/hamlib/dia_e2e/heis_22_6.txt,4194304,43,spmv,gopt,330.771,12.418,0.151644,2263
PREPCSV,/mnt/beegfs/ysu34/hamlib/dia_e2e/heis_22_6.txt,4194304,43,spmv,csr_zskip,1801.848,12.161,0.162930,11134
PREPCSV,/mnt/beegfs/ysu34/hamlib/dia_e2e/heis_22_6.txt,4194304,43,spmv,cusparse_csr,443.500,41.880,0.875993,554
PREPCSV,/mnt/beegfs/ysu34/hamlib/dia_e2e/heis_22_6.txt,4194304,43,spmspm,ours_flat,16.446,1.276,24.555574,1
PREPCSV,/mnt/beegfs/ysu34/hamlib/dia_e2e/heis_24_5.txt,16777216,47,spmv,didx,1363.180,31.671,0.528691,2638
PREPCSV,/mnt/beegfs/ysu34/hamlib/dia_e2e/heis_24_5.txt,16777216,47,spmv,stream,0.003,86.301,1.121906,77
PREPCSV,/mnt/beegfs/ysu34/hamlib/dia_e2e/heis_24_5.txt,16777216,47,spmv,gopt,1662.017,49.912,0.600538,2851
PREPCSV,/mnt/beegfs/ysu34/hamlib/dia_e2e/heis_24_5.txt,16777216,47,spmv,csr_zskip,7439.211,50.330,0.738493,10142
PREPCSV,/mnt/beegfs/ysu34/hamlib/dia_e2e/heis_24_5.txt,16777216,47,spmv,cusparse_csr,2040.801,176.333,4.159431,533
PREPCSV,/mnt/beegfs/ysu34/hamlib/dia_e2e/heis_24_5.txt,16777216,47,spmspm,ours_flat,84.788,5.085,122.501396,1
PREPCSV,/mnt/beegfs/ysu34/hamlib/dia_e2e/heis_24_6.txt,16777216,47,spmv,didx,1365.610,31.466,0.527300,2649
PREPCSV,/mnt/beegfs/ysu34/hamlib/dia_e2e/heis_24_6.txt,16777216,47,spmv,stream,0.006,86.355,1.120554,77
PREPCSV,/mnt/beegfs/ysu34/hamlib/dia_e2e/heis_24_6.txt,16777216,47,spmv,gopt,1671.726,49.610,0.600699,2866
PREPCSV,/mnt/beegfs/ysu34/hamlib/dia_e2e/heis_24_6.txt,16777216,47,spmv,csr_zskip,7555.850,51.437,0.733866,10366
PREPCSV,/mnt/beegfs/ysu34/hamlib/dia_e2e/heis_24_6.txt,16777216,47,spmv,cusparse_csr,2051.915,178.198,4.140166,539
PREPCSV,/mnt/beegfs/ysu34/hamlib/dia_e2e/heis_24_6.txt,16777216,47,spmspm,ours_flat,82.578,5.146,122.994293,1
PREPCSV,/mnt/beegfs/ysu34/hamlib/dia_e2e/qmaxcut_10_4.txt,1024,19,spmv,didx,0.030,0.027,0.003681,15
PREPCSV,/mnt/beegfs/ysu34/hamlib/dia_e2e/qmaxcut_10_4.txt,1024,19,spmv,stream,0.001,0.017,0.004160,4
PREPCSV,/mnt/beegfs/ysu34/hamlib/dia_e2e/qmaxcut_10_4.txt,1024,19,spmv,gopt,0.041,0.033,0.007208,10
PREPCSV,/mnt/beegfs/ysu34/hamlib/dia_e2e/qmaxcut_10_4.txt,1024,19,spmv,csr_zskip,0.115,0.021,0.003667,37
PREPCSV,/mnt/beegfs/ysu34/hamlib/dia_e2e/qmaxcut_10_4.txt,1024,19,spmv,cusparse_csr,0.020,0.353,0.011973,31
PREPCSV,/mnt/beegfs/ysu34/hamlib/dia_e2e/qmaxcut_10_4.txt,1024,19,spmspm,ours_flat,0.047,0.030,0.007713,10
PREPCSV,/mnt/beegfs/ysu34/hamlib/dia_e2e/qmaxcut_10_4.txt,1024,19,spmspm,hm_atomic,0.074,0.048,0.015819,8
PREPCSV,/mnt/beegfs/ysu34/hamlib/dia_e2e/qmaxcut_10_4.txt,1024,19,spmspm,ours_sym,0.009,0.028,-1.000000,-1
PREPCSV,/mnt/beegfs/ysu34/hamlib/dia_e2e/qmaxcut_10_4.txt,1024,19,spmspm,ours_sym,0.009,0.028,0.014282,3
PREPCSV,/mnt/beegfs/ysu34/hamlib/dia_e2e/qmaxcut_12_4.txt,4096,23,spmv,didx,0.096,0.036,0.004051,32
PREPCSV,/mnt/beegfs/ysu34/hamlib/dia_e2e/qmaxcut_12_4.txt,4096,23,spmv,stream,0.001,0.023,0.004524,5
PREPCSV,/mnt/beegfs/ysu34/hamlib/dia_e2e/qmaxcut_12_4.txt,4096,23,spmv,gopt,0.127,0.040,0.006732,25
PREPCSV,/mnt/beegfs/ysu34/hamlib/dia_e2e/qmaxcut_12_4.txt,4096,23,spmv,csr_zskip,0.517,0.031,0.003971,138
PREPCSV,/mnt/beegfs/ysu34/hamlib/dia_e2e/qmaxcut_12_4.txt,4096,23,spmv,cusparse_csr,0.094,0.391,0.012652,38
PREPCSV,/mnt/beegfs/ysu34/hamlib/dia_e2e/qmaxcut_12_4.txt,4096,23,spmspm,ours_flat,0.083,0.070,0.011002,14
PREPCSV,/mnt/beegfs/ysu34/hamlib/dia_e2e/qmaxcut_12_4.txt,4096,23,spmspm,hm_atomic,0.375,0.099,0.018851,25
PREPCSV,/mnt/beegfs/ysu34/hamlib/dia_e2e/qmaxcut_12_4.txt,4096,23,spmspm,ours_sym,0.013,0.031,-1.000000,-1
PREPCSV,/mnt/beegfs/ysu34/hamlib/dia_e2e/qmaxcut_12_4.txt,4096,23,spmspm,ours_sym,0.013,0.031,0.020658,2
PREPCSV,/mnt/beegfs/ysu34/hamlib/dia_e2e/qmaxcut_14_4.txt,16384,27,spmv,didx,0.389,0.057,0.004012,111
PREPCSV,/mnt/beegfs/ysu34/hamlib/dia_e2e/qmaxcut_14_4.txt,16384,27,spmv,stream,0.000,0.056,0.004673,12
PREPCSV,/mnt/beegfs/ysu34/hamlib/dia_e2e/qmaxcut_14_4.txt,16384,27,spmv,gopt,0.476,0.071,0.007373,74
PREPCSV,/mnt/beegfs/ysu34/hamlib/dia_e2e/qmaxcut_14_4.txt,16384,27,spmv,csr_zskip,2.200,0.064,0.003937,575
PREPCSV,/mnt/beegfs/ysu34/hamlib/dia_e2e/qmaxcut_14_4.txt,16384,27,spmv,cusparse_csr,0.421,0.464,0.013158,67
PREPCSV,/mnt/beegfs/ysu34/hamlib/dia_e2e/qmaxcut_14_4.txt,16384,27,spmspm,ours_flat,0.160,0.074,0.024504,10
PREPCSV,/mnt/beegfs/ysu34/hamlib/dia_e2e/qmaxcut_14_4.txt,16384,27,spmspm,hm_atomic,1.998,0.174,0.027075,80
PREPCSV,/mnt/beegfs/ysu34/hamlib/dia_e2e/qmaxcut_14_4.txt,16384,27,spmspm,ours_sym,0.028,0.079,-1.000000,-1
PREPCSV,/mnt/beegfs/ysu34/hamlib/dia_e2e/qmaxcut_14_4.txt,16384,27,spmspm,ours_sym,0.028,0.079,0.024712,4
PREPCSV,/mnt/beegfs/ysu34/hamlib/dia_e2e/qmaxcut_16_4.txt,65536,31,spmv,didx,1.652,0.184,0.004621,397
PREPCSV,/mnt/beegfs/ysu34/hamlib/dia_e2e/qmaxcut_16_4.txt,65536,31,spmv,stream,0.001,0.172,0.005460,32
PREPCSV,/mnt/beegfs/ysu34/hamlib/dia_e2e/qmaxcut_16_4.txt,65536,31,spmv,gopt,2.042,0.170,0.007980,277
PREPCSV,/mnt/beegfs/ysu34/hamlib/dia_e2e/qmaxcut_16_4.txt,65536,31,spmv,csr_zskip,10.933,0.286,0.005043,2225
PREPCSV,/mnt/beegfs/ysu34/hamlib/dia_e2e/qmaxcut_16_4.txt,65536,31,spmv,cusparse_csr,2.870,0.707,0.020612,174
PREPCSV,/mnt/beegfs/ysu34/hamlib/dia_e2e/qmaxcut_16_4.txt,65536,31,spmspm,ours_flat,0.268,0.137,0.074177,5
PREPCSV,/mnt/beegfs/ysu34/hamlib/dia_e2e/qmaxcut_16_4.txt,65536,31,spmspm,hm_atomic,10.510,0.514,0.093585,118
PREPCSV,/mnt/beegfs/ysu34/hamlib/dia_e2e/qmaxcut_16_4.txt,65536,31,spmspm,ours_sym,0.072,0.147,-1.000000,-1
PREPCSV,/mnt/beegfs/ysu34/hamlib/dia_e2e/qmaxcut_16_4.txt,65536,31,spmspm,ours_sym,0.072,0.147,0.034308,6
PREPCSV,/mnt/beegfs/ysu34/hamlib/dia_e2e/qmaxcut_18_4.txt,262144,35,spmv,didx,7.597,0.561,0.008796,927
PREPCSV,/mnt/beegfs/ysu34/hamlib/dia_e2e/qmaxcut_18_4.txt,262144,35,spmv,stream,0.001,0.610,0.010380,59
PREPCSV,/mnt/beegfs/ysu34/hamlib/dia_e2e/qmaxcut_18_4.txt,262144,35,spmv,gopt,9.015,0.568,0.008994,1065
PREPCSV,/mnt/beegfs/ysu34/hamlib/dia_e2e/qmaxcut_18_4.txt,262144,35,spmv,csr_zskip,48.227,0.858,0.009900,4958
PREPCSV,/mnt/beegfs/ysu34/hamlib/dia_e2e/qmaxcut_18_4.txt,262144,35,spmv,cusparse_csr,11.281,1.878,0.037462,351
PREPCSV,/mnt/beegfs/ysu34/hamlib/dia_e2e/qmaxcut_18_4.txt,262144,35,spmspm,ours_flat,0.667,0.175,0.357349,2
PREPCSV,/mnt/beegfs/ysu34/hamlib/dia_e2e/qmaxcut_18_4.txt,262144,35,spmspm,hm_atomic,49.511,1.116,0.435757,116
PREPCSV,/mnt/beegfs/ysu34/hamlib/dia_e2e/qmaxcut_18_4.txt,262144,35,spmspm,ours_sym,0.277,0.224,-1.000000,-1
PREPCSV,/mnt/beegfs/ysu34/hamlib/dia_e2e/qmaxcut_18_4.txt,262144,35,spmspm,ours_sym,0.277,0.224,0.149659,3
PREPCSV,/mnt/beegfs/ysu34/hamlib/dia_e2e/qmaxcut_20_4.txt,1048576,39,spmv,didx,41.309,2.027,0.032638,1328
PREPCSV,/mnt/beegfs/ysu34/hamlib/dia_e2e/qmaxcut_20_4.txt,1048576,39,spmv,stream,0.001,2.706,0.048253,56
PREPCSV,/mnt/beegfs/ysu34/hamlib/dia_e2e/qmaxcut_20_4.txt,1048576,39,spmv,gopt,43.532,2.320,0.030621,1497
PREPCSV,/mnt/beegfs/ysu34/hamlib/dia_e2e/qmaxcut_20_4.txt,1048576,39,spmv,csr_zskip,320.262,3.005,0.042731,7565
PREPCSV,/mnt/beegfs/ysu34/hamlib/dia_e2e/qmaxcut_20_4.txt,1048576,39,spmv,cusparse_csr,59.483,6.171,0.111571,588
PREPCSV,/mnt/beegfs/ysu34/hamlib/dia_e2e/qmaxcut_20_4.txt,1048576,39,spmspm,ours_flat,2.489,0.337,1.903510,1
PREPCSV,/mnt/beegfs/ysu34/hamlib/dia_e2e/qmaxcut_20_4.txt,1048576,39,spmspm,hm_atomic,258.348,3.660,2.518089,104
PREPCSV,/mnt/beegfs/ysu34/hamlib/dia_e2e/qmaxcut_20_4.txt,1048576,39,spmspm,ours_sym,1.206,0.621,-1.000000,-1
PREPCSV,/mnt/beegfs/ysu34/hamlib/dia_e2e/qmaxcut_20_4.txt,1048576,39,spmspm,ours_sym,1.206,0.621,0.844403,2
PREPCSV,/mnt/beegfs/ysu34/hamlib/dia_e2e/tfim_10_4.txt,1024,21,spmv,didx,0.036,0.030,0.003676,18
PREPCSV,/mnt/beegfs/ysu34/hamlib/dia_e2e/tfim_10_4.txt,1024,21,spmv,stream,0.001,0.018,0.004090,5
PREPCSV,/mnt/beegfs/ysu34/hamlib/dia_e2e/tfim_10_4.txt,1024,21,spmv,gopt,0.059,0.034,0.009962,9
PREPCSV,/mnt/beegfs/ysu34/hamlib/dia_e2e/tfim_10_4.txt,1024,21,spmv,csr_zskip,0.216,0.026,0.003724,65
PREPCSV,/mnt/beegfs/ysu34/hamlib/dia_e2e/tfim_10_4.txt,1024,21,spmv,cusparse_csr,0.027,0.353,0.011610,33
PREPCSV,/mnt/beegfs/ysu34/hamlib/dia_e2e/tfim_10_4.txt,1024,21,spmspm,ours_flat,0.054,0.031,0.007726,11
PREPCSV,/mnt/beegfs/ysu34/hamlib/dia_e2e/tfim_10_4.txt,1024,21,spmspm,hm_atomic,0.107,0.048,0.017828,9
PREPCSV,/mnt/beegfs/ysu34/hamlib/dia_e2e/tfim_10_4.txt,1024,21,spmspm,ours_sym,0.009,0.029,-1.000000,-1
PREPCSV,/mnt/beegfs/ysu34/hamlib/dia_e2e/tfim_10_4.txt,1024,21,spmspm,ours_sym,0.009,0.029,0.018842,2
PREPCSV,/mnt/beegfs/ysu34/hamlib/dia_e2e/tfim_12_4.txt,4096,25,spmv,didx,0.159,0.044,0.003687,55
PREPCSV,/mnt/beegfs/ysu34/hamlib/dia_e2e/tfim_12_4.txt,4096,25,spmv,stream,0.001,0.030,0.004446,7
PREPCSV,/mnt/beegfs/ysu34/hamlib/dia_e2e/tfim_12_4.txt,4096,25,spmv,gopt,0.243,0.049,0.010810,27
PREPCSV,/mnt/beegfs/ysu34/hamlib/dia_e2e/tfim_12_4.txt,4096,25,spmv,csr_zskip,0.893,0.040,0.003464,269
PREPCSV,/mnt/beegfs/ysu34/hamlib/dia_e2e/tfim_12_4.txt,4096,25,spmv,cusparse_csr,0.128,0.386,0.012445,41
PREPCSV,/mnt/beegfs/ysu34/hamlib/dia_e2e/tfim_12_4.txt,4096,25,spmspm,ours_flat,0.100,0.070,0.012988,13
PREPCSV,/mnt/beegfs/ysu34/hamlib/dia_e2e/tfim_12_4.txt,4096,25,spmspm,hm_atomic,0.609,0.107,0.020200,35
PREPCSV,/mnt/beegfs/ysu34/hamlib/dia_e2e/tfim_12_4.txt,4096,25,spmspm,ours_sym,0.016,0.070,-1.000000,-1
PREPCSV,/mnt/beegfs/ysu34/hamlib/dia_e2e/tfim_12_4.txt,4096,25,spmspm,ours_sym,0.016,0.070,0.021613,4
PREPCSV,/mnt/beegfs/ysu34/hamlib/dia_e2e/tfim_14_4.txt,16384,29,spmv,didx,0.698,0.082,0.004156,187
PREPCSV,/mnt/beegfs/ysu34/hamlib/dia_e2e/tfim_14_4.txt,16384,29,spmv,stream,0.001,0.074,0.005510,14
PREPCSV,/mnt/beegfs/ysu34/hamlib/dia_e2e/tfim_14_4.txt,16384,29,spmv,gopt,1.191,0.127,0.011529,114
PREPCSV,/mnt/beegfs/ysu34/hamlib/dia_e2e/tfim_14_4.txt,16384,29,spmv,csr_zskip,3.967,0.258,0.004152,1018
PREPCSV,/mnt/beegfs/ysu34/hamlib/dia_e2e/tfim_14_4.txt,16384,29,spmv,cusparse_csr,0.946,0.523,0.014309,103
PREPCSV,/mnt/beegfs/ysu34/hamlib/dia_e2e/tfim_14_4.txt,16384,29,spmspm,ours_flat,0.207,0.078,0.045857,6
PREPCSV,/mnt/beegfs/ysu34/hamlib/dia_e2e/tfim_14_4.txt,16384,29,spmspm,hm_atomic,3.369,0.201,0.045210,79
PREPCSV,/mnt/beegfs/ysu34/hamlib/dia_e2e/tfim_14_4.txt,16384,29,spmspm,ours_sym,0.029,0.079,-1.000000,-1
PREPCSV,/mnt/beegfs/ysu34/hamlib/dia_e2e/tfim_14_4.txt,16384,29,spmspm,ours_sym,0.029,0.079,0.030752,4
PREPCSV,/mnt/beegfs/ysu34/hamlib/dia_e2e/tfim_16_4.txt,65536,33,spmv,didx,3.211,0.292,0.004750,737
PREPCSV,/mnt/beegfs/ysu34/hamlib/dia_e2e/tfim_16_4.txt,65536,33,spmv,stream,0.001,0.267,0.005594,48
PREPCSV,/mnt/beegfs/ysu34/hamlib/dia_e2e/tfim_16_4.txt,65536,33,spmv,gopt,4.367,0.252,0.012615,366
PREPCSV,/mnt/beegfs/ysu34/hamlib/dia_e2e/tfim_16_4.txt,65536,33,spmv,csr_zskip,20.716,0.510,0.005014,4233
PREPCSV,/mnt/beegfs/ysu34/hamlib/dia_e2e/tfim_16_4.txt,65536,33,spmv,cusparse_csr,3.051,0.890,0.026132,151
PREPCSV,/mnt/beegfs/ysu34/hamlib/dia_e2e/tfim_16_4.txt,65536,33,spmspm,ours_flat,0.318,0.164,0.157505,3
PREPCSV,/mnt/beegfs/ysu34/hamlib/dia_e2e/tfim_16_4.txt,65536,33,spmspm,hm_atomic,17.059,0.706,0.219161,81
PREPCSV,/mnt/beegfs/ysu34/hamlib/dia_e2e/tfim_16_4.txt,65536,33,spmspm,ours_sym,0.094,0.160,-1.000000,-1
PREPCSV,/mnt/beegfs/ysu34/hamlib/dia_e2e/tfim_16_4.txt,65536,33,spmspm,ours_sym,0.094,0.160,0.068875,4
PREPCSV,/mnt/beegfs/ysu34/hamlib/dia_e2e/tfim_16_5.txt,65536,33,spmv,didx,3.161,0.279,0.004917,700
PREPCSV,/mnt/beegfs/ysu34/hamlib/dia_e2e/tfim_16_5.txt,65536,33,spmv,stream,0.001,0.264,0.005721,46
PREPCSV,/mnt/beegfs/ysu34/hamlib/dia_e2e/tfim_16_5.txt,65536,33,spmv,gopt,4.378,0.255,0.012746,363
PREPCSV,/mnt/beegfs/ysu34/hamlib/dia_e2e/tfim_16_5.txt,65536,33,spmv,csr_zskip,21.185,0.492,0.005121,4233
PREPCSV,/mnt/beegfs/ysu34/hamlib/dia_e2e/tfim_16_5.txt,65536,33,spmv,cusparse_csr,3.044,0.899,0.026663,148
PREPCSV,/mnt/beegfs/ysu34/hamlib/dia_e2e/tfim_16_5.txt,65536,33,spmspm,ours_flat,0.310,0.141,0.157578,3
PREPCSV,/mnt/beegfs/ysu34/hamlib/dia_e2e/tfim_16_5.txt,65536,33,spmspm,hm_atomic,17.579,0.646,0.219610,83
PREPCSV,/mnt/beegfs/ysu34/hamlib/dia_e2e/tfim_16_5.txt,65536,33,spmspm,ours_sym,0.094,0.148,-1.000000,-1
PREPCSV,/mnt/beegfs/ysu34/hamlib/dia_e2e/tfim_16_5.txt,65536,33,spmspm,ours_sym,0.094,0.148,0.069016,4
PREPCSV,/mnt/beegfs/ysu34/hamlib/dia_e2e/tfim_18_4.txt,262144,37,spmv,didx,16.019,0.909,0.011840,1430
PREPCSV,/mnt/beegfs/ysu34/hamlib/dia_e2e/tfim_18_4.txt,262144,37,spmv,stream,0.001,1.266,0.011661,109
PREPCSV,/mnt/beegfs/ysu34/hamlib/dia_e2e/tfim_18_4.txt,262144,37,spmv,gopt,18.427,1.188,0.013153,1491
PREPCSV,/mnt/beegfs/ysu34/hamlib/dia_e2e/tfim_18_4.txt,262144,37,spmv,csr_zskip,112.953,1.507,0.020385,5615
PREPCSV,/mnt/beegfs/ysu34/hamlib/dia_e2e/tfim_18_4.txt,262144,37,spmv,cusparse_csr,18.400,2.764,0.058956,359
PREPCSV,/mnt/beegfs/ysu34/hamlib/dia_e2e/tfim_18_4.txt,262144,37,spmspm,ours_flat,0.963,0.204,0.884049,1
PREPCSV,/mnt/beegfs/ysu34/hamlib/dia_e2e/tfim_18_4.txt,262144,37,spmspm,hm_atomic,85.888,1.738,1.481876,59
PREPCSV,/mnt/beegfs/ysu34/hamlib/dia_e2e/tfim_18_4.txt,262144,37,spmspm,ours_sym,0.398,0.306,-1.000000,-1
PREPCSV,/mnt/beegfs/ysu34/hamlib/dia_e2e/tfim_18_4.txt,262144,37,spmspm,ours_sym,0.398,0.306,0.366622,2
PREPCSV,/mnt/beegfs/ysu34/hamlib/dia_e2e/tfim_18_5.txt,262144,37,spmv,didx,15.759,0.917,0.011960,1394
PREPCSV,/mnt/beegfs/ysu34/hamlib/dia_e2e/tfim_18_5.txt,262144,37,spmv,stream,0.001,1.208,0.011743,103
PREPCSV,/mnt/beegfs/ysu34/hamlib/dia_e2e/tfim_18_5.txt,262144,37,spmv,gopt,19.422,1.175,0.013267,1553
PREPCSV,/mnt/beegfs/ysu34/hamlib/dia_e2e/tfim_18_5.txt,262144,37,spmv,csr_zskip,111.894,1.495,0.021475,5280
PREPCSV,/mnt/beegfs/ysu34/hamlib/dia_e2e/tfim_18_5.txt,262144,37,spmv,cusparse_csr,18.829,2.753,0.059337,364
PREPCSV,/mnt/beegfs/ysu34/hamlib/dia_e2e/tfim_18_5.txt,262144,37,spmspm,ours_flat,0.978,0.208,0.884556,1
PREPCSV,/mnt/beegfs/ysu34/hamlib/dia_e2e/tfim_18_5.txt,262144,37,spmspm,hm_atomic,86.190,1.804,1.481100,59
PREPCSV,/mnt/beegfs/ysu34/hamlib/dia_e2e/tfim_18_5.txt,262144,37,spmspm,ours_sym,0.411,0.336,-1.000000,-1
PREPCSV,/mnt/beegfs/ysu34/hamlib/dia_e2e/tfim_18_5.txt,262144,37,spmspm,ours_sym,0.411,0.336,0.360678,2
PREPCSV,/mnt/beegfs/ysu34/hamlib/dia_e2e/tfim_20_5.txt,1048576,41,spmv,didx,117.739,3.614,0.058446,2076
PREPCSV,/mnt/beegfs/ysu34/hamlib/dia_e2e/tfim_20_5.txt,1048576,41,spmv,stream,0.001,4.936,0.067325,73
PREPCSV,/mnt/beegfs/ysu34/hamlib/dia_e2e/tfim_20_5.txt,1048576,41,spmv,gopt,88.695,4.225,0.054953,1691
PREPCSV,/mnt/beegfs/ysu34/hamlib/dia_e2e/tfim_20_5.txt,1048576,41,spmv,csr_zskip,552.810,5.549,0.083261,6706
PREPCSV,/mnt/beegfs/ysu34/hamlib/dia_e2e/tfim_20_5.txt,1048576,41,spmv,cusparse_csr,85.830,10.219,0.203627,472
PREPCSV,/mnt/beegfs/ysu34/hamlib/dia_e2e/tfim_20_5.txt,1048576,41,spmspm,ours_flat,3.850,0.386,4.724000,1
PREPCSV,/mnt/beegfs/ysu34/hamlib/dia_e2e/tfim_22_5.txt,4194304,45,spmv,didx,551.418,14.396,0.248425,2278
PREPCSV,/mnt/beegfs/ysu34/hamlib/dia_e2e/tfim_22_5.txt,4194304,45,spmv,stream,0.001,20.506,0.264263,78
PREPCSV,/mnt/beegfs/ysu34/hamlib/dia_e2e/tfim_22_5.txt,4194304,45,spmv,gopt,500.474,15.931,0.198444,2602
PREPCSV,/mnt/beegfs/ysu34/hamlib/dia_e2e/tfim_22_5.txt,4194304,45,spmv,csr_zskip,2301.347,23.041,0.438962,5295
PREPCSV,/mnt/beegfs/ysu34/hamlib/dia_e2e/tfim_22_5.txt,4194304,45,spmv,cusparse_csr,372.553,41.998,0.902982,459
PREPCSV,/mnt/beegfs/ysu34/hamlib/dia_e2e/tfim_22_5.txt,4194304,45,spmspm,ours_flat,17.156,1.348,26.182837,1
PREPCSV,/mnt/beegfs/ysu34/hamlib/dia_e2e/tfim_24_5.txt,16777216,49,spmv,didx,2481.209,59.538,1.190186,2135
PREPCSV,/mnt/beegfs/ysu34/hamlib/dia_e2e/tfim_24_5.txt,16777216,49,spmv,stream,0.008,87.377,1.182405,74
PREPCSV,/mnt/beegfs/ysu34/hamlib/dia_e2e/tfim_24_5.txt,16777216,49,spmv,gopt,2301.814,65.463,0.815638,2902
PREPCSV,/mnt/beegfs/ysu34/hamlib/dia_e2e/tfim_24_5.txt,16777216,49,spmv,csr_zskip,9671.490,97.892,1.777062,5497
PREPCSV,/mnt/beegfs/ysu34/hamlib/dia_e2e/tfim_24_5.txt,16777216,49,spmv,cusparse_csr,2098.979,179.967,4.262016,535
PREPCSV,/mnt/beegfs/ysu34/hamlib/dia_e2e/tfim_24_5.txt,16777216,49,spmspm,ours_flat,79.885,5.333,130.938782,1
PREPCSV,/mnt/beegfs/ysu34/hamlib/dia_e2e/tfim_8_4.txt,256,17,spmv,didx,0.012,0.030,0.003167,13
PREPCSV,/mnt/beegfs/ysu34/hamlib/dia_e2e/tfim_8_4.txt,256,17,spmv,stream,0.001,0.014,0.003656,4
PREPCSV,/mnt/beegfs/ysu34/hamlib/dia_e2e/tfim_8_4.txt,256,17,spmv,gopt,0.014,0.027,0.006732,6
PREPCSV,/mnt/beegfs/ysu34/hamlib/dia_e2e/tfim_8_4.txt,256,17,spmv,csr_zskip,0.071,0.018,0.002966,30
PREPCSV,/mnt/beegfs/ysu34/hamlib/dia_e2e/tfim_8_4.txt,256,17,spmv,cusparse_csr,0.006,0.360,0.010262,36
PREPCSV,/mnt/beegfs/ysu34/hamlib/dia_e2e/tfim_8_4.txt,256,17,spmspm,ours_flat,0.034,0.029,0.006001,10
PREPCSV,/mnt/beegfs/ysu34/hamlib/dia_e2e/tfim_8_4.txt,256,17,spmspm,hm_atomic,0.019,0.045,0.013199,5
PREPCSV,/mnt/beegfs/ysu34/hamlib/dia_e2e/tfim_8_4.txt,256,17,spmspm,ours_sym,0.007,0.029,-1.000000,-1
PREPCSV,/mnt/beegfs/ysu34/hamlib/dia_e2e/tfim_8_4.txt,256,17,spmspm,ours_sym,0.007,0.029,0.006130,6
PREPCSV,/mnt/beegfs/ysu34/hamlib/dia_e2e/tsp_15_4.txt,32768,1,spmv,didx,0.121,0.045,0.003011,55
PREPCSV,/mnt/beegfs/ysu34/hamlib/dia_e2e/tsp_15_4.txt,32768,1,spmv,stream,0.001,0.019,0.002793,7
PREPCSV,/mnt/beegfs/ysu34/hamlib/dia_e2e/tsp_15_4.txt,32768,1,spmv,gopt,0.043,0.032,0.002922,26
PREPCSV,/mnt/beegfs/ysu34/hamlib/dia_e2e/tsp_15_4.txt,32768,1,spmv,csr_zskip,0.975,0.038,0.002716,373
PREPCSV,/mnt/beegfs/ysu34/hamlib/dia_e2e/tsp_15_4.txt,32768,1,spmv,cusparse_csr,0.063,0.362,0.014977,28
PREPCSV,/mnt/beegfs/ysu34/hamlib/dia_e2e/tsp_15_4.txt,32768,1,spmspm,ours_flat,0.027,0.028,0.003155,18
PREPCSV,/mnt/beegfs/ysu34/hamlib/dia_e2e/tsp_15_4.txt,32768,1,spmspm,hm_atomic,0.069,0.058,0.005380,24
PREPCSV,/mnt/beegfs/ysu34/hamlib/dia_e2e/tsp_15_4.txt,32768,1,spmspm,ours_sym,0.014,0.026,-1.000000,-1
PREPCSV,/mnt/beegfs/ysu34/hamlib/dia_e2e/tsp_15_4.txt,32768,1,spmspm,ours_sym,0.014,0.026,0.004148,10
PREPCSV,/mnt/beegfs/ysu34/hamlib/dia_e2e/tsp_18_4.txt,262144,1,spmv,didx,0.997,0.207,0.003624,332
PREPCSV,/mnt/beegfs/ysu34/hamlib/dia_e2e/tsp_18_4.txt,262144,1,spmv,stream,0.001,0.097,0.003481,28
PREPCSV,/mnt/beegfs/ysu34/hamlib/dia_e2e/tsp_18_4.txt,262144,1,spmv,gopt,0.313,0.105,0.003288,127
PREPCSV,/mnt/beegfs/ysu34/hamlib/dia_e2e/tsp_18_4.txt,262144,1,spmv,csr_zskip,7.825,0.225,0.003393,2373
PREPCSV,/mnt/beegfs/ysu34/hamlib/dia_e2e/tsp_18_4.txt,262144,1,spmv,cusparse_csr,0.503,0.545,0.017011,62
PREPCSV,/mnt/beegfs/ysu34/hamlib/dia_e2e/tsp_18_4.txt,262144,1,spmspm,ours_flat,0.148,0.063,0.004764,44
PREPCSV,/mnt/beegfs/ysu34/hamlib/dia_e2e/tsp_18_4.txt,262144,1,spmspm,hm_atomic,0.508,0.195,0.006134,115
PREPCSV,/mnt/beegfs/ysu34/hamlib/dia_e2e/tsp_18_4.txt,262144,1,spmspm,ours_sym,0.092,0.064,-1.000000,-1
PREPCSV,/mnt/beegfs/ysu34/hamlib/dia_e2e/tsp_18_4.txt,262144,1,spmspm,ours_sym,0.092,0.064,0.004447,35
PREPCSV,/mnt/beegfs/ysu34/hamlib/dia_e2e/tsp_8_4.txt,256,1,spmv,didx,0.004,0.023,0.002696,10
PREPCSV,/mnt/beegfs/ysu34/hamlib/dia_e2e/tsp_8_4.txt,256,1,spmv,stream,0.001,0.012,0.002451,5
PREPCSV,/mnt/beegfs/ysu34/hamlib/dia_e2e/tsp_8_4.txt,256,1,spmv,gopt,0.003,0.025,0.002727,10
PREPCSV,/mnt/beegfs/ysu34/hamlib/dia_e2e/tsp_8_4.txt,256,1,spmv,csr_zskip,0.009,0.017,0.002433,11
PREPCSV,/mnt/beegfs/ysu34/hamlib/dia_e2e/tsp_8_4.txt,256,1,spmv,cusparse_csr,0.002,0.355,0.008653,41
PREPCSV,/mnt/beegfs/ysu34/hamlib/dia_e2e/tsp_8_4.txt,256,1,spmspm,ours_flat,0.005,0.027,0.002792,11
PREPCSV,/mnt/beegfs/ysu34/hamlib/dia_e2e/tsp_8_4.txt,256,1,spmspm,hm_atomic,0.002,0.040,0.004138,10
PREPCSV,/mnt/beegfs/ysu34/hamlib/dia_e2e/tsp_8_4.txt,256,1,spmspm,ours_sym,0.001,0.026,-1.000000,-1
PREPCSV,/mnt/beegfs/ysu34/hamlib/dia_e2e/tsp_8_4.txt,256,1,spmspm,ours_sym,0.001,0.026,0.002834,10
PREPCSV,/mnt/beegfs/ysu34/hamlib/dia_suitesparse/flowmeter0.txt,9669,801,spmv,didx,6.301,0.075,0.004541,1404
PREPCSV,/mnt/beegfs/ysu34/hamlib/dia_suitesparse/flowmeter0.txt,9669,801,spmv,stream,0.002,0.921,0.063146,15
PREPCSV,/mnt/beegfs/ysu34/hamlib/dia_suitesparse/flowmeter0.txt,9669,801,spmv,gopt,5.718,0.357,0.100823,60
PREPCSV,/mnt/beegfs/ysu34/hamlib/dia_suitesparse/flowmeter0.txt,9669,801,spmv,csr_zskip,5.136,0.061,0.003893,1335
PREPCSV,/mnt/beegfs/ysu34/hamlib/dia_suitesparse/flowmeter0.txt,9669,801,spmv,cusparse_csr,26.700,2.504,0.038464,759
PREPCSV,/mnt/beegfs/ysu34/hamlib/dia_suitesparse/flowmeter0.txt,9669,801,spmspm,ours_flat,18.425,0.882,9.472724,2
PREPCSV,/mnt/beegfs/ysu34/hamlib/dia_suitesparse/flowmeter0.txt,9669,801,spmspm,hm_atomic,19.486,1.373,16.071169,1
PREPCSV,/mnt/beegfs/ysu34/hamlib/dia_suitesparse/flowmeter0.txt,9669,801,spmspm,ours_sym,3.611,0.517,-1.000000,-1
PREPCSV,/mnt/beegfs/ysu34/hamlib/dia_suitesparse/fv1.txt,9604,9,spmv,didx,0.216,0.050,0.003457,77
PREPCSV,/mnt/beegfs/ysu34/hamlib/dia_suitesparse/fv1.txt,9604,9,spmv,stream,0.001,0.029,0.003159,9
PREPCSV,/mnt/beegfs/ysu34/hamlib/dia_suitesparse/fv1.txt,9604,9,spmv,gopt,0.223,0.048,0.005674,48
PREPCSV,/mnt/beegfs/ysu34/hamlib/dia_suitesparse/fv1.txt,9604,9,spmv,csr_zskip,1.769,0.055,0.003249,562
PREPCSV,/mnt/beegfs/ysu34/hamlib/dia_suitesparse/fv1.txt,9604,9,spmv,cusparse_csr,0.119,0.388,0.012554,40
PREPCSV,/mnt/beegfs/ysu34/hamlib/dia_suitesparse/fv1.txt,9604,9,spmspm,ours_flat,0.024,0.031,0.005594,10
PREPCSV,/mnt/beegfs/ysu34/hamlib/dia_suitesparse/fv1.txt,9604,9,spmspm,hm_atomic,0.187,0.067,0.009537,27
PREPCSV,/mnt/beegfs/ysu34/hamlib/dia_suitesparse/fv1.txt,9604,9,spmspm,ours_sym,0.007,0.028,-1.000000,-1
PREPCSV,/mnt/beegfs/ysu34/hamlib/dia_suitesparse/fv1.txt,9604,9,spmspm,ours_sym,0.007,0.028,0.011067,3
PREPCSV,/mnt/beegfs/ysu34/hamlib/dia_suitesparse/rdb5000.txt,5000,7,spmv,didx,0.083,0.037,0.003421,35
PREPCSV,/mnt/beegfs/ysu34/hamlib/dia_suitesparse/rdb5000.txt,5000,7,spmv,stream,0.000,0.021,0.003427,6
PREPCSV,/mnt/beegfs/ysu34/hamlib/dia_suitesparse/rdb5000.txt,5000,7,spmv,gopt,0.097,0.038,0.005405,25
PREPCSV,/mnt/beegfs/ysu34/hamlib/dia_suitesparse/rdb5000.txt,5000,7,spmv,csr_zskip,0.649,0.033,0.003287,207
PREPCSV,/mnt/beegfs/ysu34/hamlib/dia_suitesparse/rdb5000.txt,5000,7,spmv,cusparse_csr,0.050,0.371,0.012912,33
PREPCSV,/mnt/beegfs/ysu34/hamlib/dia_suitesparse/rdb5000.txt,5000,7,spmspm,ours_flat,0.018,0.029,0.004674,10
PREPCSV,/mnt/beegfs/ysu34/hamlib/dia_suitesparse/rdb5000.txt,5000,7,spmspm,hm_atomic,0.098,0.054,0.008622,18
PREPCSV,/mnt/beegfs/ysu34/hamlib/dia_suitesparse/rdb5000.txt,5000,7,spmspm,ours_sym,0.005,0.028,-1.000000,-1
PREPCSV,/mnt/beegfs/ysu34/hamlib/dia_suitesparse/rdb5000.txt,5000,7,spmspm,ours_sym,0.005,0.028,0.009251,4
PREPCSV,/mnt/beegfs/ysu34/hamlib/dia_suitesparse/tols4000.txt,4000,177,spmv,didx,0.370,0.033,0.010491,38
PREPCSV,/mnt/beegfs/ysu34/hamlib/dia_suitesparse/tols4000.txt,4000,177,spmv,stream,0.001,0.120,0.015671,8
PREPCSV,/mnt/beegfs/ysu34/hamlib/dia_suitesparse/tols4000.txt,4000,177,spmv,gopt,0.357,0.037,0.040118,10
PREPCSV,/mnt/beegfs/ysu34/hamlib/dia_suitesparse/tols4000.txt,4000,177,spmv,csr_zskip,0.422,0.027,0.007310,61
PREPCSV,/mnt/beegfs/ysu34/hamlib/dia_suitesparse/tols4000.txt,4000,177,spmv,cusparse_csr,1.406,0.529,0.013204,147
PREPCSV,/mnt/beegfs/ysu34/hamlib/dia_suitesparse/tols4000.txt,4000,177,spmspm,ours_flat,0.443,0.142,0.126381,5
PREPCSV,/mnt/beegfs/ysu34/hamlib/dia_suitesparse/tols4000.txt,4000,177,spmspm,hm_atomic,0.975,0.190,0.183127,6
PREPCSV,/mnt/beegfs/ysu34/hamlib/dia_suitesparse/tols4000.txt,4000,177,spmspm,ours_sym,0.160,0.140,-1.000000,-1
PREPCSV,/mnt/beegfs/ysu34/hamlib/dia_suitesparse/tols4000.txt,4000,177,spmspm,ours_sym,0.160,0.140,0.216949,1
