# 2026-08-02T07:48:08-04:00 A100 sm_80 iters=50 PREPCSV,...
PREPCSV,/mnt/beegfs/ysu34/hamlib/dia_e2e/BH_20_7.txt,1048576,127,spmv,didx,476.839,9.961,0.151388,3216
PREPCSV,/mnt/beegfs/ysu34/hamlib/dia_e2e/BH_20_7.txt,1048576,127,spmv,didx_sym,192.803,36.759,0.140042,1639
PREPCSV,/mnt/beegfs/ysu34/hamlib/dia_e2e/BH_20_7.txt,1048576,127,spmv,gopt,337.113,22.730,0.226181,1591
PREPCSV,/mnt/beegfs/ysu34/hamlib/dia_e2e/BH_20_7.txt,1048576,127,spmv,cusparse_csr,723.093,16.259,0.197775,3738
PREPCSV,/mnt/beegfs/ysu34/hamlib/dia_e2e/BH_20_7.txt,1048576,127,spmspm,ours_flat,68.180,4.698,69.816956,1
PREPCSV,/mnt/beegfs/ysu34/hamlib/dia_e2e/BH_20_7.txt,1048576,127,spmspm,ours_sym,25.011,16.517,-1.000000,-1
PREPCSV,/mnt/beegfs/ysu34/hamlib/dia_e2e/BH_20_7.txt,1048576,127,spmspm,ours_sym,25.011,16.517,34.779606,1
PREPCSV,/mnt/beegfs/ysu34/hamlib/dia_e2e/bhc_16_7.txt,65536,99,spmv,didx,14.446,0.785,0.010056,1515
PREPCSV,/mnt/beegfs/ysu34/hamlib/dia_e2e/bhc_16_7.txt,65536,99,spmv,didx_sym,7.294,2.231,0.009789,973
PREPCSV,/mnt/beegfs/ysu34/hamlib/dia_e2e/bhc_16_7.txt,65536,99,spmv,gopt,18.489,1.661,0.025661,785
PREPCSV,/mnt/beegfs/ysu34/hamlib/dia_e2e/bhc_16_7.txt,65536,99,spmv,cusparse_csr,27.048,1.493,0.030413,938
PREPCSV,/mnt/beegfs/ysu34/hamlib/dia_e2e/bhc_16_7.txt,65536,99,spmspm,ours_flat,8.073,0.570,2.212393,4
PREPCSV,/mnt/beegfs/ysu34/hamlib/dia_e2e/bhc_16_7.txt,65536,99,spmspm,hm_atomic,65.809,3.029,3.943793,17
PREPCSV,/mnt/beegfs/ysu34/hamlib/dia_e2e/bhc_16_7.txt,65536,99,spmspm,ours_sym,0.977,3.734,-1.000000,-1
PREPCSV,/mnt/beegfs/ysu34/hamlib/dia_e2e/bhc_16_7.txt,65536,99,spmspm,ours_sym,0.977,3.734,0.950272,5
PREPCSV,/mnt/beegfs/ysu34/hamlib/dia_e2e/bhc_18_7.txt,262144,112,spmv,didx,91.342,2.693,0.032870,2861
PREPCSV,/mnt/beegfs/ysu34/hamlib/dia_e2e/bhc_18_7.txt,262144,112,spmv,didx_sym,34.063,8.567,0.033198,1284
PREPCSV,/mnt/beegfs/ysu34/hamlib/dia_e2e/bhc_18_7.txt,262144,112,spmv,gopt,92.488,5.993,0.068710,1433
PREPCSV,/mnt/beegfs/ysu34/hamlib/dia_e2e/bhc_18_7.txt,262144,112,spmv,cusparse_csr,134.422,4.488,0.063488,2188
PREPCSV,/mnt/beegfs/ysu34/hamlib/dia_e2e/bhc_18_7.txt,262144,112,spmspm,ours_flat,18.967,1.171,12.835532,2
PREPCSV,/mnt/beegfs/ysu34/hamlib/dia_e2e/bhc_18_7.txt,262144,112,spmspm,hm_atomic,373.110,10.361,26.817598,14
PREPCSV,/mnt/beegfs/ysu34/hamlib/dia_e2e/bhc_18_7.txt,262144,112,spmspm,ours_sym,4.215,6.604,-1.000000,-1
PREPCSV,/mnt/beegfs/ysu34/hamlib/dia_e2e/bhc_18_7.txt,262144,112,spmspm,ours_sym,4.215,6.604,6.082232,2
PREPCSV,/mnt/beegfs/ysu34/hamlib/dia_e2e/bhD1_18_7.txt,262144,112,spmv,didx,91.164,2.710,0.032932,2851
PREPCSV,/mnt/beegfs/ysu34/hamlib/dia_e2e/bhD1_18_7.txt,262144,112,spmv,didx_sym,34.265,8.555,0.033321,1285
PREPCSV,/mnt/beegfs/ysu34/hamlib/dia_e2e/bhD1_18_7.txt,262144,112,spmv,gopt,83.217,5.625,0.068772,1292
PREPCSV,/mnt/beegfs/ysu34/hamlib/dia_e2e/bhD1_18_7.txt,262144,112,spmv,cusparse_csr,133.995,4.508,0.063365,2186
PREPCSV,/mnt/beegfs/ysu34/hamlib/dia_e2e/bhD1_18_7.txt,262144,112,spmspm,ours_flat,18.934,1.197,12.835102,2
PREPCSV,/mnt/beegfs/ysu34/hamlib/dia_e2e/bhD1_18_7.txt,262144,112,spmspm,hm_atomic,371.826,10.301,26.820015,14
PREPCSV,/mnt/beegfs/ysu34/hamlib/dia_e2e/bhD1_18_7.txt,262144,112,spmspm,ours_sym,4.226,6.652,-1.000000,-1
PREPCSV,/mnt/beegfs/ysu34/hamlib/dia_e2e/bhD1_18_7.txt,262144,112,spmspm,ours_sym,4.226,6.652,6.082150,2
PREPCSV,/mnt/beegfs/ysu34/hamlib/dia_e2e/C2c_18_4.txt,262144,9971,spmv,didx,3177.081,12.860,1.293128,2467
PREPCSV,/mnt/beegfs/ysu34/hamlib/dia_e2e/C2c_18_4.txt,262144,9971,spmv,gopt,3580.643,106.724,1.790136,2060
PREPCSV,/mnt/beegfs/ysu34/hamlib/dia_e2e/C2c_18_4.txt,262144,9971,spmv,cusparse_csr,8334.750,17.812,0.219771,38006
PREPCSV,/mnt/beegfs/ysu34/hamlib/dia_e2e/fermi_16_5.txt,65536,29,spmv,didx,4.365,0.421,0.005919,809
PREPCSV,/mnt/beegfs/ysu34/hamlib/dia_e2e/fermi_16_5.txt,65536,29,spmv,didx_sym,2.217,0.683,0.006062,478
PREPCSV,/mnt/beegfs/ysu34/hamlib/dia_e2e/fermi_16_5.txt,65536,29,spmv,gopt,5.360,0.663,0.010015,601
PREPCSV,/mnt/beegfs/ysu34/hamlib/dia_e2e/fermi_16_5.txt,65536,29,spmv,cusparse_csr,9.697,0.937,0.020316,523
PREPCSV,/mnt/beegfs/ysu34/hamlib/dia_e2e/fermi_16_5.txt,65536,29,spmspm,ours_flat,0.550,0.231,0.186593,4
PREPCSV,/mnt/beegfs/ysu34/hamlib/dia_e2e/fermi_16_5.txt,65536,29,spmspm,hm_atomic,9.226,1.399,0.326615,33
PREPCSV,/mnt/beegfs/ysu34/hamlib/dia_e2e/fermi_16_5.txt,65536,29,spmspm,ours_sym,0.177,2.039,-1.000000,-1
PREPCSV,/mnt/beegfs/ysu34/hamlib/dia_e2e/fermi_16_5.txt,65536,29,spmspm,ours_sym,0.177,2.039,0.094228,24
PREPCSV,/mnt/beegfs/ysu34/hamlib/dia_e2e/fermi_18_5.txt,262144,33,spmv,didx,16.937,1.280,0.012063,1510
PREPCSV,/mnt/beegfs/ysu34/hamlib/dia_e2e/fermi_18_5.txt,262144,33,spmv,didx_sym,9.570,3.065,0.011919,1060
PREPCSV,/mnt/beegfs/ysu34/hamlib/dia_e2e/fermi_18_5.txt,262144,33,spmv,gopt,22.621,2.148,0.013619,1819
PREPCSV,/mnt/beegfs/ysu34/hamlib/dia_e2e/fermi_18_5.txt,262144,33,spmv,cusparse_csr,43.991,2.381,0.035860,1293
PREPCSV,/mnt/beegfs/ysu34/hamlib/dia_e2e/fermi_18_5.txt,262144,33,spmspm,ours_flat,1.756,0.483,1.194844,2
PREPCSV,/mnt/beegfs/ysu34/hamlib/dia_e2e/fermi_18_5.txt,262144,33,spmspm,hm_atomic,49.628,3.723,2.511626,21
PREPCSV,/mnt/beegfs/ysu34/hamlib/dia_e2e/fermi_18_5.txt,262144,33,spmspm,ours_sym,0.742,3.167,-1.000000,-1
PREPCSV,/mnt/beegfs/ysu34/hamlib/dia_e2e/fermi_18_5.txt,262144,33,spmspm,ours_sym,0.742,3.167,0.558428,7
PREPCSV,/mnt/beegfs/ysu34/hamlib/dia_e2e/fermi_20_5.txt,1048576,37,spmv,didx,120.724,4.849,0.056422,2226
PREPCSV,/mnt/beegfs/ysu34/hamlib/dia_e2e/fermi_20_5.txt,1048576,37,spmv,didx_sym,45.393,11.827,0.053228,1075
PREPCSV,/mnt/beegfs/ysu34/hamlib/dia_e2e/fermi_20_5.txt,1048576,37,spmv,gopt,100.105,7.250,0.077988,1377
PREPCSV,/mnt/beegfs/ysu34/hamlib/dia_e2e/fermi_20_5.txt,1048576,37,spmv,cusparse_csr,199.823,7.785,0.087634,2369
PREPCSV,/mnt/beegfs/ysu34/hamlib/dia_e2e/fermi_20_5.txt,1048576,37,spmspm,ours_flat,7.496,0.874,6.220001,1
PREPCSV,/mnt/beegfs/ysu34/hamlib/dia_e2e/fermi_20_5.txt,1048576,37,spmspm,hm_atomic,250.210,12.805,12.749332,21
PREPCSV,/mnt/beegfs/ysu34/hamlib/dia_e2e/fermi_20_5.txt,1048576,37,spmspm,ours_sym,3.699,4.628,-1.000000,-1
PREPCSV,/mnt/beegfs/ysu34/hamlib/dia_e2e/fermi_20_5.txt,1048576,37,spmspm,ours_sym,3.699,4.628,3.130593,3
PREPCSV,/mnt/beegfs/ysu34/hamlib/dia_e2e/fermiFH_18_4.txt,262144,64,spmv,didx,31.334,1.248,0.011735,2776
PREPCSV,/mnt/beegfs/ysu34/hamlib/dia_e2e/fermiFH_18_4.txt,262144,64,spmv,didx_sym,16.546,4.960,0.011653,1846
PREPCSV,/mnt/beegfs/ysu34/hamlib/dia_e2e/fermiFH_18_4.txt,262144,64,spmv,gopt,38.404,2.833,0.034161,1207
PREPCSV,/mnt/beegfs/ysu34/hamlib/dia_e2e/fermiFH_18_4.txt,262144,64,spmv,cusparse_csr,52.147,2.203,0.034529,1574
PREPCSV,/mnt/beegfs/ysu34/hamlib/dia_e2e/fermiFH_18_4.txt,262144,64,spmspm,ours_flat,5.562,0.675,4.393513,1
PREPCSV,/mnt/beegfs/ysu34/hamlib/dia_e2e/fermiFH_18_4.txt,262144,64,spmspm,hm_atomic,150.733,6.137,9.162076,17
PREPCSV,/mnt/beegfs/ysu34/hamlib/dia_e2e/fermiFH_18_4.txt,262144,64,spmspm,ours_sym,1.880,4.105,-1.000000,-1
PREPCSV,/mnt/beegfs/ysu34/hamlib/dia_e2e/fermiFH_18_4.txt,262144,64,spmspm,ours_sym,1.880,4.105,2.086707,3
PREPCSV,/mnt/beegfs/ysu34/hamlib/dia_e2e/H8c_16_4.txt,65536,8887,spmv,didx,646.743,5.310,0.624517,1044
PREPCSV,/mnt/beegfs/ysu34/hamlib/dia_e2e/H8c_16_4.txt,65536,8887,spmv,gopt,863.881,38.163,1.679688,537
PREPCSV,/mnt/beegfs/ysu34/hamlib/dia_e2e/H8c_16_4.txt,65536,8887,spmv,cusparse_csr,1551.680,7.207,0.091587,17021
PREPCSV,/mnt/beegfs/ysu34/hamlib/dia_e2e/H8c_16_4.txt,65536,8887,spmspm,ours_flat,11980.334,157.482,13117.507812,1
PREPCSV,/mnt/beegfs/ysu34/hamlib/dia_e2e/H8c_16_4.txt,65536,8887,spmspm,ours_sym,1167.943,83.388,-1.000000,-1
PREPCSV,/mnt/beegfs/ysu34/hamlib/dia_e2e/H8c_16_4.txt,65536,8887,spmspm,ours_sym,1167.943,83.388,6685.007324,0
PREPCSV,/mnt/beegfs/ysu34/hamlib/dia_e2e/heis_16_5.txt,65536,31,spmv,didx,4.613,3.920,0.006308,1353
PREPCSV,/mnt/beegfs/ysu34/hamlib/dia_e2e/heis_16_5.txt,65536,31,spmv,didx_sym,2.107,6.886,0.006369,1412
PREPCSV,/mnt/beegfs/ysu34/hamlib/dia_e2e/heis_16_5.txt,65536,31,spmv,gopt,5.570,3.725,0.010772,863
PREPCSV,/mnt/beegfs/ysu34/hamlib/dia_e2e/heis_16_5.txt,65536,31,spmv,cusparse_csr,11.452,5.024,0.021729,758
PREPCSV,/mnt/beegfs/ysu34/hamlib/dia_e2e/heis_16_5.txt,65536,31,spmspm,ours_flat,0.588,2.603,0.215020,15
PREPCSV,/mnt/beegfs/ysu34/hamlib/dia_e2e/heis_16_5.txt,65536,31,spmspm,hm_atomic,10.793,1.517,0.379126,32
PREPCSV,/mnt/beegfs/ysu34/hamlib/dia_e2e/heis_16_5.txt,65536,31,spmspm,ours_sym,0.200,2.135,-1.000000,-1
PREPCSV,/mnt/beegfs/ysu34/hamlib/dia_e2e/heis_16_5.txt,65536,31,spmspm,ours_sym,0.200,2.135,0.106312,22
PREPCSV,/mnt/beegfs/ysu34/hamlib/dia_e2e/heis_18_5.txt,262144,35,spmv,didx,20.177,1.386,0.012370,1743
PREPCSV,/mnt/beegfs/ysu34/hamlib/dia_e2e/heis_18_5.txt,262144,35,spmv,didx_sym,10.688,3.271,0.012145,1149
PREPCSV,/mnt/beegfs/ysu34/hamlib/dia_e2e/heis_18_5.txt,262144,35,spmv,gopt,22.085,2.353,0.016159,1512
PREPCSV,/mnt/beegfs/ysu34/hamlib/dia_e2e/heis_18_5.txt,262144,35,spmv,cusparse_csr,60.527,2.536,0.036495,1728
PREPCSV,/mnt/beegfs/ysu34/hamlib/dia_e2e/heis_18_5.txt,262144,35,spmspm,ours_flat,1.933,0.491,1.349018,2
PREPCSV,/mnt/beegfs/ysu34/hamlib/dia_e2e/heis_18_5.txt,262144,35,spmspm,hm_atomic,55.340,3.921,2.833920,21
PREPCSV,/mnt/beegfs/ysu34/hamlib/dia_e2e/heis_18_5.txt,262144,35,spmspm,ours_sym,0.830,2.953,-1.000000,-1
PREPCSV,/mnt/beegfs/ysu34/hamlib/dia_e2e/heis_18_5.txt,262144,35,spmspm,ours_sym,0.830,2.953,0.630374,6
PREPCSV,/mnt/beegfs/ysu34/hamlib/dia_e2e/heis_20_5.txt,1048576,39,spmv,didx,122.118,4.944,0.058266,2181
PREPCSV,/mnt/beegfs/ysu34/hamlib/dia_e2e/heis_20_5.txt,1048576,39,spmv,didx_sym,51.076,12.137,0.054845,1153
PREPCSV,/mnt/beegfs/ysu34/hamlib/dia_e2e/heis_20_5.txt,1048576,39,spmv,gopt,100.769,7.249,0.080159,1348
PREPCSV,/mnt/beegfs/ysu34/hamlib/dia_e2e/heis_20_5.txt,1048576,39,spmv,cusparse_csr,284.280,7.827,0.090214,3238
PREPCSV,/mnt/beegfs/ysu34/hamlib/dia_e2e/heis_20_5.txt,1048576,39,spmspm,ours_flat,8.103,0.926,6.926705,1
PREPCSV,/mnt/beegfs/ysu34/hamlib/dia_e2e/heis_20_5.txt,1048576,39,spmspm,hm_atomic,273.990,13.539,14.230385,20
PREPCSV,/mnt/beegfs/ysu34/hamlib/dia_e2e/heis_20_5.txt,1048576,39,spmspm,ours_sym,3.900,3.885,-1.000000,-1
PREPCSV,/mnt/beegfs/ysu34/hamlib/dia_e2e/heis_20_5.txt,1048576,39,spmspm,ours_sym,3.900,3.885,3.478999,2
PREPCSV,/mnt/beegfs/ysu34/hamlib/dia_e2e/heis_20_6.txt,1048576,39,spmv,didx,126.922,5.027,0.058204,2267
PREPCSV,/mnt/beegfs/ysu34/hamlib/dia_e2e/heis_20_6.txt,1048576,39,spmv,didx_sym,47.656,12.417,0.054743,1097
PREPCSV,/mnt/beegfs/ysu34/hamlib/dia_e2e/heis_20_6.txt,1048576,39,spmv,gopt,105.514,7.399,0.080364,1405
PREPCSV,/mnt/beegfs/ysu34/hamlib/dia_e2e/heis_20_6.txt,1048576,39,spmv,cusparse_csr,283.974,8.058,0.090071,3242
PREPCSV,/mnt/beegfs/ysu34/hamlib/dia_e2e/heis_20_6.txt,1048576,39,spmspm,ours_flat,8.048,0.912,6.926418,1
PREPCSV,/mnt/beegfs/ysu34/hamlib/dia_e2e/heis_20_6.txt,1048576,39,spmspm,hm_atomic,275.439,13.465,14.224548,20
PREPCSV,/mnt/beegfs/ysu34/hamlib/dia_e2e/heis_20_6.txt,1048576,39,spmspm,ours_sym,3.908,3.890,-1.000000,-1
PREPCSV,/mnt/beegfs/ysu34/hamlib/dia_e2e/heis_20_6.txt,1048576,39,spmspm,ours_sym,3.908,3.890,3.478917,2
PREPCSV,/mnt/beegfs/ysu34/hamlib/dia_e2e/maxcut_16_5.txt,65536,1,spmv,didx,0.384,0.088,0.003707,127
PREPCSV,/mnt/beegfs/ysu34/hamlib/dia_e2e/maxcut_16_5.txt,65536,1,spmv,didx_sym,0.355,0.107,0.003768,123
PREPCSV,/mnt/beegfs/ysu34/hamlib/dia_e2e/maxcut_16_5.txt,65536,1,spmv,gopt,0.144,0.072,0.003727,58
PREPCSV,/mnt/beegfs/ysu34/hamlib/dia_e2e/maxcut_16_5.txt,65536,1,spmv,cusparse_csr,0.428,0.469,0.021791,41
PREPCSV,/mnt/beegfs/ysu34/hamlib/dia_e2e/maxcut_16_5.txt,65536,1,spmspm,ours_flat,0.159,0.048,0.005059,41
PREPCSV,/mnt/beegfs/ysu34/hamlib/dia_e2e/maxcut_16_5.txt,65536,1,spmspm,hm_atomic,0.331,0.165,0.006717,74
PREPCSV,/mnt/beegfs/ysu34/hamlib/dia_e2e/maxcut_16_5.txt,65536,1,spmspm,ours_sym,0.071,0.042,-1.000000,-1
PREPCSV,/mnt/beegfs/ysu34/hamlib/dia_e2e/maxcut_16_5.txt,65536,1,spmspm,ours_sym,0.071,0.042,0.005018,23
PREPCSV,/mnt/beegfs/ysu34/hamlib/dia_e2e/maxcut_18_5.txt,262144,1,spmv,didx,1.876,0.435,0.004792,482
PREPCSV,/mnt/beegfs/ysu34/hamlib/dia_e2e/maxcut_18_5.txt,262144,1,spmv,didx_sym,1.122,0.443,0.004915,318
PREPCSV,/mnt/beegfs/ysu34/hamlib/dia_e2e/maxcut_18_5.txt,262144,1,spmv,gopt,0.887,0.231,0.004506,248
PREPCSV,/mnt/beegfs/ysu34/hamlib/dia_e2e/maxcut_18_5.txt,262144,1,spmv,cusparse_csr,2.083,0.802,0.022139,130
PREPCSV,/mnt/beegfs/ysu34/hamlib/dia_e2e/maxcut_18_5.txt,262144,1,spmspm,ours_flat,0.517,0.112,0.005612,112
PREPCSV,/mnt/beegfs/ysu34/hamlib/dia_e2e/maxcut_18_5.txt,262144,1,spmspm,hm_atomic,1.083,0.436,0.008294,183
PREPCSV,/mnt/beegfs/ysu34/hamlib/dia_e2e/maxcut_18_5.txt,262144,1,spmspm,ours_sym,0.277,0.115,-1.000000,-1
PREPCSV,/mnt/beegfs/ysu34/hamlib/dia_e2e/maxcut_18_5.txt,262144,1,spmspm,ours_sym,0.277,0.115,0.005632,70
PREPCSV,/mnt/beegfs/ysu34/hamlib/dia_e2e/maxcut_20_5.txt,1048576,1,spmv,didx,5.349,0.922,0.008479,740
PREPCSV,/mnt/beegfs/ysu34/hamlib/dia_e2e/maxcut_20_5.txt,1048576,1,spmv,didx_sym,5.288,0.992,0.008847,710
PREPCSV,/mnt/beegfs/ysu34/hamlib/dia_e2e/maxcut_20_5.txt,1048576,1,spmv,gopt,2.502,0.405,0.006533,445
PREPCSV,/mnt/beegfs/ysu34/hamlib/dia_e2e/maxcut_20_5.txt,1048576,1,spmv,cusparse_csr,5.665,1.693,0.037908,194
PREPCSV,/mnt/beegfs/ysu34/hamlib/dia_e2e/maxcut_20_5.txt,1048576,1,spmspm,ours_flat,2.100,0.187,0.009134,250
PREPCSV,/mnt/beegfs/ysu34/hamlib/dia_e2e/maxcut_20_5.txt,1048576,1,spmspm,hm_atomic,5.400,1.399,0.014316,475
PREPCSV,/mnt/beegfs/ysu34/hamlib/dia_e2e/maxcut_20_5.txt,1048576,1,spmspm,ours_sym,1.337,0.185,-1.000000,-1
PREPCSV,/mnt/beegfs/ysu34/hamlib/dia_e2e/maxcut_20_5.txt,1048576,1,spmspm,ours_sym,1.337,0.185,0.009114,167
PREPCSV,/mnt/beegfs/ysu34/hamlib/dia_e2e/O2c_16_5.txt,65536,1243,spmv,didx,123.208,2.634,0.084316,1493
PREPCSV,/mnt/beegfs/ysu34/hamlib/dia_e2e/O2c_16_5.txt,65536,1243,spmv,gopt,132.376,8.730,0.356659,396
PREPCSV,/mnt/beegfs/ysu34/hamlib/dia_e2e/O2c_16_5.txt,65536,1243,spmv,cusparse_csr,331.355,3.731,0.054292,6172
PREPCSV,/mnt/beegfs/ysu34/hamlib/dia_e2e/O2c_16_5.txt,65536,1243,spmspm,ours_flat,2319.139,7.717,283.615936,8
PREPCSV,/mnt/beegfs/ysu34/hamlib/dia_e2e/O2c_16_5.txt,65536,1243,spmspm,ours_sym,97.426,28.136,-1.000000,-1
PREPCSV,/mnt/beegfs/ysu34/hamlib/dia_e2e/O2c_16_5.txt,65536,1243,spmspm,ours_sym,97.426,28.136,133.655670,1
PREPCSV,/mnt/beegfs/ysu34/hamlib/dia_e2e/O2c_20_5.txt,1048576,3359,spmv,didx,7292.033,84.129,4.749701,1553
PREPCSV,/mnt/beegfs/ysu34/hamlib/dia_e2e/O2c_20_5.txt,1048576,3359,spmv,gopt,5966.178,266.510,2.842685,2193
PREPCSV,/mnt/beegfs/ysu34/hamlib/dia_e2e/O2c_20_5.txt,1048576,3359,spmv,cusparse_csr_64i,21606.232,169.181,1.857249,11725
PREPCSV,/mnt/beegfs/ysu34/hamlib/dia_e2e/qmaxcut_16_4.txt,65536,31,spmv,didx,3.444,0.414,0.006164,626
PREPCSV,/mnt/beegfs/ysu34/hamlib/dia_e2e/qmaxcut_16_4.txt,65536,31,spmv,didx_sym,1.688,0.528,0.006615,335
PREPCSV,/mnt/beegfs/ysu34/hamlib/dia_e2e/qmaxcut_16_4.txt,65536,31,spmv,gopt,3.353,0.443,0.008110,468
PREPCSV,/mnt/beegfs/ysu34/hamlib/dia_e2e/qmaxcut_16_4.txt,65536,31,spmv,cusparse_csr,9.048,0.888,0.020623,482
PREPCSV,/mnt/beegfs/ysu34/hamlib/dia_e2e/qmaxcut_16_4.txt,65536,31,spmspm,ours_flat,0.512,0.212,0.106516,7
PREPCSV,/mnt/beegfs/ysu34/hamlib/dia_e2e/qmaxcut_16_4.txt,65536,31,spmspm,hm_atomic,6.795,1.070,0.160584,49
PREPCSV,/mnt/beegfs/ysu34/hamlib/dia_e2e/qmaxcut_16_4.txt,65536,31,spmspm,ours_sym,0.162,1.283,-1.000000,-1
PREPCSV,/mnt/beegfs/ysu34/hamlib/dia_e2e/qmaxcut_16_4.txt,65536,31,spmspm,ours_sym,0.162,1.283,0.055542,26
PREPCSV,/mnt/beegfs/ysu34/hamlib/dia_e2e/qmaxcut_18_4.txt,262144,35,spmv,didx,13.362,1.406,0.012493,1182
PREPCSV,/mnt/beegfs/ysu34/hamlib/dia_e2e/qmaxcut_18_4.txt,262144,35,spmv,didx_sym,7.196,2.180,0.012534,748
PREPCSV,/mnt/beegfs/ysu34/hamlib/dia_e2e/qmaxcut_18_4.txt,262144,35,spmv,gopt,11.983,1.628,0.010383,1311
PREPCSV,/mnt/beegfs/ysu34/hamlib/dia_e2e/qmaxcut_18_4.txt,262144,35,spmv,cusparse_csr,42.192,2.527,0.036372,1229
PREPCSV,/mnt/beegfs/ysu34/hamlib/dia_e2e/qmaxcut_18_4.txt,262144,35,spmspm,ours_flat,1.579,0.403,0.537108,4
PREPCSV,/mnt/beegfs/ysu34/hamlib/dia_e2e/qmaxcut_18_4.txt,262144,35,spmspm,hm_atomic,31.984,2.755,0.811438,43
PREPCSV,/mnt/beegfs/ysu34/hamlib/dia_e2e/qmaxcut_18_4.txt,262144,35,spmspm,ours_sym,0.637,2.605,-1.000000,-1
PREPCSV,/mnt/beegfs/ysu34/hamlib/dia_e2e/qmaxcut_18_4.txt,262144,35,spmspm,ours_sym,0.637,2.605,0.271360,12
PREPCSV,/mnt/beegfs/ysu34/hamlib/dia_e2e/qmaxcut_20_4.txt,1048576,39,spmv,didx,80.937,4.884,0.061420,1397
PREPCSV,/mnt/beegfs/ysu34/hamlib/dia_e2e/qmaxcut_20_4.txt,1048576,39,spmv,didx_sym,31.573,7.861,0.062996,626
PREPCSV,/mnt/beegfs/ysu34/hamlib/dia_e2e/qmaxcut_20_4.txt,1048576,39,spmv,gopt,58.529,4.995,0.054907,1157
PREPCSV,/mnt/beegfs/ysu34/hamlib/dia_e2e/qmaxcut_20_4.txt,1048576,39,spmv,cusparse_csr,206.399,7.773,0.091771,2334
PREPCSV,/mnt/beegfs/ysu34/hamlib/dia_e2e/qmaxcut_20_4.txt,1048576,39,spmspm,ours_flat,5.737,0.736,2.824458,2
PREPCSV,/mnt/beegfs/ysu34/hamlib/dia_e2e/qmaxcut_20_4.txt,1048576,39,spmspm,hm_atomic,163.634,8.175,4.819763,36
PREPCSV,/mnt/beegfs/ysu34/hamlib/dia_e2e/qmaxcut_20_4.txt,1048576,39,spmspm,ours_sym,2.817,3.001,-1.000000,-1
PREPCSV,/mnt/beegfs/ysu34/hamlib/dia_e2e/qmaxcut_20_4.txt,1048576,39,spmspm,ours_sym,2.817,3.001,1.441178,4
PREPCSV,/mnt/beegfs/ysu34/hamlib/dia_e2e/qmaxcutC_18_4.txt,262144,73,spmv,didx,57.839,2.413,0.026235,2297
PREPCSV,/mnt/beegfs/ysu34/hamlib/dia_e2e/qmaxcutC_18_4.txt,262144,73,spmv,didx_sym,20.229,5.809,0.026317,989
PREPCSV,/mnt/beegfs/ysu34/hamlib/dia_e2e/qmaxcutC_18_4.txt,262144,73,spmv,gopt,46.901,4.080,0.046326,1100
PREPCSV,/mnt/beegfs/ysu34/hamlib/dia_e2e/qmaxcutC_18_4.txt,262144,73,spmv,cusparse_csr,107.335,4.123,0.056709,1965
PREPCSV,/mnt/beegfs/ysu34/hamlib/dia_e2e/qmaxcutC_18_4.txt,262144,73,spmspm,ours_flat,7.008,0.759,5.425377,1
PREPCSV,/mnt/beegfs/ysu34/hamlib/dia_e2e/qmaxcutC_18_4.txt,262144,73,spmspm,hm_atomic,182.618,7.173,11.381145,17
PREPCSV,/mnt/beegfs/ysu34/hamlib/dia_e2e/qmaxcutC_18_4.txt,262144,73,spmspm,ours_sym,2.186,4.190,-1.000000,-1
PREPCSV,/mnt/beegfs/ysu34/hamlib/dia_e2e/qmaxcutC_18_4.txt,262144,73,spmspm,ours_sym,2.186,4.190,2.573251,2
PREPCSV,/mnt/beegfs/ysu34/hamlib/dia_e2e/qmaxcutK_18_4.txt,262144,19,spmv,didx,11.001,1.020,0.008765,1371
PREPCSV,/mnt/beegfs/ysu34/hamlib/dia_e2e/qmaxcutK_18_4.txt,262144,19,spmv,didx_sym,5.819,2.064,0.009748,809
PREPCSV,/mnt/beegfs/ysu34/hamlib/dia_e2e/qmaxcutK_18_4.txt,262144,19,spmv,gopt,13.522,1.813,0.011878,1291
PREPCSV,/mnt/beegfs/ysu34/hamlib/dia_e2e/qmaxcutK_18_4.txt,262144,19,spmv,cusparse_csr,10.864,1.720,0.030679,410
PREPCSV,/mnt/beegfs/ysu34/hamlib/dia_e2e/qmaxcutK_18_4.txt,262144,19,spmspm,ours_flat,0.890,0.316,0.364442,3
PREPCSV,/mnt/beegfs/ysu34/hamlib/dia_e2e/qmaxcutK_18_4.txt,262144,19,spmspm,hm_atomic,16.614,2.701,0.771195,25
PREPCSV,/mnt/beegfs/ysu34/hamlib/dia_e2e/qmaxcutK_18_4.txt,262144,19,spmspm,ours_sym,0.452,3.097,-1.000000,-1
PREPCSV,/mnt/beegfs/ysu34/hamlib/dia_e2e/qmaxcutK_18_4.txt,262144,19,spmspm,ours_sym,0.452,3.097,0.175309,20
PREPCSV,/mnt/beegfs/ysu34/hamlib/dia_e2e/qmaxcutR_18_3.txt,262144,9,spmv,didx,5.335,0.695,0.006840,882
PREPCSV,/mnt/beegfs/ysu34/hamlib/dia_e2e/qmaxcutR_18_3.txt,262144,9,spmv,didx_sym,2.966,1.009,0.007823,508
PREPCSV,/mnt/beegfs/ysu34/hamlib/dia_e2e/qmaxcutR_18_3.txt,262144,9,spmv,gopt,5.368,0.662,0.006758,892
PREPCSV,/mnt/beegfs/ysu34/hamlib/dia_e2e/qmaxcutR_18_3.txt,262144,9,spmv,cusparse_csr,5.827,1.238,0.023532,300
PREPCSV,/mnt/beegfs/ysu34/hamlib/dia_e2e/qmaxcutR_18_3.txt,262144,9,spmspm,ours_flat,0.603,0.196,0.083026,10
PREPCSV,/mnt/beegfs/ysu34/hamlib/dia_e2e/qmaxcutR_18_3.txt,262144,9,spmspm,hm_atomic,6.218,1.789,0.121057,66
PREPCSV,/mnt/beegfs/ysu34/hamlib/dia_e2e/qmaxcutR_18_3.txt,262144,9,spmspm,ours_sym,0.352,0.756,-1.000000,-1
PREPCSV,/mnt/beegfs/ysu34/hamlib/dia_e2e/qmaxcutR_18_3.txt,262144,9,spmspm,ours_sym,0.352,0.756,0.039014,28
PREPCSV,/mnt/beegfs/ysu34/hamlib/dia_e2e/tfim_16_4.txt,65536,33,spmv,didx,6.232,0.759,0.007229,967
PREPCSV,/mnt/beegfs/ysu34/hamlib/dia_e2e/tfim_16_4.txt,65536,33,spmv,didx_sym,2.908,0.904,0.006717,567
PREPCSV,/mnt/beegfs/ysu34/hamlib/dia_e2e/tfim_16_4.txt,65536,33,spmv,gopt,6.545,0.808,0.012349,595
PREPCSV,/mnt/beegfs/ysu34/hamlib/dia_e2e/tfim_16_4.txt,65536,33,spmv,cusparse_csr,15.038,1.436,0.028242,583
PREPCSV,/mnt/beegfs/ysu34/hamlib/dia_e2e/tfim_16_4.txt,65536,33,spmspm,ours_flat,0.668,0.247,0.228495,4
PREPCSV,/mnt/beegfs/ysu34/hamlib/dia_e2e/tfim_16_4.txt,65536,33,spmspm,hm_atomic,11.629,1.437,0.414331,32
PREPCSV,/mnt/beegfs/ysu34/hamlib/dia_e2e/tfim_16_4.txt,65536,33,spmspm,ours_sym,0.188,2.203,-1.000000,-1
PREPCSV,/mnt/beegfs/ysu34/hamlib/dia_e2e/tfim_16_4.txt,65536,33,spmspm,ours_sym,0.188,2.203,0.114708,21
PREPCSV,/mnt/beegfs/ysu34/hamlib/dia_e2e/tfim_16_5.txt,65536,33,spmv,didx,6.253,0.720,0.007373,946
PREPCSV,/mnt/beegfs/ysu34/hamlib/dia_e2e/tfim_16_5.txt,65536,33,spmv,didx_sym,2.600,0.879,0.006881,506
PREPCSV,/mnt/beegfs/ysu34/hamlib/dia_e2e/tfim_16_5.txt,65536,33,spmv,gopt,6.758,0.826,0.012493,607
PREPCSV,/mnt/beegfs/ysu34/hamlib/dia_e2e/tfim_16_5.txt,65536,33,spmv,cusparse_csr,14.517,1.460,0.028652,558
PREPCSV,/mnt/beegfs/ysu34/hamlib/dia_e2e/tfim_16_5.txt,65536,33,spmspm,ours_flat,0.665,0.225,0.228700,4
PREPCSV,/mnt/beegfs/ysu34/hamlib/dia_e2e/tfim_16_5.txt,65536,33,spmspm,hm_atomic,11.716,1.433,0.414495,32
PREPCSV,/mnt/beegfs/ysu34/hamlib/dia_e2e/tfim_16_5.txt,65536,33,spmspm,ours_sym,0.187,2.227,-1.000000,-1
PREPCSV,/mnt/beegfs/ysu34/hamlib/dia_e2e/tfim_16_5.txt,65536,33,spmspm,ours_sym,0.187,2.227,0.114749,21
PREPCSV,/mnt/beegfs/ysu34/hamlib/dia_e2e/tfim_18_4.txt,262144,37,spmv,didx,43.967,2.492,0.022016,2110
PREPCSV,/mnt/beegfs/ysu34/hamlib/dia_e2e/tfim_18_4.txt,262144,37,spmv,didx_sym,11.660,3.473,0.015811,957
PREPCSV,/mnt/beegfs/ysu34/hamlib/dia_e2e/tfim_18_4.txt,262144,37,spmv,gopt,29.536,2.754,0.025375,1273
PREPCSV,/mnt/beegfs/ysu34/hamlib/dia_e2e/tfim_18_4.txt,262144,37,spmv,cusparse_csr,72.773,4.220,0.057426,1341
PREPCSV,/mnt/beegfs/ysu34/hamlib/dia_e2e/tfim_18_4.txt,262144,37,spmspm,ours_flat,2.149,0.495,1.445683,2
PREPCSV,/mnt/beegfs/ysu34/hamlib/dia_e2e/tfim_18_4.txt,262144,37,spmspm,hm_atomic,58.507,4.004,2.994299,21
PREPCSV,/mnt/beegfs/ysu34/hamlib/dia_e2e/tfim_18_4.txt,262144,37,spmspm,ours_sym,0.864,2.815,-1.000000,-1
PREPCSV,/mnt/beegfs/ysu34/hamlib/dia_e2e/tfim_18_4.txt,262144,37,spmspm,ours_sym,0.864,2.815,0.672850,5
PREPCSV,/mnt/beegfs/ysu34/hamlib/dia_e2e/tfim_18_5.txt,262144,37,spmv,didx,44.454,2.515,0.021955,2139
PREPCSV,/mnt/beegfs/ysu34/hamlib/dia_e2e/tfim_18_5.txt,262144,37,spmv,didx_sym,11.542,3.458,0.015770,951
PREPCSV,/mnt/beegfs/ysu34/hamlib/dia_e2e/tfim_18_5.txt,262144,37,spmv,gopt,28.506,2.673,0.025436,1226
PREPCSV,/mnt/beegfs/ysu34/hamlib/dia_e2e/tfim_18_5.txt,262144,37,spmv,cusparse_csr,74.104,4.160,0.057528,1360
PREPCSV,/mnt/beegfs/ysu34/hamlib/dia_e2e/tfim_18_5.txt,262144,37,spmspm,ours_flat,2.149,0.484,1.445745,2
PREPCSV,/mnt/beegfs/ysu34/hamlib/dia_e2e/tfim_18_5.txt,262144,37,spmspm,hm_atomic,58.664,3.972,2.994790,21
PREPCSV,/mnt/beegfs/ysu34/hamlib/dia_e2e/tfim_18_5.txt,262144,37,spmspm,ours_sym,0.864,2.814,-1.000000,-1
PREPCSV,/mnt/beegfs/ysu34/hamlib/dia_e2e/tfim_18_5.txt,262144,37,spmspm,ours_sym,0.864,2.814,0.672973,5
PREPCSV,/mnt/beegfs/ysu34/hamlib/dia_e2e/tfim_20_5.txt,1048576,41,spmv,didx,218.109,8.542,0.107950,2100
PREPCSV,/mnt/beegfs/ysu34/hamlib/dia_e2e/tfim_20_5.txt,1048576,41,spmv,didx_sym,67.614,13.644,0.076390,1064
PREPCSV,/mnt/beegfs/ysu34/hamlib/dia_e2e/tfim_20_5.txt,1048576,41,spmv,gopt,134.814,9.660,0.097710,1479
PREPCSV,/mnt/beegfs/ysu34/hamlib/dia_e2e/tfim_20_5.txt,1048576,41,spmv,cusparse_csr,344.648,13.833,0.166912,2148
PREPCSV,/mnt/beegfs/ysu34/hamlib/dia_e2e/tfim_20_5.txt,1048576,41,spmspm,ours_flat,8.420,1.004,7.354695,1
PREPCSV,/mnt/beegfs/ysu34/hamlib/dia_e2e/tfim_20_5.txt,1048576,41,spmspm,hm_atomic,290.160,13.989,14.973624,20
PREPCSV,/mnt/beegfs/ysu34/hamlib/dia_e2e/tfim_20_5.txt,1048576,41,spmspm,ours_sym,4.098,4.361,-1.000000,-1
PREPCSV,/mnt/beegfs/ysu34/hamlib/dia_e2e/tfim_20_5.txt,1048576,41,spmspm,ours_sym,4.098,4.361,3.692278,2
PREPCSV,/mnt/beegfs/ysu34/hamlib/dia_e2e/tsp_18_4.txt,262144,1,spmv,didx,1.791,0.432,0.004751,468
PREPCSV,/mnt/beegfs/ysu34/hamlib/dia_e2e/tsp_18_4.txt,262144,1,spmv,didx_sym,1.155,0.436,0.004915,324
PREPCSV,/mnt/beegfs/ysu34/hamlib/dia_e2e/tsp_18_4.txt,262144,1,spmv,gopt,0.855,0.250,0.004362,253
PREPCSV,/mnt/beegfs/ysu34/hamlib/dia_e2e/tsp_18_4.txt,262144,1,spmv,cusparse_csr,1.957,0.831,0.022016,127
PREPCSV,/mnt/beegfs/ysu34/hamlib/dia_e2e/tsp_18_4.txt,262144,1,spmspm,ours_flat,0.514,0.109,0.005468,114
PREPCSV,/mnt/beegfs/ysu34/hamlib/dia_e2e/tsp_18_4.txt,262144,1,spmspm,hm_atomic,1.064,0.438,0.008090,186
PREPCSV,/mnt/beegfs/ysu34/hamlib/dia_e2e/tsp_18_4.txt,262144,1,spmspm,ours_sym,0.283,0.114,-1.000000,-1
PREPCSV,/mnt/beegfs/ysu34/hamlib/dia_e2e/tsp_18_4.txt,262144,1,spmspm,ours_sym,0.283,0.114,0.005386,74
PREPCSV,/mnt/beegfs/ysu34/hamlib/dia_e2e/vibbf3_18_3.txt,262144,12,spmv,didx,7.422,0.868,0.007537,1100
PREPCSV,/mnt/beegfs/ysu34/hamlib/dia_e2e/vibbf3_18_3.txt,262144,12,spmv,didx_sym,3.786,1.344,0.008458,606
PREPCSV,/mnt/beegfs/ysu34/hamlib/dia_e2e/vibbf3_18_3.txt,262144,12,spmv,gopt,7.561,0.965,0.007823,1090
PREPCSV,/mnt/beegfs/ysu34/hamlib/dia_e2e/vibbf3_18_3.txt,262144,12,spmv,cusparse_csr,7.646,1.460,0.025518,357
PREPCSV,/mnt/beegfs/ysu34/hamlib/dia_e2e/vibbf3_18_3.txt,262144,12,spmspm,ours_flat,0.671,0.225,0.145490,6
PREPCSV,/mnt/beegfs/ysu34/hamlib/dia_e2e/vibbf3_18_3.txt,262144,12,spmspm,hm_atomic,8.546,2.144,0.241193,44
PREPCSV,/mnt/beegfs/ysu34/hamlib/dia_e2e/vibbf3_18_3.txt,262144,12,spmspm,ours_sym,0.370,1.376,-1.000000,-1
PREPCSV,/mnt/beegfs/ysu34/hamlib/dia_e2e/vibbf3_18_3.txt,262144,12,spmspm,ours_sym,0.370,1.376,0.070656,25
PREPCSV,/mnt/beegfs/ysu34/hamlib/dia_suitesparse/atmosmodd.txt,1270432,7,spmv,didx,35.922,4.414,0.047718,845
PREPCSV,/mnt/beegfs/ysu34/hamlib/dia_suitesparse/atmosmodd.txt,1270432,7,spmv,gopt,28.444,2.958,0.036188,868
PREPCSV,/mnt/beegfs/ysu34/hamlib/dia_suitesparse/atmosmodd.txt,1270432,7,spmv,cusparse_csr,29.991,7.161,0.083722,444
PREPCSV,/mnt/beegfs/ysu34/hamlib/dia_suitesparse/atmosmodd.txt,1270432,7,spmspm,ours_flat,2.737,0.400,0.300278,10
PREPCSV,/mnt/beegfs/ysu34/hamlib/dia_suitesparse/atmosmodd.txt,1270432,7,spmspm,hm_atomic,22.728,4.360,0.587121,46
PREPCSV,/mnt/beegfs/ysu34/hamlib/dia_suitesparse/atmosmodd.txt,1270432,7,spmspm,ours_sym,1.702,1.895,-1.000000,-1
PREPCSV,/mnt/beegfs/ysu34/hamlib/dia_suitesparse/atmosmodd.txt,1270432,7,spmspm,ours_sym,1.702,1.895,0.156733,23
PREPCSV,/mnt/beegfs/ysu34/hamlib/dia_suitesparse/ecology2.txt,999999,7,spmv,didx,22.130,2.925,0.030065,833
PREPCSV,/mnt/beegfs/ysu34/hamlib/dia_suitesparse/ecology2.txt,999999,7,spmv,didx_sym,13.374,3.123,0.023060,715
PREPCSV,/mnt/beegfs/ysu34/hamlib/dia_suitesparse/ecology2.txt,999999,7,spmv,gopt,16.525,1.921,0.014868,1241
PREPCSV,/mnt/beegfs/ysu34/hamlib/dia_suitesparse/ecology2.txt,999999,7,spmv,cusparse_csr,20.054,4.395,0.059208,413
PREPCSV,/mnt/beegfs/ysu34/hamlib/dia_suitesparse/ecology2.txt,999999,7,spmspm,ours_flat,2.136,0.381,0.210022,12
PREPCSV,/mnt/beegfs/ysu34/hamlib/dia_suitesparse/ecology2.txt,999999,7,spmspm,hm_atomic,14.216,3.804,0.450519,40
PREPCSV,/mnt/beegfs/ysu34/hamlib/dia_suitesparse/ecology2.txt,999999,7,spmspm,ours_sym,1.385,1.277,-1.000000,-1
PREPCSV,/mnt/beegfs/ysu34/hamlib/dia_suitesparse/ecology2.txt,999999,7,spmspm,ours_sym,1.385,1.277,0.109732,24
PREPCSV,/mnt/beegfs/ysu34/hamlib/dia_suitesparse/Lin.txt,256000,7,spmv,didx,6.489,1.079,0.008090,935
PREPCSV,/mnt/beegfs/ysu34/hamlib/dia_suitesparse/Lin.txt,256000,7,spmv,didx_sym,3.464,0.981,0.007844,567
PREPCSV,/mnt/beegfs/ysu34/hamlib/dia_suitesparse/Lin.txt,256000,7,spmv,gopt,4.525,0.782,0.007270,730
PREPCSV,/mnt/beegfs/ysu34/hamlib/dia_suitesparse/Lin.txt,256000,7,spmv,cusparse_csr,5.984,1.996,0.030679,260
PREPCSV,/mnt/beegfs/ysu34/hamlib/dia_suitesparse/Lin.txt,256000,7,spmspm,ours_flat,0.574,0.218,0.050954,16
PREPCSV,/mnt/beegfs/ysu34/hamlib/dia_suitesparse/Lin.txt,256000,7,spmspm,hm_atomic,3.896,1.490,0.073769,73
PREPCSV,/mnt/beegfs/ysu34/hamlib/dia_suitesparse/Lin.txt,256000,7,spmspm,ours_sym,0.323,0.547,-1.000000,-1
PREPCSV,/mnt/beegfs/ysu34/hamlib/dia_suitesparse/Lin.txt,256000,7,spmspm,ours_sym,0.323,0.547,0.025416,34
PREPCSV,/mnt/beegfs/ysu34/hamlib/dia_e2e/BH_20_7.txt,1048576,127,spmv,didx,481.693,9.948,0.152637,3221
PREPCSV,/mnt/beegfs/ysu34/hamlib/dia_e2e/BH_20_7.txt,1048576,127,spmv,didx_sym,193.461,36.786,0.140780,1636
PREPCSV,/mnt/beegfs/ysu34/hamlib/dia_e2e/BH_20_7.txt,1048576,127,spmv,gopt,371.155,22.748,0.226550,1739
PREPCSV,/mnt/beegfs/ysu34/hamlib/dia_e2e/BH_20_7.txt,1048576,127,spmv,cusparse_csr,720.751,16.233,0.197919,3724
PREPCSV,/mnt/beegfs/ysu34/hamlib/dia_e2e/BH_20_7.txt,1048576,127,spmspm,ours_flat,68.201,4.764,69.807472,1
PREPCSV,/mnt/beegfs/ysu34/hamlib/dia_e2e/BH_20_7.txt,1048576,127,spmspm,ours_sym,25.014,16.515,-1.000000,-1
PREPCSV,/mnt/beegfs/ysu34/hamlib/dia_e2e/BH_20_7.txt,1048576,127,spmspm,ours_sym,25.014,16.515,34.775860,1
PREPCSV,/mnt/beegfs/ysu34/hamlib/dia_e2e/bhc_16_7.txt,65536,99,spmv,didx,14.492,0.775,0.009933,1537
PREPCSV,/mnt/beegfs/ysu34/hamlib/dia_e2e/bhc_16_7.txt,65536,99,spmv,didx_sym,7.249,2.178,0.009708,971
PREPCSV,/mnt/beegfs/ysu34/hamlib/dia_e2e/bhc_16_7.txt,65536,99,spmv,gopt,18.911,1.615,0.025498,805
PREPCSV,/mnt/beegfs/ysu34/hamlib/dia_e2e/bhc_16_7.txt,65536,99,spmv,cusparse_csr,26.666,1.433,0.029696,946
PREPCSV,/mnt/beegfs/ysu34/hamlib/dia_e2e/bhc_16_7.txt,65536,99,spmspm,ours_flat,8.139,0.553,2.212250,4
PREPCSV,/mnt/beegfs/ysu34/hamlib/dia_e2e/bhc_16_7.txt,65536,99,spmspm,hm_atomic,65.851,3.031,3.943711,17
PREPCSV,/mnt/beegfs/ysu34/hamlib/dia_e2e/bhc_16_7.txt,65536,99,spmspm,ours_sym,0.969,3.681,-1.000000,-1
PREPCSV,/mnt/beegfs/ysu34/hamlib/dia_e2e/bhc_16_7.txt,65536,99,spmspm,ours_sym,0.969,3.681,0.950272,5
PREPCSV,/mnt/beegfs/ysu34/hamlib/dia_e2e/bhc_18_7.txt,262144,112,spmv,didx,91.704,2.745,0.032768,2882
PREPCSV,/mnt/beegfs/ysu34/hamlib/dia_e2e/bhc_18_7.txt,262144,112,spmv,didx_sym,34.113,8.818,0.033423,1284
PREPCSV,/mnt/beegfs/ysu34/hamlib/dia_e2e/bhc_18_7.txt,262144,112,spmv,gopt,78.447,5.782,0.069755,1207
PREPCSV,/mnt/beegfs/ysu34/hamlib/dia_e2e/bhc_18_7.txt,262144,112,spmv,cusparse_csr,136.960,4.626,0.062915,2250
PREPCSV,/mnt/beegfs/ysu34/hamlib/dia_e2e/bhc_18_7.txt,262144,112,spmspm,ours_flat,19.002,1.169,12.834775,2
PREPCSV,/mnt/beegfs/ysu34/hamlib/dia_e2e/bhc_18_7.txt,262144,112,spmspm,hm_atomic,374.183,10.217,26.821899,14
PREPCSV,/mnt/beegfs/ysu34/hamlib/dia_e2e/bhc_18_7.txt,262144,112,spmspm,ours_sym,4.222,6.457,-1.000000,-1
PREPCSV,/mnt/beegfs/ysu34/hamlib/dia_e2e/bhc_18_7.txt,262144,112,spmspm,ours_sym,4.222,6.457,6.081741,2
PREPCSV,/mnt/beegfs/ysu34/hamlib/dia_e2e/bhD1_18_7.txt,262144,112,spmv,didx,91.936,2.738,0.032870,2880
PREPCSV,/mnt/beegfs/ysu34/hamlib/dia_e2e/bhD1_18_7.txt,262144,112,spmv,didx_sym,34.164,8.794,0.033280,1291
PREPCSV,/mnt/beegfs/ysu34/hamlib/dia_e2e/bhD1_18_7.txt,262144,112,spmv,gopt,85.903,5.787,0.071393,1284
PREPCSV,/mnt/beegfs/ysu34/hamlib/dia_e2e/bhD1_18_7.txt,262144,112,spmv,cusparse_csr,133.844,4.589,0.062935,2200
PREPCSV,/mnt/beegfs/ysu34/hamlib/dia_e2e/bhD1_18_7.txt,262144,112,spmspm,ours_flat,18.938,1.183,12.835431,2
PREPCSV,/mnt/beegfs/ysu34/hamlib/dia_e2e/bhD1_18_7.txt,262144,112,spmspm,hm_atomic,373.427,10.189,26.820179,14
PREPCSV,/mnt/beegfs/ysu34/hamlib/dia_e2e/bhD1_18_7.txt,262144,112,spmspm,ours_sym,4.212,6.549,-1.000000,-1
PREPCSV,/mnt/beegfs/ysu34/hamlib/dia_e2e/bhD1_18_7.txt,262144,112,spmspm,ours_sym,4.212,6.549,6.082703,2
PREPCSV,/mnt/beegfs/ysu34/hamlib/dia_e2e/C2c_18_4.txt,262144,9971,spmv,didx,3179.013,12.915,1.290342,2474
PREPCSV,/mnt/beegfs/ysu34/hamlib/dia_e2e/C2c_18_4.txt,262144,9971,spmv,gopt,3458.680,107.495,1.793884,1988
PREPCSV,/mnt/beegfs/ysu34/hamlib/dia_e2e/C2c_18_4.txt,262144,9971,spmv,cusparse_csr,8378.984,17.878,0.219771,38207
PREPCSV,/mnt/beegfs/ysu34/hamlib/dia_e2e/fermi_16_5.txt,65536,29,spmv,didx,4.419,0.424,0.005960,813
PREPCSV,/mnt/beegfs/ysu34/hamlib/dia_e2e/fermi_16_5.txt,65536,29,spmv,didx_sym,2.144,0.696,0.006062,469
PREPCSV,/mnt/beegfs/ysu34/hamlib/dia_e2e/fermi_16_5.txt,65536,29,spmv,gopt,5.654,0.666,0.010056,628
PREPCSV,/mnt/beegfs/ysu34/hamlib/dia_e2e/fermi_16_5.txt,65536,29,spmv,cusparse_csr,10.112,0.954,0.020337,544
PREPCSV,/mnt/beegfs/ysu34/hamlib/dia_e2e/fermi_16_5.txt,65536,29,spmspm,ours_flat,0.590,0.227,0.186573,4
PREPCSV,/mnt/beegfs/ysu34/hamlib/dia_e2e/fermi_16_5.txt,65536,29,spmspm,hm_atomic,9.214,1.424,0.326656,33
PREPCSV,/mnt/beegfs/ysu34/hamlib/dia_e2e/fermi_16_5.txt,65536,29,spmspm,ours_sym,0.173,2.022,-1.000000,-1
PREPCSV,/mnt/beegfs/ysu34/hamlib/dia_e2e/fermi_16_5.txt,65536,29,spmspm,ours_sym,0.173,2.022,0.094167,23
PREPCSV,/mnt/beegfs/ysu34/hamlib/dia_e2e/fermi_18_5.txt,262144,33,spmv,didx,17.235,1.307,0.012104,1532
PREPCSV,/mnt/beegfs/ysu34/hamlib/dia_e2e/fermi_18_5.txt,262144,33,spmv,didx_sym,9.573,3.132,0.011919,1066
PREPCSV,/mnt/beegfs/ysu34/hamlib/dia_e2e/fermi_18_5.txt,262144,33,spmv,gopt,21.129,2.128,0.013537,1718
PREPCSV,/mnt/beegfs/ysu34/hamlib/dia_e2e/fermi_18_5.txt,262144,33,spmv,cusparse_csr,44.628,2.401,0.035840,1312
PREPCSV,/mnt/beegfs/ysu34/hamlib/dia_e2e/fermi_18_5.txt,262144,33,spmspm,ours_flat,1.752,0.482,1.194394,2
PREPCSV,/mnt/beegfs/ysu34/hamlib/dia_e2e/fermi_18_5.txt,262144,33,spmspm,hm_atomic,49.924,3.760,2.510234,21
PREPCSV,/mnt/beegfs/ysu34/hamlib/dia_e2e/fermi_18_5.txt,262144,33,spmspm,ours_sym,0.745,3.144,-1.000000,-1
PREPCSV,/mnt/beegfs/ysu34/hamlib/dia_e2e/fermi_18_5.txt,262144,33,spmspm,ours_sym,0.745,3.144,0.558141,7
PREPCSV,/mnt/beegfs/ysu34/hamlib/dia_e2e/fermi_20_5.txt,1048576,37,spmv,didx,119.458,4.788,0.056361,2204
PREPCSV,/mnt/beegfs/ysu34/hamlib/dia_e2e/fermi_20_5.txt,1048576,37,spmv,didx_sym,45.283,11.611,0.053166,1070
PREPCSV,/mnt/beegfs/ysu34/hamlib/dia_e2e/fermi_20_5.txt,1048576,37,spmv,gopt,102.565,7.111,0.078193,1403
PREPCSV,/mnt/beegfs/ysu34/hamlib/dia_e2e/fermi_20_5.txt,1048576,37,spmv,cusparse_csr,200.326,7.573,0.087675,2371
PREPCSV,/mnt/beegfs/ysu34/hamlib/dia_e2e/fermi_20_5.txt,1048576,37,spmspm,ours_flat,7.507,0.865,6.220206,1
PREPCSV,/mnt/beegfs/ysu34/hamlib/dia_e2e/fermi_20_5.txt,1048576,37,spmspm,hm_atomic,250.653,12.634,12.752015,21
PREPCSV,/mnt/beegfs/ysu34/hamlib/dia_e2e/fermi_20_5.txt,1048576,37,spmspm,ours_sym,3.678,4.490,-1.000000,-1
PREPCSV,/mnt/beegfs/ysu34/hamlib/dia_e2e/fermi_20_5.txt,1048576,37,spmspm,ours_sym,3.678,4.490,3.130347,3
PREPCSV,/mnt/beegfs/ysu34/hamlib/dia_e2e/fermiFH_18_4.txt,262144,64,spmv,didx,30.305,1.247,0.011776,2679
PREPCSV,/mnt/beegfs/ysu34/hamlib/dia_e2e/fermiFH_18_4.txt,262144,64,spmv,didx_sym,16.696,4.983,0.011653,1860
PREPCSV,/mnt/beegfs/ysu34/hamlib/dia_e2e/fermiFH_18_4.txt,262144,64,spmv,gopt,37.763,2.834,0.034222,1186
PREPCSV,/mnt/beegfs/ysu34/hamlib/dia_e2e/fermiFH_18_4.txt,262144,64,spmv,cusparse_csr,52.419,2.180,0.034673,1575
PREPCSV,/mnt/beegfs/ysu34/hamlib/dia_e2e/fermiFH_18_4.txt,262144,64,spmspm,ours_flat,5.570,0.692,4.394291,1
PREPCSV,/mnt/beegfs/ysu34/hamlib/dia_e2e/fermiFH_18_4.txt,262144,64,spmspm,hm_atomic,151.095,6.167,9.160561,17
PREPCSV,/mnt/beegfs/ysu34/hamlib/dia_e2e/fermiFH_18_4.txt,262144,64,spmspm,ours_sym,1.882,4.091,-1.000000,-1
PREPCSV,/mnt/beegfs/ysu34/hamlib/dia_e2e/fermiFH_18_4.txt,262144,64,spmspm,ours_sym,1.882,4.091,2.086380,3
PREPCSV,/mnt/beegfs/ysu34/hamlib/dia_e2e/H8c_16_4.txt,65536,8887,spmv,didx,646.337,5.339,0.624599,1043
PREPCSV,/mnt/beegfs/ysu34/hamlib/dia_e2e/H8c_16_4.txt,65536,8887,spmv,gopt,784.798,38.384,1.679135,490
PREPCSV,/mnt/beegfs/ysu34/hamlib/dia_e2e/H8c_16_4.txt,65536,8887,spmv,cusparse_csr,1552.864,7.226,0.091484,17053
PREPCSV,/mnt/beegfs/ysu34/hamlib/dia_e2e/H8c_16_4.txt,65536,8887,spmspm,ours_flat,12014.649,158.592,13119.968750,1
PREPCSV,/mnt/beegfs/ysu34/hamlib/dia_e2e/H8c_16_4.txt,65536,8887,spmspm,ours_sym,1168.011,81.555,-1.000000,-1
PREPCSV,/mnt/beegfs/ysu34/hamlib/dia_e2e/H8c_16_4.txt,65536,8887,spmspm,ours_sym,1168.011,81.555,6685.060547,0
PREPCSV,/mnt/beegfs/ysu34/hamlib/dia_e2e/heis_16_5.txt,65536,31,spmv,didx,4.631,0.457,0.006226,817
PREPCSV,/mnt/beegfs/ysu34/hamlib/dia_e2e/heis_16_5.txt,65536,31,spmv,didx_sym,2.113,0.719,0.006267,452
PREPCSV,/mnt/beegfs/ysu34/hamlib/dia_e2e/heis_16_5.txt,65536,31,spmv,gopt,5.954,0.717,0.010772,619
PREPCSV,/mnt/beegfs/ysu34/hamlib/dia_e2e/heis_16_5.txt,65536,31,spmv,cusparse_csr,10.706,0.980,0.021238,550
PREPCSV,/mnt/beegfs/ysu34/hamlib/dia_e2e/heis_16_5.txt,65536,31,spmspm,ours_flat,0.588,0.234,0.212910,4
PREPCSV,/mnt/beegfs/ysu34/hamlib/dia_e2e/heis_16_5.txt,65536,31,spmspm,hm_atomic,10.807,1.614,0.378511,33
PREPCSV,/mnt/beegfs/ysu34/hamlib/dia_e2e/heis_16_5.txt,65536,31,spmspm,ours_sym,0.184,2.148,-1.000000,-1
PREPCSV,/mnt/beegfs/ysu34/hamlib/dia_e2e/heis_16_5.txt,65536,31,spmspm,ours_sym,0.184,2.148,0.106619,22
PREPCSV,/mnt/beegfs/ysu34/hamlib/dia_e2e/heis_18_5.txt,262144,35,spmv,didx,20.532,1.403,0.012411,1767
PREPCSV,/mnt/beegfs/ysu34/hamlib/dia_e2e/heis_18_5.txt,262144,35,spmv,didx_sym,10.121,3.262,0.012186,1098
PREPCSV,/mnt/beegfs/ysu34/hamlib/dia_e2e/heis_18_5.txt,262144,35,spmv,gopt,21.819,2.337,0.016118,1499
PREPCSV,/mnt/beegfs/ysu34/hamlib/dia_e2e/heis_18_5.txt,262144,35,spmv,cusparse_csr,57.159,2.492,0.036639,1628
PREPCSV,/mnt/beegfs/ysu34/hamlib/dia_e2e/heis_18_5.txt,262144,35,spmspm,ours_flat,1.939,0.482,1.348813,2
PREPCSV,/mnt/beegfs/ysu34/hamlib/dia_e2e/heis_18_5.txt,262144,35,spmspm,hm_atomic,55.423,3.921,2.833879,21
PREPCSV,/mnt/beegfs/ysu34/hamlib/dia_e2e/heis_18_5.txt,262144,35,spmspm,ours_sym,0.803,2.941,-1.000000,-1
PREPCSV,/mnt/beegfs/ysu34/hamlib/dia_e2e/heis_18_5.txt,262144,35,spmspm,ours_sym,0.803,2.941,0.630456,6
PREPCSV,/mnt/beegfs/ysu34/hamlib/dia_e2e/heis_20_5.txt,1048576,39,spmv,didx,125.944,5.027,0.058286,2247
PREPCSV,/mnt/beegfs/ysu34/hamlib/dia_e2e/heis_20_5.txt,1048576,39,spmv,didx_sym,48.046,12.503,0.054825,1104
PREPCSV,/mnt/beegfs/ysu34/hamlib/dia_e2e/heis_20_5.txt,1048576,39,spmv,gopt,94.506,7.463,0.080138,1272
PREPCSV,/mnt/beegfs/ysu34/hamlib/dia_e2e/heis_20_5.txt,1048576,39,spmv,cusparse_csr,282.470,8.137,0.090522,3210
PREPCSV,/mnt/beegfs/ysu34/hamlib/dia_e2e/heis_20_5.txt,1048576,39,spmspm,ours_flat,8.040,0.922,6.926439,1
PREPCSV,/mnt/beegfs/ysu34/hamlib/dia_e2e/heis_20_5.txt,1048576,39,spmspm,hm_atomic,275.667,13.471,14.227722,20
PREPCSV,/mnt/beegfs/ysu34/hamlib/dia_e2e/heis_20_5.txt,1048576,39,spmspm,ours_sym,3.933,3.686,-1.000000,-1
PREPCSV,/mnt/beegfs/ysu34/hamlib/dia_e2e/heis_20_5.txt,1048576,39,spmspm,ours_sym,3.933,3.686,3.479327,2
PREPCSV,/mnt/beegfs/ysu34/hamlib/dia_e2e/heis_20_6.txt,1048576,39,spmv,didx,128.510,5.043,0.058307,2291
PREPCSV,/mnt/beegfs/ysu34/hamlib/dia_e2e/heis_20_6.txt,1048576,39,spmv,didx_sym,47.607,12.470,0.054907,1094
PREPCSV,/mnt/beegfs/ysu34/hamlib/dia_e2e/heis_20_6.txt,1048576,39,spmv,gopt,108.120,7.426,0.080261,1440
PREPCSV,/mnt/beegfs/ysu34/hamlib/dia_e2e/heis_20_6.txt,1048576,39,spmv,cusparse_csr,285.578,8.044,0.090255,3253
PREPCSV,/mnt/beegfs/ysu34/hamlib/dia_e2e/heis_20_6.txt,1048576,39,spmspm,ours_flat,8.038,0.896,6.927278,1
PREPCSV,/mnt/beegfs/ysu34/hamlib/dia_e2e/heis_20_6.txt,1048576,39,spmspm,hm_atomic,274.242,13.734,14.230671,20
PREPCSV,/mnt/beegfs/ysu34/hamlib/dia_e2e/heis_20_6.txt,1048576,39,spmspm,ours_sym,3.902,3.839,-1.000000,-1
PREPCSV,/mnt/beegfs/ysu34/hamlib/dia_e2e/heis_20_6.txt,1048576,39,spmspm,ours_sym,3.902,3.839,3.479163,2
PREPCSV,/mnt/beegfs/ysu34/hamlib/dia_e2e/maxcut_16_5.txt,65536,1,spmv,didx,0.375,0.090,0.003707,125
PREPCSV,/mnt/beegfs/ysu34/hamlib/dia_e2e/maxcut_16_5.txt,65536,1,spmv,didx_sym,0.354,0.109,0.003727,124
PREPCSV,/mnt/beegfs/ysu34/hamlib/dia_e2e/maxcut_16_5.txt,65536,1,spmv,gopt,0.150,0.070,0.003727,59
PREPCSV,/mnt/beegfs/ysu34/hamlib/dia_e2e/maxcut_16_5.txt,65536,1,spmv,cusparse_csr,0.402,0.479,0.021873,40
PREPCSV,/mnt/beegfs/ysu34/hamlib/dia_e2e/maxcut_16_5.txt,65536,1,spmspm,ours_flat,0.129,0.043,0.005059,34
PREPCSV,/mnt/beegfs/ysu34/hamlib/dia_e2e/maxcut_16_5.txt,65536,1,spmspm,hm_atomic,0.324,0.157,0.006738,71
PREPCSV,/mnt/beegfs/ysu34/hamlib/dia_e2e/maxcut_16_5.txt,65536,1,spmspm,ours_sym,0.072,0.042,-1.000000,-1
PREPCSV,/mnt/beegfs/ysu34/hamlib/dia_e2e/maxcut_16_5.txt,65536,1,spmspm,ours_sym,0.072,0.042,0.005059,22
PREPCSV,/mnt/beegfs/ysu34/hamlib/dia_e2e/maxcut_18_5.txt,262144,1,spmv,didx,1.880,0.436,0.004690,494
PREPCSV,/mnt/beegfs/ysu34/hamlib/dia_e2e/maxcut_18_5.txt,262144,1,spmv,didx_sym,1.132,0.435,0.004792,327
PREPCSV,/mnt/beegfs/ysu34/hamlib/dia_e2e/maxcut_18_5.txt,262144,1,spmv,gopt,0.845,0.240,0.004403,247
PREPCSV,/mnt/beegfs/ysu34/hamlib/dia_e2e/maxcut_18_5.txt,262144,1,spmv,cusparse_csr,2.016,0.828,0.021729,131
PREPCSV,/mnt/beegfs/ysu34/hamlib/dia_e2e/maxcut_18_5.txt,262144,1,spmspm,ours_flat,0.508,0.111,0.005468,113
PREPCSV,/mnt/beegfs/ysu34/hamlib/dia_e2e/maxcut_18_5.txt,262144,1,spmspm,hm_atomic,1.077,0.440,0.008172,186
PREPCSV,/mnt/beegfs/ysu34/hamlib/dia_e2e/maxcut_18_5.txt,262144,1,spmspm,ours_sym,0.282,0.116,-1.000000,-1
PREPCSV,/mnt/beegfs/ysu34/hamlib/dia_e2e/maxcut_18_5.txt,262144,1,spmspm,ours_sym,0.282,0.116,0.005489,72
PREPCSV,/mnt/beegfs/ysu34/hamlib/dia_e2e/maxcut_20_5.txt,1048576,1,spmv,didx,5.211,0.920,0.008397,730
PREPCSV,/mnt/beegfs/ysu34/hamlib/dia_e2e/maxcut_20_5.txt,1048576,1,spmv,didx_sym,5.358,0.988,0.008786,722
PREPCSV,/mnt/beegfs/ysu34/hamlib/dia_e2e/maxcut_20_5.txt,1048576,1,spmv,gopt,2.476,0.409,0.006472,446
PREPCSV,/mnt/beegfs/ysu34/hamlib/dia_e2e/maxcut_20_5.txt,1048576,1,spmv,cusparse_csr,5.625,1.686,0.037663,194
PREPCSV,/mnt/beegfs/ysu34/hamlib/dia_e2e/maxcut_20_5.txt,1048576,1,spmspm,ours_flat,2.100,0.187,0.009011,254
PREPCSV,/mnt/beegfs/ysu34/hamlib/dia_e2e/maxcut_20_5.txt,1048576,1,spmspm,hm_atomic,5.463,1.398,0.014111,486
PREPCSV,/mnt/beegfs/ysu34/hamlib/dia_e2e/maxcut_20_5.txt,1048576,1,spmspm,ours_sym,1.310,0.184,-1.000000,-1
PREPCSV,/mnt/beegfs/ysu34/hamlib/dia_e2e/maxcut_20_5.txt,1048576,1,spmspm,ours_sym,1.310,0.184,0.009052,165
PREPCSV,/mnt/beegfs/ysu34/hamlib/dia_e2e/O2c_16_5.txt,65536,1243,spmv,didx,122.543,2.657,0.084644,1479
PREPCSV,/mnt/beegfs/ysu34/hamlib/dia_e2e/O2c_16_5.txt,65536,1243,spmv,gopt,131.698,8.769,0.357110,393
PREPCSV,/mnt/beegfs/ysu34/hamlib/dia_e2e/O2c_16_5.txt,65536,1243,spmv,cusparse_csr,331.484,3.747,0.053760,6236
PREPCSV,/mnt/beegfs/ysu34/hamlib/dia_e2e/O2c_16_5.txt,65536,1243,spmspm,ours_flat,2318.631,7.679,283.617310,8
PREPCSV,/mnt/beegfs/ysu34/hamlib/dia_e2e/O2c_16_5.txt,65536,1243,spmspm,ours_sym,98.386,27.152,-1.000000,-1
PREPCSV,/mnt/beegfs/ysu34/hamlib/dia_e2e/O2c_16_5.txt,65536,1243,spmspm,ours_sym,98.386,27.152,133.655579,1
PREPCSV,/mnt/beegfs/ysu34/hamlib/dia_e2e/O2c_20_5.txt,1048576,3359,spmv,didx,7263.221,81.989,4.753387,1545
PREPCSV,/mnt/beegfs/ysu34/hamlib/dia_e2e/O2c_20_5.txt,1048576,3359,spmv,gopt,6663.173,260.330,2.846351,2432
PREPCSV,/mnt/beegfs/ysu34/hamlib/dia_e2e/O2c_20_5.txt,1048576,3359,spmv,cusparse_csr_64i,20579.410,164.760,1.856655,11173
PREPCSV,/mnt/beegfs/ysu34/hamlib/dia_e2e/qmaxcut_16_4.txt,65536,31,spmv,didx,3.414,0.419,0.006205,618
PREPCSV,/mnt/beegfs/ysu34/hamlib/dia_e2e/qmaxcut_16_4.txt,65536,31,spmv,didx_sym,1.671,0.520,0.006717,326
PREPCSV,/mnt/beegfs/ysu34/hamlib/dia_e2e/qmaxcut_16_4.txt,65536,31,spmv,gopt,3.366,0.437,0.008212,463
PREPCSV,/mnt/beegfs/ysu34/hamlib/dia_e2e/qmaxcut_16_4.txt,65536,31,spmv,cusparse_csr,9.199,0.913,0.021135,478
PREPCSV,/mnt/beegfs/ysu34/hamlib/dia_e2e/qmaxcut_16_4.txt,65536,31,spmspm,ours_flat,0.537,0.218,0.106373,7
PREPCSV,/mnt/beegfs/ysu34/hamlib/dia_e2e/qmaxcut_16_4.txt,65536,31,spmspm,hm_atomic,6.762,1.057,0.160973,49
PREPCSV,/mnt/beegfs/ysu34/hamlib/dia_e2e/qmaxcut_16_4.txt,65536,31,spmspm,ours_sym,0.155,1.284,-1.000000,-1
PREPCSV,/mnt/beegfs/ysu34/hamlib/dia_e2e/qmaxcut_16_4.txt,65536,31,spmspm,ours_sym,0.155,1.284,0.055562,26
PREPCSV,/mnt/beegfs/ysu34/hamlib/dia_e2e/qmaxcut_18_4.txt,262144,35,spmv,didx,13.295,1.426,0.012554,1173
PREPCSV,/mnt/beegfs/ysu34/hamlib/dia_e2e/qmaxcut_18_4.txt,262144,35,spmv,didx_sym,7.518,2.183,0.012616,769
PREPCSV,/mnt/beegfs/ysu34/hamlib/dia_e2e/qmaxcut_18_4.txt,262144,35,spmv,gopt,12.207,1.644,0.010486,1321
PREPCSV,/mnt/beegfs/ysu34/hamlib/dia_e2e/qmaxcut_18_4.txt,262144,35,spmv,cusparse_csr,41.102,2.530,0.037069,1177
PREPCSV,/mnt/beegfs/ysu34/hamlib/dia_e2e/qmaxcut_18_4.txt,262144,35,spmspm,ours_flat,1.548,0.399,0.537231,4
PREPCSV,/mnt/beegfs/ysu34/hamlib/dia_e2e/qmaxcut_18_4.txt,262144,35,spmspm,hm_atomic,31.858,2.747,0.811110,43
PREPCSV,/mnt/beegfs/ysu34/hamlib/dia_e2e/qmaxcut_18_4.txt,262144,35,spmspm,ours_sym,0.602,2.620,-1.000000,-1
PREPCSV,/mnt/beegfs/ysu34/hamlib/dia_e2e/qmaxcut_18_4.txt,262144,35,spmspm,ours_sym,0.602,2.620,0.271503,12
PREPCSV,/mnt/beegfs/ysu34/hamlib/dia_e2e/qmaxcut_20_4.txt,1048576,39,spmv,didx,81.767,4.874,0.061399,1411
PREPCSV,/mnt/beegfs/ysu34/hamlib/dia_e2e/qmaxcut_20_4.txt,1048576,39,spmv,didx_sym,30.472,7.840,0.062874,609
PREPCSV,/mnt/beegfs/ysu34/hamlib/dia_e2e/qmaxcut_20_4.txt,1048576,39,spmv,gopt,63.690,5.008,0.054845,1253
PREPCSV,/mnt/beegfs/ysu34/hamlib/dia_e2e/qmaxcut_20_4.txt,1048576,39,spmv,cusparse_csr,208.437,7.772,0.091873,2353
PREPCSV,/mnt/beegfs/ysu34/hamlib/dia_e2e/qmaxcut_20_4.txt,1048576,39,spmspm,ours_flat,5.734,0.739,2.824622,2
PREPCSV,/mnt/beegfs/ysu34/hamlib/dia_e2e/qmaxcut_20_4.txt,1048576,39,spmspm,hm_atomic,163.719,8.134,4.820029,36
PREPCSV,/mnt/beegfs/ysu34/hamlib/dia_e2e/qmaxcut_20_4.txt,1048576,39,spmspm,ours_sym,2.816,2.986,-1.000000,-1
PREPCSV,/mnt/beegfs/ysu34/hamlib/dia_e2e/qmaxcut_20_4.txt,1048576,39,spmspm,ours_sym,2.816,2.986,1.441280,4
PREPCSV,/mnt/beegfs/ysu34/hamlib/dia_e2e/qmaxcutC_18_4.txt,262144,73,spmv,didx,57.757,2.405,0.026296,2288
PREPCSV,/mnt/beegfs/ysu34/hamlib/dia_e2e/qmaxcutC_18_4.txt,262144,73,spmv,didx_sym,19.904,5.697,0.026276,974
PREPCSV,/mnt/beegfs/ysu34/hamlib/dia_e2e/qmaxcutC_18_4.txt,262144,73,spmv,gopt,45.096,4.027,0.048517,1012
PREPCSV,/mnt/beegfs/ysu34/hamlib/dia_e2e/qmaxcutC_18_4.txt,262144,73,spmv,cusparse_csr,109.043,4.045,0.057119,1980
PREPCSV,/mnt/beegfs/ysu34/hamlib/dia_e2e/qmaxcutC_18_4.txt,262144,73,spmspm,ours_flat,7.015,0.766,5.425848,1
PREPCSV,/mnt/beegfs/ysu34/hamlib/dia_e2e/qmaxcutC_18_4.txt,262144,73,spmspm,hm_atomic,182.434,6.722,11.378504,17
PREPCSV,/mnt/beegfs/ysu34/hamlib/dia_e2e/qmaxcutC_18_4.txt,262144,73,spmspm,ours_sym,2.185,4.152,-1.000000,-1
PREPCSV,/mnt/beegfs/ysu34/hamlib/dia_e2e/qmaxcutC_18_4.txt,262144,73,spmspm,ours_sym,2.185,4.152,2.573435,2
PREPCSV,/mnt/beegfs/ysu34/hamlib/dia_e2e/qmaxcutK_18_4.txt,262144,19,spmv,didx,10.992,1.016,0.008765,1370
PREPCSV,/mnt/beegfs/ysu34/hamlib/dia_e2e/qmaxcutK_18_4.txt,262144,19,spmv,didx_sym,5.787,2.082,0.009728,809
PREPCSV,/mnt/beegfs/ysu34/hamlib/dia_e2e/qmaxcutK_18_4.txt,262144,19,spmv,gopt,14.210,1.897,0.011878,1356
PREPCSV,/mnt/beegfs/ysu34/hamlib/dia_e2e/qmaxcutK_18_4.txt,262144,19,spmv,cusparse_csr,10.886,1.686,0.030822,408
PREPCSV,/mnt/beegfs/ysu34/hamlib/dia_e2e/qmaxcutK_18_4.txt,262144,19,spmspm,ours_flat,0.937,0.328,0.364564,3
PREPCSV,/mnt/beegfs/ysu34/hamlib/dia_e2e/qmaxcutK_18_4.txt,262144,19,spmspm,hm_atomic,16.689,2.658,0.770826,25
PREPCSV,/mnt/beegfs/ysu34/hamlib/dia_e2e/qmaxcutK_18_4.txt,262144,19,spmspm,ours_sym,0.449,3.108,-1.000000,-1
PREPCSV,/mnt/beegfs/ysu34/hamlib/dia_e2e/qmaxcutK_18_4.txt,262144,19,spmspm,ours_sym,0.449,3.108,0.175247,20
PREPCSV,/mnt/beegfs/ysu34/hamlib/dia_e2e/qmaxcutR_18_3.txt,262144,9,spmv,didx,5.235,0.699,0.006902,860
PREPCSV,/mnt/beegfs/ysu34/hamlib/dia_e2e/qmaxcutR_18_3.txt,262144,9,spmv,didx_sym,2.978,1.013,0.007905,505
PREPCSV,/mnt/beegfs/ysu34/hamlib/dia_e2e/qmaxcutR_18_3.txt,262144,9,spmv,gopt,6.543,0.653,0.006840,1052
PREPCSV,/mnt/beegfs/ysu34/hamlib/dia_e2e/qmaxcutR_18_3.txt,262144,9,spmv,cusparse_csr,6.211,1.252,0.024003,311
PREPCSV,/mnt/beegfs/ysu34/hamlib/dia_e2e/qmaxcutR_18_3.txt,262144,9,spmspm,ours_flat,0.594,0.191,0.082985,9
PREPCSV,/mnt/beegfs/ysu34/hamlib/dia_e2e/qmaxcutR_18_3.txt,262144,9,spmspm,hm_atomic,6.334,1.765,0.121221,67
PREPCSV,/mnt/beegfs/ysu34/hamlib/dia_e2e/qmaxcutR_18_3.txt,262144,9,spmspm,ours_sym,0.338,0.767,-1.000000,-1
PREPCSV,/mnt/beegfs/ysu34/hamlib/dia_e2e/qmaxcutR_18_3.txt,262144,9,spmspm,ours_sym,0.338,0.767,0.039137,28
PREPCSV,/mnt/beegfs/ysu34/hamlib/dia_e2e/tfim_16_4.txt,65536,33,spmv,didx,6.101,0.717,0.007209,946
PREPCSV,/mnt/beegfs/ysu34/hamlib/dia_e2e/tfim_16_4.txt,65536,33,spmv,didx_sym,2.658,0.886,0.006738,526
PREPCSV,/mnt/beegfs/ysu34/hamlib/dia_e2e/tfim_16_4.txt,65536,33,spmv,gopt,6.521,0.812,0.012288,597
PREPCSV,/mnt/beegfs/ysu34/hamlib/dia_e2e/tfim_16_4.txt,65536,33,spmv,cusparse_csr,13.915,1.372,0.028221,542
PREPCSV,/mnt/beegfs/ysu34/hamlib/dia_e2e/tfim_16_4.txt,65536,33,spmspm,ours_flat,0.695,0.238,0.228536,4
PREPCSV,/mnt/beegfs/ysu34/hamlib/dia_e2e/tfim_16_4.txt,65536,33,spmspm,hm_atomic,11.641,1.405,0.414208,31
PREPCSV,/mnt/beegfs/ysu34/hamlib/dia_e2e/tfim_16_4.txt,65536,33,spmspm,ours_sym,0.187,2.227,-1.000000,-1
PREPCSV,/mnt/beegfs/ysu34/hamlib/dia_e2e/tfim_16_4.txt,65536,33,spmspm,ours_sym,0.187,2.227,0.114627,21
PREPCSV,/mnt/beegfs/ysu34/hamlib/dia_e2e/tfim_16_5.txt,65536,33,spmv,didx,6.217,0.737,0.007332,948
PREPCSV,/mnt/beegfs/ysu34/hamlib/dia_e2e/tfim_16_5.txt,65536,33,spmv,didx_sym,2.642,0.905,0.006840,519
PREPCSV,/mnt/beegfs/ysu34/hamlib/dia_e2e/tfim_16_5.txt,65536,33,spmv,gopt,6.252,0.827,0.012472,568
PREPCSV,/mnt/beegfs/ysu34/hamlib/dia_e2e/tfim_16_5.txt,65536,33,spmv,cusparse_csr,15.117,1.405,0.028877,572
PREPCSV,/mnt/beegfs/ysu34/hamlib/dia_e2e/tfim_16_5.txt,65536,33,spmspm,ours_flat,0.664,0.239,0.228598,4
PREPCSV,/mnt/beegfs/ysu34/hamlib/dia_e2e/tfim_16_5.txt,65536,33,spmspm,hm_atomic,11.519,1.526,0.414822,31
PREPCSV,/mnt/beegfs/ysu34/hamlib/dia_e2e/tfim_16_5.txt,65536,33,spmspm,ours_sym,0.187,2.213,-1.000000,-1
PREPCSV,/mnt/beegfs/ysu34/hamlib/dia_e2e/tfim_16_5.txt,65536,33,spmspm,ours_sym,0.187,2.213,0.114749,21
PREPCSV,/mnt/beegfs/ysu34/hamlib/dia_e2e/tfim_18_4.txt,262144,37,spmv,didx,43.566,2.506,0.022098,2085
PREPCSV,/mnt/beegfs/ysu34/hamlib/dia_e2e/tfim_18_4.txt,262144,37,spmv,didx_sym,13.224,3.465,0.015892,1050
PREPCSV,/mnt/beegfs/ysu34/hamlib/dia_e2e/tfim_18_4.txt,262144,37,spmv,gopt,25.003,2.718,0.025559,1085
PREPCSV,/mnt/beegfs/ysu34/hamlib/dia_e2e/tfim_18_4.txt,262144,37,spmv,cusparse_csr,71.865,4.168,0.058286,1304
PREPCSV,/mnt/beegfs/ysu34/hamlib/dia_e2e/tfim_18_4.txt,262144,37,spmspm,ours_flat,2.141,0.494,1.445601,2
PREPCSV,/mnt/beegfs/ysu34/hamlib/dia_e2e/tfim_18_4.txt,262144,37,spmspm,hm_atomic,58.658,3.969,2.994401,21
PREPCSV,/mnt/beegfs/ysu34/hamlib/dia_e2e/tfim_18_4.txt,262144,37,spmspm,ours_sym,0.857,2.820,-1.000000,-1
PREPCSV,/mnt/beegfs/ysu34/hamlib/dia_e2e/tfim_18_4.txt,262144,37,spmspm,ours_sym,0.857,2.820,0.672993,5
PREPCSV,/mnt/beegfs/ysu34/hamlib/dia_e2e/tfim_18_5.txt,262144,37,spmv,didx,44.440,2.483,0.022036,2129
PREPCSV,/mnt/beegfs/ysu34/hamlib/dia_e2e/tfim_18_5.txt,262144,37,spmv,didx_sym,11.644,3.473,0.015790,957
PREPCSV,/mnt/beegfs/ysu34/hamlib/dia_e2e/tfim_18_5.txt,262144,37,spmv,gopt,25.430,2.716,0.025518,1103
PREPCSV,/mnt/beegfs/ysu34/hamlib/dia_e2e/tfim_18_5.txt,262144,37,spmv,cusparse_csr,74.604,4.189,0.057774,1364
PREPCSV,/mnt/beegfs/ysu34/hamlib/dia_e2e/tfim_18_5.txt,262144,37,spmspm,ours_flat,2.146,0.485,1.445724,2
PREPCSV,/mnt/beegfs/ysu34/hamlib/dia_e2e/tfim_18_5.txt,262144,37,spmspm,hm_atomic,59.210,4.040,2.994750,21
PREPCSV,/mnt/beegfs/ysu34/hamlib/dia_e2e/tfim_18_5.txt,262144,37,spmspm,ours_sym,0.859,2.707,-1.000000,-1
PREPCSV,/mnt/beegfs/ysu34/hamlib/dia_e2e/tfim_18_5.txt,262144,37,spmspm,ours_sym,0.859,2.707,0.672809,5
PREPCSV,/mnt/beegfs/ysu34/hamlib/dia_e2e/tfim_20_5.txt,1048576,41,spmv,didx,217.339,8.595,0.106516,2121
PREPCSV,/mnt/beegfs/ysu34/hamlib/dia_e2e/tfim_20_5.txt,1048576,41,spmv,didx_sym,66.709,13.560,0.076104,1055
PREPCSV,/mnt/beegfs/ysu34/hamlib/dia_e2e/tfim_20_5.txt,1048576,41,spmv,gopt,131.432,9.695,0.097403,1449
PREPCSV,/mnt/beegfs/ysu34/hamlib/dia_e2e/tfim_20_5.txt,1048576,41,spmv,cusparse_csr,342.664,13.828,0.166789,2137
PREPCSV,/mnt/beegfs/ysu34/hamlib/dia_e2e/tfim_20_5.txt,1048576,41,spmspm,ours_flat,8.410,0.982,7.354286,1
PREPCSV,/mnt/beegfs/ysu34/hamlib/dia_e2e/tfim_20_5.txt,1048576,41,spmspm,hm_atomic,290.114,13.605,14.976758,20
PREPCSV,/mnt/beegfs/ysu34/hamlib/dia_e2e/tfim_20_5.txt,1048576,41,spmspm,ours_sym,4.102,4.371,-1.000000,-1
PREPCSV,/mnt/beegfs/ysu34/hamlib/dia_e2e/tfim_20_5.txt,1048576,41,spmspm,ours_sym,4.102,4.371,3.691991,2
PREPCSV,/mnt/beegfs/ysu34/hamlib/dia_e2e/tsp_18_4.txt,262144,1,spmv,didx,1.841,0.430,0.004854,468
PREPCSV,/mnt/beegfs/ysu34/hamlib/dia_e2e/tsp_18_4.txt,262144,1,spmv,didx_sym,1.119,0.458,0.005018,314
PREPCSV,/mnt/beegfs/ysu34/hamlib/dia_e2e/tsp_18_4.txt,262144,1,spmv,gopt,0.892,0.229,0.004465,251
PREPCSV,/mnt/beegfs/ysu34/hamlib/dia_e2e/tsp_18_4.txt,262144,1,spmv,cusparse_csr,2.025,0.833,0.022467,127
PREPCSV,/mnt/beegfs/ysu34/hamlib/dia_e2e/tsp_18_4.txt,262144,1,spmspm,ours_flat,0.515,0.119,0.005530,115
PREPCSV,/mnt/beegfs/ysu34/hamlib/dia_e2e/tsp_18_4.txt,262144,1,spmspm,hm_atomic,1.077,0.440,0.008417,180
PREPCSV,/mnt/beegfs/ysu34/hamlib/dia_e2e/tsp_18_4.txt,262144,1,spmspm,ours_sym,0.277,0.115,-1.000000,-1
PREPCSV,/mnt/beegfs/ysu34/hamlib/dia_e2e/tsp_18_4.txt,262144,1,spmspm,ours_sym,0.277,0.115,0.005530,71
PREPCSV,/mnt/beegfs/ysu34/hamlib/dia_e2e/vibbf3_18_3.txt,262144,12,spmv,didx,6.878,0.873,0.007414,1045
PREPCSV,/mnt/beegfs/ysu34/hamlib/dia_e2e/vibbf3_18_3.txt,262144,12,spmv,didx_sym,3.839,1.358,0.008417,617
PREPCSV,/mnt/beegfs/ysu34/hamlib/dia_e2e/vibbf3_18_3.txt,262144,12,spmv,gopt,7.554,0.967,0.007639,1115
PREPCSV,/mnt/beegfs/ysu34/hamlib/dia_e2e/vibbf3_18_3.txt,262144,12,spmv,cusparse_csr,7.325,1.453,0.025047,350
PREPCSV,/mnt/beegfs/ysu34/hamlib/dia_e2e/vibbf3_18_3.txt,262144,12,spmspm,ours_flat,0.692,0.250,0.145408,6
PREPCSV,/mnt/beegfs/ysu34/hamlib/dia_e2e/vibbf3_18_3.txt,262144,12,spmspm,hm_atomic,9.034,2.139,0.241029,46
PREPCSV,/mnt/beegfs/ysu34/hamlib/dia_e2e/vibbf3_18_3.txt,262144,12,spmspm,ours_sym,0.366,1.375,-1.000000,-1
PREPCSV,/mnt/beegfs/ysu34/hamlib/dia_e2e/vibbf3_18_3.txt,262144,12,spmspm,ours_sym,0.366,1.375,0.070513,25
PREPCSV,/mnt/beegfs/ysu34/hamlib/dia_suitesparse/atmosmodd.txt,1270432,7,spmv,didx,36.167,4.357,0.047923,846
PREPCSV,/mnt/beegfs/ysu34/hamlib/dia_suitesparse/atmosmodd.txt,1270432,7,spmv,gopt,28.412,2.965,0.036352,863
PREPCSV,/mnt/beegfs/ysu34/hamlib/dia_suitesparse/atmosmodd.txt,1270432,7,spmv,cusparse_csr,29.943,7.052,0.084296,439
PREPCSV,/mnt/beegfs/ysu34/hamlib/dia_suitesparse/atmosmodd.txt,1270432,7,spmspm,ours_flat,2.740,0.410,0.300442,10
PREPCSV,/mnt/beegfs/ysu34/hamlib/dia_suitesparse/atmosmodd.txt,1270432,7,spmspm,hm_atomic,22.681,4.264,0.585789,46
PREPCSV,/mnt/beegfs/ysu34/hamlib/dia_suitesparse/atmosmodd.txt,1270432,7,spmspm,ours_sym,1.722,1.901,-1.000000,-1
PREPCSV,/mnt/beegfs/ysu34/hamlib/dia_suitesparse/atmosmodd.txt,1270432,7,spmspm,ours_sym,1.722,1.901,0.156897,23
PREPCSV,/mnt/beegfs/ysu34/hamlib/dia_suitesparse/ecology2.txt,999999,7,spmv,didx,21.274,2.900,0.029942,807
PREPCSV,/mnt/beegfs/ysu34/hamlib/dia_suitesparse/ecology2.txt,999999,7,spmv,didx_sym,13.969,3.137,0.023020,743
PREPCSV,/mnt/beegfs/ysu34/hamlib/dia_suitesparse/ecology2.txt,999999,7,spmv,gopt,17.116,1.898,0.015012,1267
PREPCSV,/mnt/beegfs/ysu34/hamlib/dia_suitesparse/ecology2.txt,999999,7,spmv,cusparse_csr,19.984,4.373,0.059310,411
PREPCSV,/mnt/beegfs/ysu34/hamlib/dia_suitesparse/ecology2.txt,999999,7,spmspm,ours_flat,2.123,0.383,0.211026,12
PREPCSV,/mnt/beegfs/ysu34/hamlib/dia_suitesparse/ecology2.txt,999999,7,spmspm,hm_atomic,13.627,3.836,0.450539,39
PREPCSV,/mnt/beegfs/ysu34/hamlib/dia_suitesparse/ecology2.txt,999999,7,spmspm,ours_sym,1.352,1.301,-1.000000,-1
PREPCSV,/mnt/beegfs/ysu34/hamlib/dia_suitesparse/ecology2.txt,999999,7,spmspm,ours_sym,1.352,1.301,0.109773,24
PREPCSV,/mnt/beegfs/ysu34/hamlib/dia_suitesparse/Lin.txt,256000,7,spmv,didx,6.944,1.097,0.008110,991
PREPCSV,/mnt/beegfs/ysu34/hamlib/dia_suitesparse/Lin.txt,256000,7,spmv,didx_sym,3.458,0.997,0.007885,565
PREPCSV,/mnt/beegfs/ysu34/hamlib/dia_suitesparse/Lin.txt,256000,7,spmv,gopt,5.986,0.775,0.007250,933
PREPCSV,/mnt/beegfs/ysu34/hamlib/dia_suitesparse/Lin.txt,256000,7,spmv,cusparse_csr,6.051,2.010,0.030659,263
PREPCSV,/mnt/beegfs/ysu34/hamlib/dia_suitesparse/Lin.txt,256000,7,spmspm,ours_flat,0.561,0.219,0.050995,15
PREPCSV,/mnt/beegfs/ysu34/hamlib/dia_suitesparse/Lin.txt,256000,7,spmspm,hm_atomic,3.877,1.452,0.073769,72
PREPCSV,/mnt/beegfs/ysu34/hamlib/dia_suitesparse/Lin.txt,256000,7,spmspm,ours_sym,0.334,0.542,-1.000000,-1
PREPCSV,/mnt/beegfs/ysu34/hamlib/dia_suitesparse/Lin.txt,256000,7,spmspm,ours_sym,0.334,0.542,0.025395,34
PREPCSV,/mnt/beegfs/ysu34/hamlib/dia_e2e/BH_20_7.txt,1048576,127,spmv,didx,477.771,9.715,0.153641,3173
PREPCSV,/mnt/beegfs/ysu34/hamlib/dia_e2e/BH_20_7.txt,1048576,127,spmv,didx_sym,193.434,36.041,0.141599,1621
PREPCSV,/mnt/beegfs/ysu34/hamlib/dia_e2e/BH_20_7.txt,1048576,127,spmv,gopt,403.245,22.300,0.226181,1881
PREPCSV,/mnt/beegfs/ysu34/hamlib/dia_e2e/BH_20_7.txt,1048576,127,spmv,cusparse_csr,724.143,15.904,0.197448,3748
PREPCSV,/mnt/beegfs/ysu34/hamlib/dia_e2e/BH_20_7.txt,1048576,127,spmspm,ours_flat,68.266,4.673,69.814972,1
PREPCSV,/mnt/beegfs/ysu34/hamlib/dia_e2e/BH_20_7.txt,1048576,127,spmspm,ours_sym,25.028,16.476,-1.000000,-1
PREPCSV,/mnt/beegfs/ysu34/hamlib/dia_e2e/BH_20_7.txt,1048576,127,spmspm,ours_sym,25.028,16.476,34.776005,1
PREPCSV,/mnt/beegfs/ysu34/hamlib/dia_e2e/bhc_16_7.txt,65536,99,spmv,didx,14.407,0.789,0.010015,1517
PREPCSV,/mnt/beegfs/ysu34/hamlib/dia_e2e/bhc_16_7.txt,65536,99,spmv,didx_sym,7.254,2.247,0.009687,981
PREPCSV,/mnt/beegfs/ysu34/hamlib/dia_e2e/bhc_16_7.txt,65536,99,spmv,gopt,17.949,1.707,0.025600,768
PREPCSV,/mnt/beegfs/ysu34/hamlib/dia_e2e/bhc_16_7.txt,65536,99,spmv,cusparse_csr,27.193,1.437,0.029983,955
PREPCSV,/mnt/beegfs/ysu34/hamlib/dia_e2e/bhc_16_7.txt,65536,99,spmspm,ours_flat,8.069,0.558,2.212332,4
PREPCSV,/mnt/beegfs/ysu34/hamlib/dia_e2e/bhc_16_7.txt,65536,99,spmspm,hm_atomic,65.834,3.012,3.942236,17
PREPCSV,/mnt/beegfs/ysu34/hamlib/dia_e2e/bhc_16_7.txt,65536,99,spmspm,ours_sym,0.967,3.691,-1.000000,-1
PREPCSV,/mnt/beegfs/ysu34/hamlib/dia_e2e/bhc_16_7.txt,65536,99,spmspm,ours_sym,0.967,3.691,0.950252,5
PREPCSV,/mnt/beegfs/ysu34/hamlib/dia_e2e/bhc_18_7.txt,262144,112,spmv,didx,91.154,2.768,0.032932,2852
PREPCSV,/mnt/beegfs/ysu34/hamlib/dia_e2e/bhc_18_7.txt,262144,112,spmv,didx_sym,34.054,8.790,0.033260,1288
PREPCSV,/mnt/beegfs/ysu34/hamlib/dia_e2e/bhc_18_7.txt,262144,112,spmv,gopt,78.347,5.781,0.068874,1221
PREPCSV,/mnt/beegfs/ysu34/hamlib/dia_e2e/bhc_18_7.txt,262144,112,spmv,cusparse_csr,135.061,4.620,0.063078,2214
PREPCSV,/mnt/beegfs/ysu34/hamlib/dia_e2e/bhc_18_7.txt,262144,112,spmspm,ours_flat,18.937,1.178,12.836638,2
PREPCSV,/mnt/beegfs/ysu34/hamlib/dia_e2e/bhc_18_7.txt,262144,112,spmspm,hm_atomic,373.204,10.205,26.822573,14
PREPCSV,/mnt/beegfs/ysu34/hamlib/dia_e2e/bhc_18_7.txt,262144,112,spmspm,ours_sym,4.216,6.489,-1.000000,-1
PREPCSV,/mnt/beegfs/ysu34/hamlib/dia_e2e/bhc_18_7.txt,262144,112,spmspm,ours_sym,4.216,6.489,6.082929,2
PREPCSV,/mnt/beegfs/ysu34/hamlib/dia_e2e/bhD1_18_7.txt,262144,112,spmv,didx,91.180,2.736,0.032666,2875
PREPCSV,/mnt/beegfs/ysu34/hamlib/dia_e2e/bhD1_18_7.txt,262144,112,spmv,didx_sym,33.995,8.807,0.033137,1292
PREPCSV,/mnt/beegfs/ysu34/hamlib/dia_e2e/bhD1_18_7.txt,262144,112,spmv,gopt,86.121,5.760,0.070246,1308
PREPCSV,/mnt/beegfs/ysu34/hamlib/dia_e2e/bhD1_18_7.txt,262144,112,spmv,cusparse_csr,135.752,4.583,0.063468,2211
PREPCSV,/mnt/beegfs/ysu34/hamlib/dia_e2e/bhD1_18_7.txt,262144,112,spmspm,ours_flat,18.926,1.179,12.836269,2
PREPCSV,/mnt/beegfs/ysu34/hamlib/dia_e2e/bhD1_18_7.txt,262144,112,spmspm,hm_atomic,373.242,10.164,26.820854,14
PREPCSV,/mnt/beegfs/ysu34/hamlib/dia_e2e/bhD1_18_7.txt,262144,112,spmspm,ours_sym,4.222,6.497,-1.000000,-1
PREPCSV,/mnt/beegfs/ysu34/hamlib/dia_e2e/bhD1_18_7.txt,262144,112,spmspm,ours_sym,4.222,6.497,6.082417,2
PREPCSV,/mnt/beegfs/ysu34/hamlib/dia_e2e/C2c_18_4.txt,262144,9971,spmv,didx,3185.236,12.956,1.292841,2474
PREPCSV,/mnt/beegfs/ysu34/hamlib/dia_e2e/C2c_18_4.txt,262144,9971,spmv,gopt,3384.637,109.166,1.784136,1958
PREPCSV,/mnt/beegfs/ysu34/hamlib/dia_e2e/C2c_18_4.txt,262144,9971,spmv,cusparse_csr,8376.365,18.083,0.219812,38189
PREPCSV,/mnt/beegfs/ysu34/hamlib/dia_e2e/fermi_16_5.txt,65536,29,spmv,didx,4.347,0.428,0.006103,782
PREPCSV,/mnt/beegfs/ysu34/hamlib/dia_e2e/fermi_16_5.txt,65536,29,spmv,didx_sym,2.237,0.687,0.006185,473
PREPCSV,/mnt/beegfs/ysu34/hamlib/dia_e2e/fermi_16_5.txt,65536,29,spmv,gopt,5.553,0.664,0.010138,613
PREPCSV,/mnt/beegfs/ysu34/hamlib/dia_e2e/fermi_16_5.txt,65536,29,spmv,cusparse_csr,10.287,0.977,0.020623,546
PREPCSV,/mnt/beegfs/ysu34/hamlib/dia_e2e/fermi_16_5.txt,65536,29,spmspm,ours_flat,0.578,0.249,0.186552,4
PREPCSV,/mnt/beegfs/ysu34/hamlib/dia_e2e/fermi_16_5.txt,65536,29,spmspm,hm_atomic,9.331,1.421,0.326717,33
PREPCSV,/mnt/beegfs/ysu34/hamlib/dia_e2e/fermi_16_5.txt,65536,29,spmspm,ours_sym,0.173,2.020,-1.000000,-1
PREPCSV,/mnt/beegfs/ysu34/hamlib/dia_e2e/fermi_16_5.txt,65536,29,spmspm,ours_sym,0.173,2.020,0.094310,23
PREPCSV,/mnt/beegfs/ysu34/hamlib/dia_e2e/fermi_18_5.txt,262144,33,spmv,didx,17.006,1.310,0.012124,1511
PREPCSV,/mnt/beegfs/ysu34/hamlib/dia_e2e/fermi_18_5.txt,262144,33,spmv,didx_sym,9.636,3.102,0.011878,1072
PREPCSV,/mnt/beegfs/ysu34/hamlib/dia_e2e/fermi_18_5.txt,262144,33,spmv,gopt,21.001,2.158,0.013496,1716
PREPCSV,/mnt/beegfs/ysu34/hamlib/dia_e2e/fermi_18_5.txt,262144,33,spmv,cusparse_csr,44.067,2.440,0.035840,1298
PREPCSV,/mnt/beegfs/ysu34/hamlib/dia_e2e/fermi_18_5.txt,262144,33,spmspm,ours_flat,1.753,0.457,1.194557,2
PREPCSV,/mnt/beegfs/ysu34/hamlib/dia_e2e/fermi_18_5.txt,262144,33,spmspm,hm_atomic,49.876,3.772,2.511073,21
PREPCSV,/mnt/beegfs/ysu34/hamlib/dia_e2e/fermi_18_5.txt,262144,33,spmspm,ours_sym,0.741,3.118,-1.000000,-1
PREPCSV,/mnt/beegfs/ysu34/hamlib/dia_e2e/fermi_18_5.txt,262144,33,spmspm,ours_sym,0.741,3.118,0.558223,7
PREPCSV,/mnt/beegfs/ysu34/hamlib/dia_e2e/fermi_20_5.txt,1048576,37,spmv,didx,119.344,4.862,0.056402,2202
PREPCSV,/mnt/beegfs/ysu34/hamlib/dia_e2e/fermi_20_5.txt,1048576,37,spmv,didx_sym,45.633,11.855,0.053268,1079
PREPCSV,/mnt/beegfs/ysu34/hamlib/dia_e2e/fermi_20_5.txt,1048576,37,spmv,gopt,100.177,7.276,0.078295,1372
PREPCSV,/mnt/beegfs/ysu34/hamlib/dia_e2e/fermi_20_5.txt,1048576,37,spmv,cusparse_csr,199.992,7.792,0.087962,2362
PREPCSV,/mnt/beegfs/ysu34/hamlib/dia_e2e/fermi_20_5.txt,1048576,37,spmspm,ours_flat,7.511,0.890,6.220472,1
PREPCSV,/mnt/beegfs/ysu34/hamlib/dia_e2e/fermi_20_5.txt,1048576,37,spmspm,hm_atomic,250.573,12.821,12.749393,21
PREPCSV,/mnt/beegfs/ysu34/hamlib/dia_e2e/fermi_20_5.txt,1048576,37,spmspm,ours_sym,3.675,4.527,-1.000000,-1
PREPCSV,/mnt/beegfs/ysu34/hamlib/dia_e2e/fermi_20_5.txt,1048576,37,spmspm,ours_sym,3.675,4.527,3.131187,3
PREPCSV,/mnt/beegfs/ysu34/hamlib/dia_e2e/fermiFH_18_4.txt,262144,64,spmv,didx,31.770,1.256,0.011715,2819
PREPCSV,/mnt/beegfs/ysu34/hamlib/dia_e2e/fermiFH_18_4.txt,262144,64,spmv,didx_sym,17.191,4.990,0.011633,1907
PREPCSV,/mnt/beegfs/ysu34/hamlib/dia_e2e/fermiFH_18_4.txt,262144,64,spmv,gopt,37.624,2.847,0.034181,1184
PREPCSV,/mnt/beegfs/ysu34/hamlib/dia_e2e/fermiFH_18_4.txt,262144,64,spmv,cusparse_csr,52.330,2.197,0.034632,1574
PREPCSV,/mnt/beegfs/ysu34/hamlib/dia_e2e/fermiFH_18_4.txt,262144,64,spmspm,ours_flat,5.534,0.692,4.394578,1
PREPCSV,/mnt/beegfs/ysu34/hamlib/dia_e2e/fermiFH_18_4.txt,262144,64,spmspm,hm_atomic,150.922,6.142,9.159352,17
PREPCSV,/mnt/beegfs/ysu34/hamlib/dia_e2e/fermiFH_18_4.txt,262144,64,spmspm,ours_sym,1.881,4.081,-1.000000,-1
PREPCSV,/mnt/beegfs/ysu34/hamlib/dia_e2e/fermiFH_18_4.txt,262144,64,spmspm,ours_sym,1.881,4.081,2.086687,3
PREPCSV,/mnt/beegfs/ysu34/hamlib/dia_e2e/H8c_16_4.txt,65536,8887,spmv,didx,646.743,5.305,0.624312,1044
PREPCSV,/mnt/beegfs/ysu34/hamlib/dia_e2e/H8c_16_4.txt,65536,8887,spmv,gopt,772.554,38.354,1.680916,482
PREPCSV,/mnt/beegfs/ysu34/hamlib/dia_e2e/H8c_16_4.txt,65536,8887,spmv,cusparse_csr,1556.291,7.254,0.092119,16973
PREPCSV,/mnt/beegfs/ysu34/hamlib/dia_e2e/H8c_16_4.txt,65536,8887,spmspm,ours_flat,12020.419,158.438,13120.019531,1
PREPCSV,/mnt/beegfs/ysu34/hamlib/dia_e2e/H8c_16_4.txt,65536,8887,spmspm,ours_sym,1170.430,83.730,-1.000000,-1
PREPCSV,/mnt/beegfs/ysu34/hamlib/dia_e2e/H8c_16_4.txt,65536,8887,spmspm,ours_sym,1170.430,83.730,6684.989258,0
PREPCSV,/mnt/beegfs/ysu34/hamlib/dia_e2e/heis_16_5.txt,65536,31,spmv,didx,4.180,5.409,0.006267,1530
PREPCSV,/mnt/beegfs/ysu34/hamlib/dia_e2e/heis_16_5.txt,65536,31,spmv,didx_sym,2.233,7.238,0.006390,1482
PREPCSV,/mnt/beegfs/ysu34/hamlib/dia_e2e/heis_16_5.txt,65536,31,spmv,gopt,5.916,4.431,0.010834,955
PREPCSV,/mnt/beegfs/ysu34/hamlib/dia_e2e/heis_16_5.txt,65536,31,spmv,cusparse_csr,11.039,4.321,0.021688,708
PREPCSV,/mnt/beegfs/ysu34/hamlib/dia_e2e/heis_16_5.txt,65536,31,spmspm,ours_flat,0.583,2.608,0.214610,15
PREPCSV,/mnt/beegfs/ysu34/hamlib/dia_e2e/heis_16_5.txt,65536,31,spmspm,hm_atomic,10.853,1.580,0.379167,33
PREPCSV,/mnt/beegfs/ysu34/hamlib/dia_e2e/heis_16_5.txt,65536,31,spmspm,ours_sym,0.183,2.151,-1.000000,-1
PREPCSV,/mnt/beegfs/ysu34/hamlib/dia_e2e/heis_16_5.txt,65536,31,spmspm,ours_sym,0.183,2.151,0.106455,22
PREPCSV,/mnt/beegfs/ysu34/hamlib/dia_e2e/heis_18_5.txt,262144,35,spmv,didx,20.335,1.411,0.012329,1764
PREPCSV,/mnt/beegfs/ysu34/hamlib/dia_e2e/heis_18_5.txt,262144,35,spmv,didx_sym,10.225,3.246,0.012104,1113
PREPCSV,/mnt/beegfs/ysu34/hamlib/dia_e2e/heis_18_5.txt,262144,35,spmv,gopt,25.120,2.297,0.016036,1710
PREPCSV,/mnt/beegfs/ysu34/hamlib/dia_e2e/heis_18_5.txt,262144,35,spmv,cusparse_csr,58.444,2.482,0.035901,1697
PREPCSV,/mnt/beegfs/ysu34/hamlib/dia_e2e/heis_18_5.txt,262144,35,spmspm,ours_flat,1.940,0.496,1.348608,2
PREPCSV,/mnt/beegfs/ysu34/hamlib/dia_e2e/heis_18_5.txt,262144,35,spmspm,hm_atomic,55.442,3.943,2.834391,21
PREPCSV,/mnt/beegfs/ysu34/hamlib/dia_e2e/heis_18_5.txt,262144,35,spmspm,ours_sym,0.800,2.957,-1.000000,-1
PREPCSV,/mnt/beegfs/ysu34/hamlib/dia_e2e/heis_18_5.txt,262144,35,spmspm,ours_sym,0.800,2.957,0.630272,6
PREPCSV,/mnt/beegfs/ysu34/hamlib/dia_e2e/heis_20_5.txt,1048576,39,spmv,didx,125.629,5.045,0.058102,2249
PREPCSV,/mnt/beegfs/ysu34/hamlib/dia_e2e/heis_20_5.txt,1048576,39,spmv,didx_sym,48.183,12.453,0.054723,1108
PREPCSV,/mnt/beegfs/ysu34/hamlib/dia_e2e/heis_20_5.txt,1048576,39,spmv,gopt,98.431,7.437,0.080445,1316
PREPCSV,/mnt/beegfs/ysu34/hamlib/dia_e2e/heis_20_5.txt,1048576,39,spmv,cusparse_csr,283.026,8.089,0.090092,3231
PREPCSV,/mnt/beegfs/ysu34/hamlib/dia_e2e/heis_20_5.txt,1048576,39,spmspm,ours_flat,8.047,0.920,6.925947,1
PREPCSV,/mnt/beegfs/ysu34/hamlib/dia_e2e/heis_20_5.txt,1048576,39,spmspm,hm_atomic,275.597,13.810,14.228643,20
PREPCSV,/mnt/beegfs/ysu34/hamlib/dia_e2e/heis_20_5.txt,1048576,39,spmspm,ours_sym,3.933,3.811,-1.000000,-1
PREPCSV,/mnt/beegfs/ysu34/hamlib/dia_e2e/heis_20_5.txt,1048576,39,spmspm,ours_sym,3.933,3.811,3.478753,2
PREPCSV,/mnt/beegfs/ysu34/hamlib/dia_e2e/heis_20_6.txt,1048576,39,spmv,didx,125.762,5.033,0.058266,2245
PREPCSV,/mnt/beegfs/ysu34/hamlib/dia_e2e/heis_20_6.txt,1048576,39,spmv,didx_sym,47.876,12.475,0.054784,1102
PREPCSV,/mnt/beegfs/ysu34/hamlib/dia_e2e/heis_20_6.txt,1048576,39,spmv,gopt,111.936,7.428,0.080323,1486
PREPCSV,/mnt/beegfs/ysu34/hamlib/dia_e2e/heis_20_6.txt,1048576,39,spmv,cusparse_csr,284.583,8.074,0.090214,3244
PREPCSV,/mnt/beegfs/ysu34/hamlib/dia_e2e/heis_20_6.txt,1048576,39,spmspm,ours_flat,8.030,0.896,6.926295,1
PREPCSV,/mnt/beegfs/ysu34/hamlib/dia_e2e/heis_20_6.txt,1048576,39,spmspm,hm_atomic,275.708,13.804,14.232985,20
PREPCSV,/mnt/beegfs/ysu34/hamlib/dia_e2e/heis_20_6.txt,1048576,39,spmspm,ours_sym,3.909,3.816,-1.000000,-1
PREPCSV,/mnt/beegfs/ysu34/hamlib/dia_e2e/heis_20_6.txt,1048576,39,spmspm,ours_sym,3.909,3.816,3.478590,2
PREPCSV,/mnt/beegfs/ysu34/hamlib/dia_e2e/maxcut_16_5.txt,65536,1,spmv,didx,0.381,0.088,0.003686,127
PREPCSV,/mnt/beegfs/ysu34/hamlib/dia_e2e/maxcut_16_5.txt,65536,1,spmv,didx_sym,0.353,0.107,0.003768,122
PREPCSV,/mnt/beegfs/ysu34/hamlib/dia_e2e/maxcut_16_5.txt,65536,1,spmv,gopt,0.146,0.076,0.003748,59
PREPCSV,/mnt/beegfs/ysu34/hamlib/dia_e2e/maxcut_16_5.txt,65536,1,spmv,cusparse_csr,0.397,0.457,0.021934,39
PREPCSV,/mnt/beegfs/ysu34/hamlib/dia_e2e/maxcut_16_5.txt,65536,1,spmspm,ours_flat,0.128,0.043,0.005059,34
PREPCSV,/mnt/beegfs/ysu34/hamlib/dia_e2e/maxcut_16_5.txt,65536,1,spmspm,hm_atomic,0.320,0.153,0.006738,70
PREPCSV,/mnt/beegfs/ysu34/hamlib/dia_e2e/maxcut_16_5.txt,65536,1,spmspm,ours_sym,0.073,0.042,-1.000000,-1
PREPCSV,/mnt/beegfs/ysu34/hamlib/dia_e2e/maxcut_16_5.txt,65536,1,spmspm,ours_sym,0.073,0.042,0.005038,23
PREPCSV,/mnt/beegfs/ysu34/hamlib/dia_e2e/maxcut_18_5.txt,262144,1,spmv,didx,1.864,0.431,0.004731,485
PREPCSV,/mnt/beegfs/ysu34/hamlib/dia_e2e/maxcut_18_5.txt,262144,1,spmv,didx_sym,1.154,0.435,0.004895,325
PREPCSV,/mnt/beegfs/ysu34/hamlib/dia_e2e/maxcut_18_5.txt,262144,1,spmv,gopt,0.868,0.235,0.004444,248
PREPCSV,/mnt/beegfs/ysu34/hamlib/dia_e2e/maxcut_18_5.txt,262144,1,spmv,cusparse_csr,2.092,0.809,0.021893,133
PREPCSV,/mnt/beegfs/ysu34/hamlib/dia_e2e/maxcut_18_5.txt,262144,1,spmspm,ours_flat,0.507,0.112,0.005530,112
PREPCSV,/mnt/beegfs/ysu34/hamlib/dia_e2e/maxcut_18_5.txt,262144,1,spmspm,hm_atomic,1.107,0.439,0.008233,188
PREPCSV,/mnt/beegfs/ysu34/hamlib/dia_e2e/maxcut_18_5.txt,262144,1,spmspm,ours_sym,0.311,0.128,-1.000000,-1
PREPCSV,/mnt/beegfs/ysu34/hamlib/dia_e2e/maxcut_18_5.txt,262144,1,spmspm,ours_sym,0.311,0.128,0.005550,79
PREPCSV,/mnt/beegfs/ysu34/hamlib/dia_e2e/maxcut_20_5.txt,1048576,1,spmv,didx,4.760,0.910,0.008438,672
PREPCSV,/mnt/beegfs/ysu34/hamlib/dia_e2e/maxcut_20_5.txt,1048576,1,spmv,didx_sym,5.337,0.978,0.008827,715
PREPCSV,/mnt/beegfs/ysu34/hamlib/dia_e2e/maxcut_20_5.txt,1048576,1,spmv,gopt,2.439,0.394,0.006533,434
PREPCSV,/mnt/beegfs/ysu34/hamlib/dia_e2e/maxcut_20_5.txt,1048576,1,spmv,cusparse_csr,5.224,1.631,0.037949,181
PREPCSV,/mnt/beegfs/ysu34/hamlib/dia_e2e/maxcut_20_5.txt,1048576,1,spmspm,ours_flat,2.109,0.182,0.009073,252
PREPCSV,/mnt/beegfs/ysu34/hamlib/dia_e2e/maxcut_20_5.txt,1048576,1,spmspm,hm_atomic,5.563,1.412,0.014295,488
PREPCSV,/mnt/beegfs/ysu34/hamlib/dia_e2e/maxcut_20_5.txt,1048576,1,spmspm,ours_sym,1.297,0.213,-1.000000,-1
PREPCSV,/mnt/beegfs/ysu34/hamlib/dia_e2e/maxcut_20_5.txt,1048576,1,spmspm,ours_sym,1.297,0.213,0.009073,166
PREPCSV,/mnt/beegfs/ysu34/hamlib/dia_e2e/O2c_16_5.txt,65536,1243,spmv,didx,123.603,2.638,0.084480,1494
PREPCSV,/mnt/beegfs/ysu34/hamlib/dia_e2e/O2c_16_5.txt,65536,1243,spmv,gopt,152.978,8.833,0.356352,454
PREPCSV,/mnt/beegfs/ysu34/hamlib/dia_e2e/O2c_16_5.txt,65536,1243,spmv,cusparse_csr,331.188,3.733,0.053678,6239
PREPCSV,/mnt/beegfs/ysu34/hamlib/dia_e2e/O2c_16_5.txt,65536,1243,spmspm,ours_flat,2321.827,7.712,283.601471,8
PREPCSV,/mnt/beegfs/ysu34/hamlib/dia_e2e/O2c_16_5.txt,65536,1243,spmspm,ours_sym,98.770,28.891,-1.000000,-1
PREPCSV,/mnt/beegfs/ysu34/hamlib/dia_e2e/O2c_16_5.txt,65536,1243,spmspm,ours_sym,98.770,28.891,133.648483,1
PREPCSV,/mnt/beegfs/ysu34/hamlib/dia_e2e/O2c_20_5.txt,1048576,3359,spmv,didx,7254.751,83.855,4.752241,1544
PREPCSV,/mnt/beegfs/ysu34/hamlib/dia_e2e/O2c_20_5.txt,1048576,3359,spmv,gopt,5742.024,265.542,2.851635,2107
PREPCSV,/mnt/beegfs/ysu34/hamlib/dia_e2e/O2c_20_5.txt,1048576,3359,spmv,cusparse_csr_64i,20325.180,168.610,1.855529,11045
PREPCSV,/mnt/beegfs/ysu34/hamlib/dia_e2e/qmaxcut_16_4.txt,65536,31,spmv,didx,3.350,0.417,0.006267,601
PREPCSV,/mnt/beegfs/ysu34/hamlib/dia_e2e/qmaxcut_16_4.txt,65536,31,spmv,didx_sym,1.535,0.517,0.006758,303
PREPCSV,/mnt/beegfs/ysu34/hamlib/dia_e2e/qmaxcut_16_4.txt,65536,31,spmv,gopt,3.290,0.441,0.008212,454
PREPCSV,/mnt/beegfs/ysu34/hamlib/dia_e2e/qmaxcut_16_4.txt,65536,31,spmv,cusparse_csr,8.916,0.879,0.021094,464
PREPCSV,/mnt/beegfs/ysu34/hamlib/dia_e2e/qmaxcut_16_4.txt,65536,31,spmspm,ours_flat,0.511,0.212,0.106865,7
PREPCSV,/mnt/beegfs/ysu34/hamlib/dia_e2e/qmaxcut_16_4.txt,65536,31,spmspm,hm_atomic,7.227,1.067,0.161157,51
PREPCSV,/mnt/beegfs/ysu34/hamlib/dia_e2e/qmaxcut_16_4.txt,65536,31,spmspm,ours_sym,0.158,1.267,-1.000000,-1
PREPCSV,/mnt/beegfs/ysu34/hamlib/dia_e2e/qmaxcut_16_4.txt,65536,31,spmspm,ours_sym,0.158,1.267,0.055685,26
PREPCSV,/mnt/beegfs/ysu34/hamlib/dia_e2e/qmaxcut_18_4.txt,262144,35,spmv,didx,13.389,1.411,0.012595,1175
PREPCSV,/mnt/beegfs/ysu34/hamlib/dia_e2e/qmaxcut_18_4.txt,262144,35,spmv,didx_sym,6.431,2.162,0.012677,678
PREPCSV,/mnt/beegfs/ysu34/hamlib/dia_e2e/qmaxcut_18_4.txt,262144,35,spmv,gopt,14.623,1.651,0.010465,1555
PREPCSV,/mnt/beegfs/ysu34/hamlib/dia_e2e/qmaxcut_18_4.txt,262144,35,spmv,cusparse_csr,40.340,2.518,0.037253,1150
PREPCSV,/mnt/beegfs/ysu34/hamlib/dia_e2e/qmaxcut_18_4.txt,262144,35,spmspm,ours_flat,1.544,0.402,0.537170,4
PREPCSV,/mnt/beegfs/ysu34/hamlib/dia_e2e/qmaxcut_18_4.txt,262144,35,spmspm,hm_atomic,31.876,2.775,0.811643,43
PREPCSV,/mnt/beegfs/ysu34/hamlib/dia_e2e/qmaxcut_18_4.txt,262144,35,spmspm,ours_sym,0.600,2.608,-1.000000,-1
PREPCSV,/mnt/beegfs/ysu34/hamlib/dia_e2e/qmaxcut_18_4.txt,262144,35,spmspm,ours_sym,0.600,2.608,0.271524,12
PREPCSV,/mnt/beegfs/ysu34/hamlib/dia_e2e/qmaxcut_20_4.txt,1048576,39,spmv,didx,79.889,4.859,0.061358,1381
PREPCSV,/mnt/beegfs/ysu34/hamlib/dia_e2e/qmaxcut_20_4.txt,1048576,39,spmv,didx_sym,30.669,7.968,0.062771,616
PREPCSV,/mnt/beegfs/ysu34/hamlib/dia_e2e/qmaxcut_20_4.txt,1048576,39,spmv,gopt,53.729,5.003,0.054968,1068
PREPCSV,/mnt/beegfs/ysu34/hamlib/dia_e2e/qmaxcut_20_4.txt,1048576,39,spmv,cusparse_csr,208.491,7.718,0.091382,2366
PREPCSV,/mnt/beegfs/ysu34/hamlib/dia_e2e/qmaxcut_20_4.txt,1048576,39,spmspm,ours_flat,5.739,0.723,2.824438,2
PREPCSV,/mnt/beegfs/ysu34/hamlib/dia_e2e/qmaxcut_20_4.txt,1048576,39,spmspm,hm_atomic,163.730,8.349,4.822487,36
PREPCSV,/mnt/beegfs/ysu34/hamlib/dia_e2e/qmaxcut_20_4.txt,1048576,39,spmspm,ours_sym,2.819,2.971,-1.000000,-1
PREPCSV,/mnt/beegfs/ysu34/hamlib/dia_e2e/qmaxcut_20_4.txt,1048576,39,spmspm,ours_sym,2.819,2.971,1.441301,4
PREPCSV,/mnt/beegfs/ysu34/hamlib/dia_e2e/qmaxcutC_18_4.txt,262144,73,spmv,didx,57.025,2.419,0.026235,2266
PREPCSV,/mnt/beegfs/ysu34/hamlib/dia_e2e/qmaxcutC_18_4.txt,262144,73,spmv,didx_sym,20.232,5.727,0.026214,990
PREPCSV,/mnt/beegfs/ysu34/hamlib/dia_e2e/qmaxcutC_18_4.txt,262144,73,spmv,gopt,55.601,4.022,0.046223,1290
PREPCSV,/mnt/beegfs/ysu34/hamlib/dia_e2e/qmaxcutC_18_4.txt,262144,73,spmv,cusparse_csr,109.015,4.080,0.056709,1994
PREPCSV,/mnt/beegfs/ysu34/hamlib/dia_e2e/qmaxcutC_18_4.txt,262144,73,spmspm,ours_flat,6.945,0.742,5.425746,1
PREPCSV,/mnt/beegfs/ysu34/hamlib/dia_e2e/qmaxcutC_18_4.txt,262144,73,spmspm,hm_atomic,182.307,6.718,11.378975,17
PREPCSV,/mnt/beegfs/ysu34/hamlib/dia_e2e/qmaxcutC_18_4.txt,262144,73,spmspm,ours_sym,2.186,4.154,-1.000000,-1
PREPCSV,/mnt/beegfs/ysu34/hamlib/dia_e2e/qmaxcutC_18_4.txt,262144,73,spmspm,ours_sym,2.186,4.154,2.573578,2
PREPCSV,/mnt/beegfs/ysu34/hamlib/dia_e2e/qmaxcutK_18_4.txt,262144,19,spmv,didx,11.446,1.020,0.008909,1399
PREPCSV,/mnt/beegfs/ysu34/hamlib/dia_e2e/qmaxcutK_18_4.txt,262144,19,spmv,didx_sym,5.716,2.058,0.009851,789
PREPCSV,/mnt/beegfs/ysu34/hamlib/dia_e2e/qmaxcutK_18_4.txt,262144,19,spmv,gopt,13.858,1.751,0.011960,1305
PREPCSV,/mnt/beegfs/ysu34/hamlib/dia_e2e/qmaxcutK_18_4.txt,262144,19,spmv,cusparse_csr,11.057,1.703,0.031334,407
PREPCSV,/mnt/beegfs/ysu34/hamlib/dia_e2e/qmaxcutK_18_4.txt,262144,19,spmspm,ours_flat,0.933,0.343,0.364708,3
PREPCSV,/mnt/beegfs/ysu34/hamlib/dia_e2e/qmaxcutK_18_4.txt,262144,19,spmspm,hm_atomic,16.667,2.646,0.771297,25
PREPCSV,/mnt/beegfs/ysu34/hamlib/dia_e2e/qmaxcutK_18_4.txt,262144,19,spmspm,ours_sym,0.445,3.118,-1.000000,-1
PREPCSV,/mnt/beegfs/ysu34/hamlib/dia_e2e/qmaxcutK_18_4.txt,262144,19,spmspm,ours_sym,0.445,3.118,0.175432,20
PREPCSV,/mnt/beegfs/ysu34/hamlib/dia_e2e/qmaxcutR_18_3.txt,262144,9,spmv,didx,5.209,0.699,0.006840,864
PREPCSV,/mnt/beegfs/ysu34/hamlib/dia_e2e/qmaxcutR_18_3.txt,262144,9,spmv,didx_sym,2.932,1.010,0.007864,501
PREPCSV,/mnt/beegfs/ysu34/hamlib/dia_e2e/qmaxcutR_18_3.txt,262144,9,spmv,gopt,6.581,0.638,0.006758,1068
PREPCSV,/mnt/beegfs/ysu34/hamlib/dia_e2e/qmaxcutR_18_3.txt,262144,9,spmv,cusparse_csr,5.971,1.278,0.023532,308
PREPCSV,/mnt/beegfs/ysu34/hamlib/dia_e2e/qmaxcutR_18_3.txt,262144,9,spmspm,ours_flat,0.596,0.194,0.082985,10
PREPCSV,/mnt/beegfs/ysu34/hamlib/dia_e2e/qmaxcutR_18_3.txt,262144,9,spmspm,hm_atomic,6.222,1.794,0.121098,66
PREPCSV,/mnt/beegfs/ysu34/hamlib/dia_e2e/qmaxcutR_18_3.txt,262144,9,spmspm,ours_sym,0.350,0.762,-1.000000,-1
PREPCSV,/mnt/beegfs/ysu34/hamlib/dia_e2e/qmaxcutR_18_3.txt,262144,9,spmspm,ours_sym,0.350,0.762,0.038994,29
PREPCSV,/mnt/beegfs/ysu34/hamlib/dia_e2e/tfim_16_4.txt,65536,33,spmv,didx,6.192,0.706,0.007373,936
PREPCSV,/mnt/beegfs/ysu34/hamlib/dia_e2e/tfim_16_4.txt,65536,33,spmv,didx_sym,2.568,0.878,0.006840,504
PREPCSV,/mnt/beegfs/ysu34/hamlib/dia_e2e/tfim_16_4.txt,65536,33,spmv,gopt,6.448,0.813,0.012390,586
PREPCSV,/mnt/beegfs/ysu34/hamlib/dia_e2e/tfim_16_4.txt,65536,33,spmv,cusparse_csr,14.419,1.409,0.028733,551
PREPCSV,/mnt/beegfs/ysu34/hamlib/dia_e2e/tfim_16_4.txt,65536,33,spmspm,ours_flat,0.666,0.223,0.228639,4
PREPCSV,/mnt/beegfs/ysu34/hamlib/dia_e2e/tfim_16_4.txt,65536,33,spmspm,hm_atomic,11.536,1.418,0.413655,31
PREPCSV,/mnt/beegfs/ysu34/hamlib/dia_e2e/tfim_16_4.txt,65536,33,spmspm,ours_sym,0.192,2.208,-1.000000,-1
PREPCSV,/mnt/beegfs/ysu34/hamlib/dia_e2e/tfim_16_4.txt,65536,33,spmspm,ours_sym,0.192,2.208,0.114647,21
PREPCSV,/mnt/beegfs/ysu34/hamlib/dia_e2e/tfim_16_5.txt,65536,33,spmv,didx,6.149,0.731,0.007414,928
PREPCSV,/mnt/beegfs/ysu34/hamlib/dia_e2e/tfim_16_5.txt,65536,33,spmv,didx_sym,2.586,0.882,0.006861,506
PREPCSV,/mnt/beegfs/ysu34/hamlib/dia_e2e/tfim_16_5.txt,65536,33,spmv,gopt,6.318,0.798,0.012452,571
PREPCSV,/mnt/beegfs/ysu34/hamlib/dia_e2e/tfim_16_5.txt,65536,33,spmv,cusparse_csr,14.398,1.436,0.028652,553
PREPCSV,/mnt/beegfs/ysu34/hamlib/dia_e2e/tfim_16_5.txt,65536,33,spmspm,ours_flat,0.662,0.240,0.228680,4
PREPCSV,/mnt/beegfs/ysu34/hamlib/dia_e2e/tfim_16_5.txt,65536,33,spmspm,hm_atomic,11.555,1.440,0.414003,31
PREPCSV,/mnt/beegfs/ysu34/hamlib/dia_e2e/tfim_16_5.txt,65536,33,spmspm,ours_sym,0.188,2.201,-1.000000,-1
PREPCSV,/mnt/beegfs/ysu34/hamlib/dia_e2e/tfim_16_5.txt,65536,33,spmspm,ours_sym,0.188,2.201,0.114811,21
PREPCSV,/mnt/beegfs/ysu34/hamlib/dia_e2e/tfim_18_4.txt,262144,37,spmv,didx,44.072,2.491,0.021955,2121
PREPCSV,/mnt/beegfs/ysu34/hamlib/dia_e2e/tfim_18_4.txt,262144,37,spmv,didx_sym,13.131,3.471,0.015790,1051
PREPCSV,/mnt/beegfs/ysu34/hamlib/dia_e2e/tfim_18_4.txt,262144,37,spmv,gopt,24.908,2.696,0.025539,1081
PREPCSV,/mnt/beegfs/ysu34/hamlib/dia_e2e/tfim_18_4.txt,262144,37,spmv,cusparse_csr,73.599,4.174,0.057917,1343
PREPCSV,/mnt/beegfs/ysu34/hamlib/dia_e2e/tfim_18_4.txt,262144,37,spmspm,ours_flat,2.145,0.496,1.445601,2
PREPCSV,/mnt/beegfs/ysu34/hamlib/dia_e2e/tfim_18_4.txt,262144,37,spmspm,hm_atomic,58.717,4.008,2.994606,21
PREPCSV,/mnt/beegfs/ysu34/hamlib/dia_e2e/tfim_18_4.txt,262144,37,spmspm,ours_sym,0.858,2.822,-1.000000,-1
PREPCSV,/mnt/beegfs/ysu34/hamlib/dia_e2e/tfim_18_4.txt,262144,37,spmspm,ours_sym,0.858,2.822,0.672911,5
PREPCSV,/mnt/beegfs/ysu34/hamlib/dia_e2e/tfim_18_5.txt,262144,37,spmv,didx,43.954,2.481,0.021893,2121
PREPCSV,/mnt/beegfs/ysu34/hamlib/dia_e2e/tfim_18_5.txt,262144,37,spmv,didx_sym,13.169,3.438,0.015811,1050
PREPCSV,/mnt/beegfs/ysu34/hamlib/dia_e2e/tfim_18_5.txt,262144,37,spmv,gopt,26.719,2.670,0.025518,1152
PREPCSV,/mnt/beegfs/ysu34/hamlib/dia_e2e/tfim_18_5.txt,262144,37,spmv,cusparse_csr,74.459,4.136,0.057569,1365
PREPCSV,/mnt/beegfs/ysu34/hamlib/dia_e2e/tfim_18_5.txt,262144,37,spmspm,ours_flat,2.141,0.495,1.445622,2
PREPCSV,/mnt/beegfs/ysu34/hamlib/dia_e2e/tfim_18_5.txt,262144,37,spmspm,hm_atomic,58.812,3.970,2.993930,21
PREPCSV,/mnt/beegfs/ysu34/hamlib/dia_e2e/tfim_18_5.txt,262144,37,spmspm,ours_sym,0.862,2.804,-1.000000,-1
PREPCSV,/mnt/beegfs/ysu34/hamlib/dia_e2e/tfim_18_5.txt,262144,37,spmspm,ours_sym,0.862,2.804,0.672911,5
PREPCSV,/mnt/beegfs/ysu34/hamlib/dia_e2e/tfim_20_5.txt,1048576,41,spmv,didx,218.029,8.776,0.106578,2128
PREPCSV,/mnt/beegfs/ysu34/hamlib/dia_e2e/tfim_20_5.txt,1048576,41,spmv,didx_sym,74.853,13.866,0.076186,1165
PREPCSV,/mnt/beegfs/ysu34/hamlib/dia_e2e/tfim_20_5.txt,1048576,41,spmv,gopt,107.112,9.499,0.097526,1196
PREPCSV,/mnt/beegfs/ysu34/hamlib/dia_e2e/tfim_20_5.txt,1048576,41,spmv,cusparse_csr,343.614,14.230,0.167342,2138
PREPCSV,/mnt/beegfs/ysu34/hamlib/dia_e2e/tfim_20_5.txt,1048576,41,spmspm,ours_flat,8.426,1.003,7.353508,1
PREPCSV,/mnt/beegfs/ysu34/hamlib/dia_e2e/tfim_20_5.txt,1048576,41,spmspm,hm_atomic,289.995,13.825,14.977987,20
PREPCSV,/mnt/beegfs/ysu34/hamlib/dia_e2e/tfim_20_5.txt,1048576,41,spmspm,ours_sym,4.095,4.354,-1.000000,-1
PREPCSV,/mnt/beegfs/ysu34/hamlib/dia_e2e/tfim_20_5.txt,1048576,41,spmspm,ours_sym,4.095,4.354,3.692196,2
PREPCSV,/mnt/beegfs/ysu34/hamlib/dia_e2e/tsp_18_4.txt,262144,1,spmv,didx,1.825,0.447,0.004649,489
PREPCSV,/mnt/beegfs/ysu34/hamlib/dia_e2e/tsp_18_4.txt,262144,1,spmv,didx_sym,1.121,0.436,0.004772,326
PREPCSV,/mnt/beegfs/ysu34/hamlib/dia_e2e/tsp_18_4.txt,262144,1,spmv,gopt,0.837,0.226,0.004362,244
PREPCSV,/mnt/beegfs/ysu34/hamlib/dia_e2e/tsp_18_4.txt,262144,1,spmv,cusparse_csr,1.964,0.819,0.021484,130
PREPCSV,/mnt/beegfs/ysu34/hamlib/dia_e2e/tsp_18_4.txt,262144,1,spmspm,ours_flat,0.508,0.115,0.005427,115
PREPCSV,/mnt/beegfs/ysu34/hamlib/dia_e2e/tsp_18_4.txt,262144,1,spmspm,hm_atomic,1.063,0.435,0.008028,187
PREPCSV,/mnt/beegfs/ysu34/hamlib/dia_e2e/tsp_18_4.txt,262144,1,spmspm,ours_sym,0.278,0.114,-1.000000,-1
PREPCSV,/mnt/beegfs/ysu34/hamlib/dia_e2e/tsp_18_4.txt,262144,1,spmspm,ours_sym,0.278,0.114,0.005468,72
PREPCSV,/mnt/beegfs/ysu34/hamlib/dia_e2e/vibbf3_18_3.txt,262144,12,spmv,didx,7.353,0.860,0.007475,1099
PREPCSV,/mnt/beegfs/ysu34/hamlib/dia_e2e/vibbf3_18_3.txt,262144,12,spmv,didx_sym,3.761,1.364,0.008417,609
PREPCSV,/mnt/beegfs/ysu34/hamlib/dia_e2e/vibbf3_18_3.txt,262144,12,spmv,gopt,8.026,0.957,0.007700,1167
PREPCSV,/mnt/beegfs/ysu34/hamlib/dia_e2e/vibbf3_18_3.txt,262144,12,spmv,cusparse_csr,7.192,1.465,0.025190,344
PREPCSV,/mnt/beegfs/ysu34/hamlib/dia_e2e/vibbf3_18_3.txt,262144,12,spmspm,ours_flat,0.680,0.243,0.145592,6
PREPCSV,/mnt/beegfs/ysu34/hamlib/dia_e2e/vibbf3_18_3.txt,262144,12,spmspm,hm_atomic,8.581,2.120,0.241193,44
PREPCSV,/mnt/beegfs/ysu34/hamlib/dia_e2e/vibbf3_18_3.txt,262144,12,spmspm,ours_sym,0.364,1.376,-1.000000,-1
PREPCSV,/mnt/beegfs/ysu34/hamlib/dia_e2e/vibbf3_18_3.txt,262144,12,spmspm,ours_sym,0.364,1.376,0.070554,25
PREPCSV,/mnt/beegfs/ysu34/hamlib/dia_suitesparse/atmosmodd.txt,1270432,7,spmv,didx,35.955,4.418,0.047718,846
PREPCSV,/mnt/beegfs/ysu34/hamlib/dia_suitesparse/atmosmodd.txt,1270432,7,spmv,gopt,30.350,2.981,0.036168,922
PREPCSV,/mnt/beegfs/ysu34/hamlib/dia_suitesparse/atmosmodd.txt,1270432,7,spmv,cusparse_csr,30.019,7.090,0.083948,442
PREPCSV,/mnt/beegfs/ysu34/hamlib/dia_suitesparse/atmosmodd.txt,1270432,7,spmspm,ours_flat,2.754,0.436,0.300401,11
PREPCSV,/mnt/beegfs/ysu34/hamlib/dia_suitesparse/atmosmodd.txt,1270432,7,spmspm,hm_atomic,22.749,4.332,0.585707,46
PREPCSV,/mnt/beegfs/ysu34/hamlib/dia_suitesparse/atmosmodd.txt,1270432,7,spmspm,ours_sym,1.701,1.902,-1.000000,-1
PREPCSV,/mnt/beegfs/ysu34/hamlib/dia_suitesparse/atmosmodd.txt,1270432,7,spmspm,ours_sym,1.701,1.902,0.156795,23
PREPCSV,/mnt/beegfs/ysu34/hamlib/dia_suitesparse/ecology2.txt,999999,7,spmv,didx,21.669,2.884,0.030065,817
PREPCSV,/mnt/beegfs/ysu34/hamlib/dia_suitesparse/ecology2.txt,999999,7,spmv,didx_sym,12.696,3.104,0.023163,682
PREPCSV,/mnt/beegfs/ysu34/hamlib/dia_suitesparse/ecology2.txt,999999,7,spmv,gopt,17.369,1.886,0.015012,1283
PREPCSV,/mnt/beegfs/ysu34/hamlib/dia_suitesparse/ecology2.txt,999999,7,spmv,cusparse_csr,20.290,4.328,0.059986,410
PREPCSV,/mnt/beegfs/ysu34/hamlib/dia_suitesparse/ecology2.txt,999999,7,spmspm,ours_flat,2.122,0.407,0.210166,12
PREPCSV,/mnt/beegfs/ysu34/hamlib/dia_suitesparse/ecology2.txt,999999,7,spmspm,hm_atomic,13.648,3.848,0.450765,39
PREPCSV,/mnt/beegfs/ysu34/hamlib/dia_suitesparse/ecology2.txt,999999,7,spmspm,ours_sym,1.386,1.272,-1.000000,-1
PREPCSV,/mnt/beegfs/ysu34/hamlib/dia_suitesparse/ecology2.txt,999999,7,spmspm,ours_sym,1.386,1.272,0.109896,24
PREPCSV,/mnt/beegfs/ysu34/hamlib/dia_suitesparse/Lin.txt,256000,7,spmv,didx,6.921,1.087,0.008151,983
PREPCSV,/mnt/beegfs/ysu34/hamlib/dia_suitesparse/Lin.txt,256000,7,spmv,didx_sym,3.394,0.978,0.007926,552
PREPCSV,/mnt/beegfs/ysu34/hamlib/dia_suitesparse/Lin.txt,256000,7,spmv,gopt,4.739,0.800,0.007270,762
PREPCSV,/mnt/beegfs/ysu34/hamlib/dia_suitesparse/Lin.txt,256000,7,spmv,cusparse_csr,6.189,2.004,0.030904,265
PREPCSV,/mnt/beegfs/ysu34/hamlib/dia_suitesparse/Lin.txt,256000,7,spmspm,ours_flat,0.563,0.200,0.051159,15
PREPCSV,/mnt/beegfs/ysu34/hamlib/dia_suitesparse/Lin.txt,256000,7,spmspm,hm_atomic,3.855,1.466,0.073830,72
PREPCSV,/mnt/beegfs/ysu34/hamlib/dia_suitesparse/Lin.txt,256000,7,spmspm,ours_sym,0.331,0.549,-1.000000,-1
PREPCSV,/mnt/beegfs/ysu34/hamlib/dia_suitesparse/Lin.txt,256000,7,spmspm,ours_sym,0.331,0.549,0.025436,35
