PREPCSV,/mnt/beegfs/ysu34/hamlib/dia_e2e/BH_20_7.txt,1048576,109,spmv,didx,243.859,5.125,0.065167,3821
PREPCSV,/mnt/beegfs/ysu34/hamlib/dia_e2e/BH_20_7.txt,1048576,109,spmv,didx_sym,115.126,30.724,0.073626,1981
PREPCSV,/mnt/beegfs/ysu34/hamlib/dia_e2e/BH_20_7.txt,1048576,109,spmv,gopt,260.232,16.560,0.166728,1660
PREPCSV,/mnt/beegfs/ysu34/hamlib/dia_e2e/BH_20_7.txt,1048576,109,spmspm,ours_flat,45.930,4.046,51.061737,1
PREPCSV,/mnt/beegfs/ysu34/hamlib/dia_e2e/BH_20_7.txt,1048576,109,spmspm,ours_sym,16.629,12.079,-1.000000,-1
PREPCSV,/mnt/beegfs/ysu34/hamlib/dia_e2e/BH_20_7.txt,1048576,109,spmspm,ours_sym,16.629,12.079,25.464052,1
PREPCSV,/mnt/beegfs/ysu34/hamlib/dia_e2e/bhc_16_7.txt,65536,85,spmv,didx,9.140,0.549,0.006492,1492
PREPCSV,/mnt/beegfs/ysu34/hamlib/dia_e2e/bhc_16_7.txt,65536,85,spmv,didx_sym,5.010,1.800,0.006492,1049
PREPCSV,/mnt/beegfs/ysu34/hamlib/dia_e2e/bhc_16_7.txt,65536,85,spmv,gopt,12.671,1.432,0.021012,671
PREPCSV,/mnt/beegfs/ysu34/hamlib/dia_e2e/bhc_16_7.txt,65536,85,spmspm,ours_flat,5.203,0.466,1.574973,4
PREPCSV,/mnt/beegfs/ysu34/hamlib/dia_e2e/bhc_16_7.txt,65536,85,spmspm,ours_sym,0.717,3.388,-1.000000,-1
PREPCSV,/mnt/beegfs/ysu34/hamlib/dia_e2e/bhc_16_7.txt,65536,85,spmspm,ours_sym,0.717,3.388,0.687288,6
PREPCSV,/mnt/beegfs/ysu34/hamlib/dia_e2e/bhc_18_7.txt,262144,97,spmv,didx,46.109,1.451,0.013373,3556
PREPCSV,/mnt/beegfs/ysu34/hamlib/dia_e2e/bhc_18_7.txt,262144,97,spmv,didx_sym,24.330,7.060,0.014705,2135
PREPCSV,/mnt/beegfs/ysu34/hamlib/dia_e2e/bhc_18_7.txt,262144,97,spmv,gopt,59.292,4.319,0.053678,1185
PREPCSV,/mnt/beegfs/ysu34/hamlib/dia_e2e/bhc_18_7.txt,262144,97,spmspm,ours_flat,13.429,1.171,9.486992,2
PREPCSV,/mnt/beegfs/ysu34/hamlib/dia_e2e/bhc_18_7.txt,262144,97,spmspm,ours_sym,3.261,4.897,-1.000000,-1
PREPCSV,/mnt/beegfs/ysu34/hamlib/dia_e2e/bhc_18_7.txt,262144,97,spmspm,ours_sym,3.261,4.897,4.567204,2
PREPCSV,/mnt/beegfs/ysu34/hamlib/dia_e2e/bhD1_18_7.txt,262144,97,spmv,didx,46.225,1.455,0.013558,3517
PREPCSV,/mnt/beegfs/ysu34/hamlib/dia_e2e/bhD1_18_7.txt,262144,97,spmv,didx_sym,24.111,7.230,0.014889,2105
PREPCSV,/mnt/beegfs/ysu34/hamlib/dia_e2e/bhD1_18_7.txt,262144,97,spmv,gopt,57.489,4.400,0.055337,1118
PREPCSV,/mnt/beegfs/ysu34/hamlib/dia_e2e/bhD1_18_7.txt,262144,97,spmspm,ours_flat,13.413,0.980,9.487687,2
PREPCSV,/mnt/beegfs/ysu34/hamlib/dia_e2e/bhD1_18_7.txt,262144,97,spmspm,ours_sym,3.203,4.954,-1.000000,-1
PREPCSV,/mnt/beegfs/ysu34/hamlib/dia_e2e/bhD1_18_7.txt,262144,97,spmspm,ours_sym,3.203,4.954,4.567245,2
PREPCSV,/mnt/beegfs/ysu34/hamlib/dia_e2e/C2c_18_4.txt,262144,7407,spmv,didx,2437.757,10.831,1.145324,2138
PREPCSV,/mnt/beegfs/ysu34/hamlib/dia_e2e/C2c_18_4.txt,262144,7407,spmv,gopt,2589.580,91.988,1.503211,1784
PREPCSV,/mnt/beegfs/ysu34/hamlib/dia_e2e/fermi_16_5.txt,65536,29,spmv,didx,4.424,0.418,0.005939,815
PREPCSV,/mnt/beegfs/ysu34/hamlib/dia_e2e/fermi_16_5.txt,65536,29,spmv,didx_sym,2.151,0.695,0.006062,469
PREPCSV,/mnt/beegfs/ysu34/hamlib/dia_e2e/fermi_16_5.txt,65536,29,spmv,gopt,5.323,0.672,0.010035,597
PREPCSV,/mnt/beegfs/ysu34/hamlib/dia_e2e/fermi_16_5.txt,65536,29,spmspm,ours_flat,0.542,0.240,0.187208,4
PREPCSV,/mnt/beegfs/ysu34/hamlib/dia_e2e/fermi_16_5.txt,65536,29,spmspm,ours_sym,0.162,2.024,-1.000000,-1
PREPCSV,/mnt/beegfs/ysu34/hamlib/dia_e2e/fermi_16_5.txt,65536,29,spmspm,ours_sym,0.162,2.024,0.094167,23
PREPCSV,/mnt/beegfs/ysu34/hamlib/dia_e2e/fermi_18_5.txt,262144,33,spmv,didx,16.905,1.305,0.012042,1512
PREPCSV,/mnt/beegfs/ysu34/hamlib/dia_e2e/fermi_18_5.txt,262144,33,spmv,didx_sym,9.460,3.104,0.011940,1052
PREPCSV,/mnt/beegfs/ysu34/hamlib/dia_e2e/fermi_18_5.txt,262144,33,spmv,gopt,20.724,2.133,0.013558,1686
PREPCSV,/mnt/beegfs/ysu34/hamlib/dia_e2e/fermi_18_5.txt,262144,33,spmspm,ours_flat,1.873,0.472,1.194127,2
PREPCSV,/mnt/beegfs/ysu34/hamlib/dia_e2e/fermi_18_5.txt,262144,33,spmspm,ours_sym,0.738,3.118,-1.000000,-1
PREPCSV,/mnt/beegfs/ysu34/hamlib/dia_e2e/fermi_18_5.txt,262144,33,spmspm,ours_sym,0.738,3.118,0.558019,7
PREPCSV,/mnt/beegfs/ysu34/hamlib/dia_e2e/fermi_20_5.txt,1048576,37,spmv,didx,118.430,4.868,0.056422,2185
PREPCSV,/mnt/beegfs/ysu34/hamlib/dia_e2e/fermi_20_5.txt,1048576,37,spmv,didx_sym,45.617,11.881,0.053166,1081
PREPCSV,/mnt/beegfs/ysu34/hamlib/dia_e2e/fermi_20_5.txt,1048576,37,spmv,gopt,111.168,7.297,0.078356,1512
PREPCSV,/mnt/beegfs/ysu34/hamlib/dia_e2e/fermi_20_5.txt,1048576,37,spmspm,ours_flat,7.490,0.886,6.223094,1
PREPCSV,/mnt/beegfs/ysu34/hamlib/dia_e2e/fermi_20_5.txt,1048576,37,spmspm,ours_sym,3.402,3.685,-1.000000,-1
PREPCSV,/mnt/beegfs/ysu34/hamlib/dia_e2e/fermi_20_5.txt,1048576,37,spmspm,ours_sym,3.402,3.685,3.132252,2
PREPCSV,/mnt/beegfs/ysu34/hamlib/dia_e2e/fermiFH_18_4.txt,262144,64,spmv,didx,31.862,1.269,0.011735,2823
PREPCSV,/mnt/beegfs/ysu34/hamlib/dia_e2e/fermiFH_18_4.txt,262144,64,spmv,didx_sym,16.632,5.091,0.011653,1864
PREPCSV,/mnt/beegfs/ysu34/hamlib/dia_e2e/fermiFH_18_4.txt,262144,64,spmv,gopt,37.783,2.884,0.034161,1190
PREPCSV,/mnt/beegfs/ysu34/hamlib/dia_e2e/fermiFH_18_4.txt,262144,64,spmspm,ours_flat,5.442,0.688,4.394762,1
PREPCSV,/mnt/beegfs/ysu34/hamlib/dia_e2e/fermiFH_18_4.txt,262144,64,spmspm,ours_sym,1.763,4.242,-1.000000,-1
PREPCSV,/mnt/beegfs/ysu34/hamlib/dia_e2e/fermiFH_18_4.txt,262144,64,spmspm,ours_sym,1.763,4.242,2.086564,3
PREPCSV,/mnt/beegfs/ysu34/hamlib/dia_e2e/H8c_16_4.txt,65536,6921,spmv,didx,519.556,4.708,0.517878,1012
PREPCSV,/mnt/beegfs/ysu34/hamlib/dia_e2e/H8c_16_4.txt,65536,6921,spmv,gopt,570.504,33.580,1.410580,428
PREPCSV,/mnt/beegfs/ysu34/hamlib/dia_e2e/H8c_16_4.txt,65536,6921,spmspm,ours_flat,8390.497,98.518,8226.537109,1
PREPCSV,/mnt/beegfs/ysu34/hamlib/dia_e2e/H8c_16_4.txt,65536,6921,spmspm,ours_sym,741.833,53.405,-1.000000,-1
PREPCSV,/mnt/beegfs/ysu34/hamlib/dia_e2e/H8c_16_4.txt,65536,6921,spmspm,ours_sym,741.833,53.405,4176.679199,0
PREPCSV,/mnt/beegfs/ysu34/hamlib/dia_e2e/heis_16_5.txt,65536,31,spmv,didx,4.091,1.737,0.006144,949
PREPCSV,/mnt/beegfs/ysu34/hamlib/dia_e2e/heis_16_5.txt,65536,31,spmv,didx_sym,2.201,0.719,0.006328,461
PREPCSV,/mnt/beegfs/ysu34/hamlib/dia_e2e/heis_16_5.txt,65536,31,spmv,gopt,5.504,0.710,0.010834,574
PREPCSV,/mnt/beegfs/ysu34/hamlib/dia_e2e/heis_16_5.txt,65536,31,spmspm,ours_flat,0.585,0.251,0.212931,4
PREPCSV,/mnt/beegfs/ysu34/hamlib/dia_e2e/heis_16_5.txt,65536,31,spmspm,ours_sym,0.173,2.277,-1.000000,-1
PREPCSV,/mnt/beegfs/ysu34/hamlib/dia_e2e/heis_16_5.txt,65536,31,spmspm,ours_sym,0.173,2.277,0.106578,23
PREPCSV,/mnt/beegfs/ysu34/hamlib/dia_e2e/heis_18_5.txt,262144,35,spmv,didx,20.165,1.398,0.012329,1749
PREPCSV,/mnt/beegfs/ysu34/hamlib/dia_e2e/heis_18_5.txt,262144,35,spmv,didx_sym,10.142,3.298,0.012083,1112
PREPCSV,/mnt/beegfs/ysu34/hamlib/dia_e2e/heis_18_5.txt,262144,35,spmv,gopt,22.128,2.307,0.016077,1520
PREPCSV,/mnt/beegfs/ysu34/hamlib/dia_e2e/heis_18_5.txt,262144,35,spmspm,ours_flat,1.965,0.485,1.348424,2
PREPCSV,/mnt/beegfs/ysu34/hamlib/dia_e2e/heis_18_5.txt,262144,35,spmspm,ours_sym,0.749,3.105,-1.000000,-1
PREPCSV,/mnt/beegfs/ysu34/hamlib/dia_e2e/heis_18_5.txt,262144,35,spmspm,ours_sym,0.749,3.105,0.629678,6
PREPCSV,/mnt/beegfs/ysu34/hamlib/dia_e2e/heis_20_5.txt,1048576,39,spmv,didx,122.960,4.980,0.058307,2194
PREPCSV,/mnt/beegfs/ysu34/hamlib/dia_e2e/heis_20_5.txt,1048576,39,spmv,didx_sym,47.670,12.214,0.054907,1091
PREPCSV,/mnt/beegfs/ysu34/hamlib/dia_e2e/heis_20_5.txt,1048576,39,spmv,gopt,102.009,7.266,0.080077,1365
PREPCSV,/mnt/beegfs/ysu34/hamlib/dia_e2e/heis_20_5.txt,1048576,39,spmspm,ours_flat,7.997,0.917,6.928896,1
PREPCSV,/mnt/beegfs/ysu34/hamlib/dia_e2e/heis_20_5.txt,1048576,39,spmspm,ours_sym,3.689,4.513,-1.000000,-1
PREPCSV,/mnt/beegfs/ysu34/hamlib/dia_e2e/heis_20_5.txt,1048576,39,spmspm,ours_sym,3.689,4.513,3.479921,2
PREPCSV,/mnt/beegfs/ysu34/hamlib/dia_e2e/heis_20_6.txt,1048576,39,spmv,didx,124.341,4.959,0.058143,2224
PREPCSV,/mnt/beegfs/ysu34/hamlib/dia_e2e/heis_20_6.txt,1048576,39,spmv,didx_sym,48.032,12.220,0.054825,1099
PREPCSV,/mnt/beegfs/ysu34/hamlib/dia_e2e/heis_20_6.txt,1048576,39,spmv,gopt,114.267,7.300,0.080364,1513
PREPCSV,/mnt/beegfs/ysu34/hamlib/dia_e2e/heis_20_6.txt,1048576,39,spmspm,ours_flat,8.082,0.937,6.929080,1
PREPCSV,/mnt/beegfs/ysu34/hamlib/dia_e2e/heis_20_6.txt,1048576,39,spmspm,ours_sym,3.635,4.520,-1.000000,-1
PREPCSV,/mnt/beegfs/ysu34/hamlib/dia_e2e/heis_20_6.txt,1048576,39,spmspm,ours_sym,3.635,4.520,3.480207,2
PREPCSV,/mnt/beegfs/ysu34/hamlib/dia_e2e/maxcut_16_5.txt,65536,1,spmv,didx,0.378,0.088,0.003789,123
PREPCSV,/mnt/beegfs/ysu34/hamlib/dia_e2e/maxcut_16_5.txt,65536,1,spmv,didx_sym,0.373,0.109,0.003830,126
PREPCSV,/mnt/beegfs/ysu34/hamlib/dia_e2e/maxcut_16_5.txt,65536,1,spmv,gopt,0.159,0.070,0.003830,60
PREPCSV,/mnt/beegfs/ysu34/hamlib/dia_e2e/maxcut_16_5.txt,65536,1,spmspm,ours_flat,0.124,0.042,0.005181,32
PREPCSV,/mnt/beegfs/ysu34/hamlib/dia_e2e/maxcut_16_5.txt,65536,1,spmspm,ours_sym,0.068,0.043,-1.000000,-1
PREPCSV,/mnt/beegfs/ysu34/hamlib/dia_e2e/maxcut_16_5.txt,65536,1,spmspm,ours_sym,0.068,0.043,0.005140,22
PREPCSV,/mnt/beegfs/ysu34/hamlib/dia_e2e/maxcut_18_5.txt,262144,1,spmv,didx,1.809,0.435,0.004649,483
PREPCSV,/mnt/beegfs/ysu34/hamlib/dia_e2e/maxcut_18_5.txt,262144,1,spmv,didx_sym,1.163,0.437,0.004772,335
PREPCSV,/mnt/beegfs/ysu34/hamlib/dia_e2e/maxcut_18_5.txt,262144,1,spmv,gopt,0.824,0.227,0.004342,242
PREPCSV,/mnt/beegfs/ysu34/hamlib/dia_e2e/maxcut_18_5.txt,262144,1,spmspm,ours_flat,0.494,0.108,0.005468,110
PREPCSV,/mnt/beegfs/ysu34/hamlib/dia_e2e/maxcut_18_5.txt,262144,1,spmspm,ours_sym,0.272,0.112,-1.000000,-1
PREPCSV,/mnt/beegfs/ysu34/hamlib/dia_e2e/maxcut_18_5.txt,262144,1,spmspm,ours_sym,0.272,0.112,0.005448,70
PREPCSV,/mnt/beegfs/ysu34/hamlib/dia_e2e/maxcut_20_5.txt,1048576,1,spmv,didx,5.424,0.927,0.008458,751
PREPCSV,/mnt/beegfs/ysu34/hamlib/dia_e2e/maxcut_20_5.txt,1048576,1,spmv,didx_sym,5.297,0.989,0.008888,707
PREPCSV,/mnt/beegfs/ysu34/hamlib/dia_e2e/maxcut_20_5.txt,1048576,1,spmv,gopt,2.454,0.408,0.006554,437
PREPCSV,/mnt/beegfs/ysu34/hamlib/dia_e2e/maxcut_20_5.txt,1048576,1,spmspm,ours_flat,2.062,0.165,0.009114,244
PREPCSV,/mnt/beegfs/ysu34/hamlib/dia_e2e/maxcut_20_5.txt,1048576,1,spmspm,ours_sym,1.215,0.178,-1.000000,-1
PREPCSV,/mnt/beegfs/ysu34/hamlib/dia_e2e/maxcut_20_5.txt,1048576,1,spmspm,ours_sym,1.215,0.178,0.009155,152
PREPCSV,/mnt/beegfs/ysu34/hamlib/dia_e2e/O2c_16_5.txt,65536,867,spmv,didx,88.105,2.213,0.067727,1334
PREPCSV,/mnt/beegfs/ysu34/hamlib/dia_e2e/O2c_16_5.txt,65536,867,spmv,gopt,98.091,6.881,0.251269,418
PREPCSV,/mnt/beegfs/ysu34/hamlib/dia_e2e/O2c_16_5.txt,65536,867,spmspm,ours_flat,671.935,3.833,131.700470,5
PREPCSV,/mnt/beegfs/ysu34/hamlib/dia_e2e/O2c_16_5.txt,65536,867,spmspm,ours_sym,28.792,16.085,-1.000000,-1
PREPCSV,/mnt/beegfs/ysu34/hamlib/dia_e2e/O2c_16_5.txt,65536,867,spmspm,ours_sym,28.792,16.085,60.958675,1
PREPCSV,/mnt/beegfs/ysu34/hamlib/dia_e2e/O2c_20_5.txt,1048576,2367,spmv,didx,5225.060,68.910,2.740982,1931
PREPCSV,/mnt/beegfs/ysu34/hamlib/dia_e2e/O2c_20_5.txt,1048576,2367,spmv,gopt,4306.588,193.769,2.061414,2183
PREPCSV,/mnt/beegfs/ysu34/hamlib/dia_e2e/qmaxcut_16_4.txt,65536,31,spmv,didx,3.423,0.471,0.006164,632
PREPCSV,/mnt/beegfs/ysu34/hamlib/dia_e2e/qmaxcut_16_4.txt,65536,31,spmv,didx_sym,1.664,0.544,0.006615,334
PREPCSV,/mnt/beegfs/ysu34/hamlib/dia_e2e/qmaxcut_16_4.txt,65536,31,spmv,gopt,3.277,0.436,0.008110,458
PREPCSV,/mnt/beegfs/ysu34/hamlib/dia_e2e/qmaxcut_16_4.txt,65536,31,spmspm,ours_flat,0.498,0.202,0.106660,7
PREPCSV,/mnt/beegfs/ysu34/hamlib/dia_e2e/qmaxcut_16_4.txt,65536,31,spmspm,ours_sym,0.144,1.392,-1.000000,-1
PREPCSV,/mnt/beegfs/ysu34/hamlib/dia_e2e/qmaxcut_16_4.txt,65536,31,spmspm,ours_sym,0.144,1.392,0.055398,28
PREPCSV,/mnt/beegfs/ysu34/hamlib/dia_e2e/qmaxcut_18_4.txt,262144,35,spmv,didx,13.457,1.399,0.012513,1187
PREPCSV,/mnt/beegfs/ysu34/hamlib/dia_e2e/qmaxcut_18_4.txt,262144,35,spmv,didx_sym,6.744,2.182,0.012575,710
PREPCSV,/mnt/beegfs/ysu34/hamlib/dia_e2e/qmaxcut_18_4.txt,262144,35,spmv,gopt,12.432,1.906,0.010424,1375
PREPCSV,/mnt/beegfs/ysu34/hamlib/dia_e2e/qmaxcut_18_4.txt,262144,35,spmspm,ours_flat,1.565,0.372,0.537600,4
PREPCSV,/mnt/beegfs/ysu34/hamlib/dia_e2e/qmaxcut_18_4.txt,262144,35,spmspm,ours_sym,0.633,3.212,-1.000000,-1
PREPCSV,/mnt/beegfs/ysu34/hamlib/dia_e2e/qmaxcut_18_4.txt,262144,35,spmspm,ours_sym,0.633,3.212,0.270889,14
PREPCSV,/mnt/beegfs/ysu34/hamlib/dia_e2e/qmaxcut_20_4.txt,1048576,39,spmv,didx,80.788,4.879,0.061399,1395
PREPCSV,/mnt/beegfs/ysu34/hamlib/dia_e2e/qmaxcut_20_4.txt,1048576,39,spmv,didx_sym,30.722,7.851,0.062935,613
PREPCSV,/mnt/beegfs/ysu34/hamlib/dia_e2e/qmaxcut_20_4.txt,1048576,39,spmv,gopt,60.045,5.007,0.054886,1185
PREPCSV,/mnt/beegfs/ysu34/hamlib/dia_e2e/qmaxcut_20_4.txt,1048576,39,spmspm,ours_flat,5.703,0.716,2.823701,2
PREPCSV,/mnt/beegfs/ysu34/hamlib/dia_e2e/qmaxcut_20_4.txt,1048576,39,spmspm,ours_sym,2.494,2.528,-1.000000,-1
PREPCSV,/mnt/beegfs/ysu34/hamlib/dia_e2e/qmaxcut_20_4.txt,1048576,39,spmspm,ours_sym,2.494,2.528,1.440993,3
PREPCSV,/mnt/beegfs/ysu34/hamlib/dia_e2e/qmaxcutC_18_4.txt,262144,73,spmv,didx,56.088,2.393,0.026173,2234
PREPCSV,/mnt/beegfs/ysu34/hamlib/dia_e2e/qmaxcutC_18_4.txt,262144,73,spmv,didx_sym,20.207,5.789,0.026276,989
PREPCSV,/mnt/beegfs/ysu34/hamlib/dia_e2e/qmaxcutC_18_4.txt,262144,73,spmv,gopt,50.725,4.076,0.046367,1182
PREPCSV,/mnt/beegfs/ysu34/hamlib/dia_e2e/qmaxcutC_18_4.txt,262144,73,spmspm,ours_flat,6.966,0.798,5.425787,1
PREPCSV,/mnt/beegfs/ysu34/hamlib/dia_e2e/qmaxcutC_18_4.txt,262144,73,spmspm,ours_sym,2.074,3.949,-1.000000,-1
PREPCSV,/mnt/beegfs/ysu34/hamlib/dia_e2e/qmaxcutC_18_4.txt,262144,73,spmspm,ours_sym,2.074,3.949,2.575503,2
PREPCSV,/mnt/beegfs/ysu34/hamlib/dia_e2e/qmaxcutK_18_4.txt,262144,19,spmv,didx,11.463,1.024,0.008909,1402
PREPCSV,/mnt/beegfs/ysu34/hamlib/dia_e2e/qmaxcutK_18_4.txt,262144,19,spmv,didx_sym,5.858,2.048,0.009830,804
PREPCSV,/mnt/beegfs/ysu34/hamlib/dia_e2e/qmaxcutK_18_4.txt,262144,19,spmv,gopt,13.767,1.785,0.011940,1303
PREPCSV,/mnt/beegfs/ysu34/hamlib/dia_e2e/qmaxcutK_18_4.txt,262144,19,spmspm,ours_flat,0.888,0.283,0.364278,3
PREPCSV,/mnt/beegfs/ysu34/hamlib/dia_e2e/qmaxcutK_18_4.txt,262144,19,spmspm,ours_sym,0.443,2.351,-1.000000,-1
PREPCSV,/mnt/beegfs/ysu34/hamlib/dia_e2e/qmaxcutK_18_4.txt,262144,19,spmspm,ours_sym,0.443,2.351,0.175473,16
PREPCSV,/mnt/beegfs/ysu34/hamlib/dia_e2e/qmaxcutR_18_3.txt,262144,9,spmv,didx,5.319,0.702,0.006820,883
PREPCSV,/mnt/beegfs/ysu34/hamlib/dia_e2e/qmaxcutR_18_3.txt,262144,9,spmv,didx_sym,2.941,1.020,0.007803,508
PREPCSV,/mnt/beegfs/ysu34/hamlib/dia_e2e/qmaxcutR_18_3.txt,262144,9,spmv,gopt,6.652,0.653,0.006820,1071
PREPCSV,/mnt/beegfs/ysu34/hamlib/dia_e2e/qmaxcutR_18_3.txt,262144,9,spmspm,ours_flat,0.600,0.207,0.082944,10
PREPCSV,/mnt/beegfs/ysu34/hamlib/dia_e2e/qmaxcutR_18_3.txt,262144,9,spmspm,ours_sym,0.327,0.439,-1.000000,-1
PREPCSV,/mnt/beegfs/ysu34/hamlib/dia_e2e/qmaxcutR_18_3.txt,262144,9,spmspm,ours_sym,0.327,0.439,0.039936,19
PREPCSV,/mnt/beegfs/ysu34/hamlib/dia_e2e/tfim_16_4.txt,65536,33,spmv,didx,6.313,0.711,0.007250,969
PREPCSV,/mnt/beegfs/ysu34/hamlib/dia_e2e/tfim_16_4.txt,65536,33,spmv,didx_sym,2.609,0.889,0.006758,517
PREPCSV,/mnt/beegfs/ysu34/hamlib/dia_e2e/tfim_16_4.txt,65536,33,spmv,gopt,6.483,0.821,0.012370,590
PREPCSV,/mnt/beegfs/ysu34/hamlib/dia_e2e/tfim_16_4.txt,65536,33,spmspm,ours_flat,0.661,0.234,0.229089,4
PREPCSV,/mnt/beegfs/ysu34/hamlib/dia_e2e/tfim_16_4.txt,65536,33,spmspm,ours_sym,0.182,2.429,-1.000000,-1
PREPCSV,/mnt/beegfs/ysu34/hamlib/dia_e2e/tfim_16_4.txt,65536,33,spmspm,ours_sym,0.182,2.429,0.114401,23
PREPCSV,/mnt/beegfs/ysu34/hamlib/dia_e2e/tfim_16_5.txt,65536,33,spmv,didx,6.126,0.722,0.007332,934
PREPCSV,/mnt/beegfs/ysu34/hamlib/dia_e2e/tfim_16_5.txt,65536,33,spmv,didx_sym,2.905,0.887,0.006779,559
PREPCSV,/mnt/beegfs/ysu34/hamlib/dia_e2e/tfim_16_5.txt,65536,33,spmv,gopt,6.212,0.816,0.012452,564
PREPCSV,/mnt/beegfs/ysu34/hamlib/dia_e2e/tfim_16_5.txt,65536,33,spmspm,ours_flat,0.659,0.257,0.229171,4
PREPCSV,/mnt/beegfs/ysu34/hamlib/dia_e2e/tfim_16_5.txt,65536,33,spmspm,ours_sym,0.183,2.429,-1.000000,-1
PREPCSV,/mnt/beegfs/ysu34/hamlib/dia_e2e/tfim_16_5.txt,65536,33,spmspm,ours_sym,0.183,2.429,0.114524,23
PREPCSV,/mnt/beegfs/ysu34/hamlib/dia_e2e/tfim_18_4.txt,262144,37,spmv,didx,43.783,2.497,0.022036,2100
PREPCSV,/mnt/beegfs/ysu34/hamlib/dia_e2e/tfim_18_4.txt,262144,37,spmv,didx_sym,13.264,3.475,0.015913,1052
PREPCSV,/mnt/beegfs/ysu34/hamlib/dia_e2e/tfim_18_4.txt,262144,37,spmv,gopt,25.014,2.700,0.025498,1087
PREPCSV,/mnt/beegfs/ysu34/hamlib/dia_e2e/tfim_18_4.txt,262144,37,spmspm,ours_flat,2.147,0.496,1.446298,2
PREPCSV,/mnt/beegfs/ysu34/hamlib/dia_e2e/tfim_18_4.txt,262144,37,spmspm,ours_sym,0.814,3.045,-1.000000,-1
PREPCSV,/mnt/beegfs/ysu34/hamlib/dia_e2e/tfim_18_4.txt,262144,37,spmspm,ours_sym,0.814,3.045,0.673710,6
PREPCSV,/mnt/beegfs/ysu34/hamlib/dia_e2e/tfim_18_5.txt,262144,37,spmv,didx,44.005,2.504,0.022016,2113
PREPCSV,/mnt/beegfs/ysu34/hamlib/dia_e2e/tfim_18_5.txt,262144,37,spmv,didx_sym,11.565,3.461,0.015872,947
PREPCSV,/mnt/beegfs/ysu34/hamlib/dia_e2e/tfim_18_5.txt,262144,37,spmv,gopt,26.822,2.712,0.025620,1153
PREPCSV,/mnt/beegfs/ysu34/hamlib/dia_e2e/tfim_18_5.txt,262144,37,spmspm,ours_flat,2.152,0.500,1.446216,2
PREPCSV,/mnt/beegfs/ysu34/hamlib/dia_e2e/tfim_18_5.txt,262144,37,spmspm,ours_sym,0.799,3.056,-1.000000,-1
PREPCSV,/mnt/beegfs/ysu34/hamlib/dia_e2e/tfim_18_5.txt,262144,37,spmspm,ours_sym,0.799,3.056,0.673894,6
PREPCSV,/mnt/beegfs/ysu34/hamlib/dia_e2e/tfim_20_5.txt,1048576,41,spmv,didx,216.571,8.701,0.107643,2093
PREPCSV,/mnt/beegfs/ysu34/hamlib/dia_e2e/tfim_20_5.txt,1048576,41,spmv,didx_sym,66.636,13.821,0.076042,1058
PREPCSV,/mnt/beegfs/ysu34/hamlib/dia_e2e/tfim_20_5.txt,1048576,41,spmv,gopt,113.376,9.478,0.097710,1257
PREPCSV,/mnt/beegfs/ysu34/hamlib/dia_e2e/tfim_20_5.txt,1048576,41,spmspm,ours_flat,8.390,0.950,7.354388,1
PREPCSV,/mnt/beegfs/ysu34/hamlib/dia_e2e/tfim_20_5.txt,1048576,41,spmspm,ours_sym,3.703,4.508,-1.000000,-1
PREPCSV,/mnt/beegfs/ysu34/hamlib/dia_e2e/tfim_20_5.txt,1048576,41,spmspm,ours_sym,3.703,4.508,3.691192,2
PREPCSV,/mnt/beegfs/ysu34/hamlib/dia_e2e/tsp_18_4.txt,262144,1,spmv,didx,1.795,0.440,0.004649,481
PREPCSV,/mnt/beegfs/ysu34/hamlib/dia_e2e/tsp_18_4.txt,262144,1,spmv,didx_sym,1.123,0.434,0.004751,328
PREPCSV,/mnt/beegfs/ysu34/hamlib/dia_e2e/tsp_18_4.txt,262144,1,spmv,gopt,0.834,0.226,0.004383,242
PREPCSV,/mnt/beegfs/ysu34/hamlib/dia_e2e/tsp_18_4.txt,262144,1,spmspm,ours_flat,0.490,0.107,0.005448,110
PREPCSV,/mnt/beegfs/ysu34/hamlib/dia_e2e/tsp_18_4.txt,262144,1,spmspm,ours_sym,0.271,0.112,-1.000000,-1
PREPCSV,/mnt/beegfs/ysu34/hamlib/dia_e2e/tsp_18_4.txt,262144,1,spmspm,ours_sym,0.271,0.112,0.005427,70
PREPCSV,/mnt/beegfs/ysu34/hamlib/dia_e2e/vibbf3_18_3.txt,262144,12,spmv,didx,7.252,0.828,0.007066,1143
PREPCSV,/mnt/beegfs/ysu34/hamlib/dia_e2e/vibbf3_18_3.txt,262144,12,spmv,didx_sym,3.698,1.323,0.007946,632
PREPCSV,/mnt/beegfs/ysu34/hamlib/dia_e2e/vibbf3_18_3.txt,262144,12,spmv,gopt,7.335,0.951,0.007598,1091
PREPCSV,/mnt/beegfs/ysu34/hamlib/dia_e2e/vibbf3_18_3.txt,262144,12,spmspm,ours_flat,0.667,0.249,0.145428,6
PREPCSV,/mnt/beegfs/ysu34/hamlib/dia_e2e/vibbf3_18_3.txt,262144,12,spmspm,ours_sym,0.361,1.090,-1.000000,-1
PREPCSV,/mnt/beegfs/ysu34/hamlib/dia_e2e/vibbf3_18_3.txt,262144,12,spmspm,ours_sym,0.361,1.090,0.070615,21
PREPCSV,/mnt/beegfs/ysu34/hamlib/dia_suitesparse/atmosmodd.txt,1270432,7,spmv,didx,35.798,4.400,0.047923,839
PREPCSV,/mnt/beegfs/ysu34/hamlib/dia_suitesparse/atmosmodd.txt,1270432,7,spmv,gopt,28.523,2.946,0.036270,868
PREPCSV,/mnt/beegfs/ysu34/hamlib/dia_suitesparse/atmosmodd.txt,1270432,7,spmspm,ours_flat,2.731,0.384,0.300278,10
PREPCSV,/mnt/beegfs/ysu34/hamlib/dia_suitesparse/atmosmodd.txt,1270432,7,spmspm,ours_sym,1.551,0.248,-1.000000,-1
PREPCSV,/mnt/beegfs/ysu34/hamlib/dia_suitesparse/atmosmodd.txt,1270432,7,spmspm,ours_sym,1.551,0.248,0.157307,11
PREPCSV,/mnt/beegfs/ysu34/hamlib/dia_suitesparse/ecology2.txt,999999,7,spmv,didx,21.709,2.916,0.030044,820
PREPCSV,/mnt/beegfs/ysu34/hamlib/dia_suitesparse/ecology2.txt,999999,7,spmv,didx_sym,13.395,3.143,0.023122,715
PREPCSV,/mnt/beegfs/ysu34/hamlib/dia_suitesparse/ecology2.txt,999999,7,spmv,gopt,16.717,1.908,0.014991,1242
PREPCSV,/mnt/beegfs/ysu34/hamlib/dia_suitesparse/ecology2.txt,999999,7,spmspm,ours_flat,2.107,0.365,0.210268,12
PREPCSV,/mnt/beegfs/ysu34/hamlib/dia_suitesparse/ecology2.txt,999999,7,spmspm,ours_sym,1.230,0.223,-1.000000,-1
PREPCSV,/mnt/beegfs/ysu34/hamlib/dia_suitesparse/ecology2.txt,999999,7,spmspm,ours_sym,1.230,0.223,0.110080,13
PREPCSV,/mnt/beegfs/ysu34/hamlib/dia_suitesparse/Lin.txt,256000,7,spmv,didx,6.532,1.093,0.008151,935
PREPCSV,/mnt/beegfs/ysu34/hamlib/dia_suitesparse/Lin.txt,256000,7,spmv,didx_sym,3.458,0.984,0.007885,563
PREPCSV,/mnt/beegfs/ysu34/hamlib/dia_suitesparse/Lin.txt,256000,7,spmv,gopt,4.709,0.794,0.007291,755
PREPCSV,/mnt/beegfs/ysu34/hamlib/dia_suitesparse/Lin.txt,256000,7,spmspm,ours_flat,0.557,0.202,0.050852,15
PREPCSV,/mnt/beegfs/ysu34/hamlib/dia_suitesparse/Lin.txt,256000,7,spmspm,ours_sym,0.309,0.190,-1.000000,-1
PREPCSV,/mnt/beegfs/ysu34/hamlib/dia_suitesparse/Lin.txt,256000,7,spmspm,ours_sym,0.309,0.190,0.025436,20
PREPCSV,/mnt/beegfs/ysu34/hamlib/dia_e2e/BH_20_7.txt,1048576,109,spmv,didx,239.011,5.109,0.064901,3761
PREPCSV,/mnt/beegfs/ysu34/hamlib/dia_e2e/BH_20_7.txt,1048576,109,spmv,didx_sym,117.339,30.739,0.073585,2012
PREPCSV,/mnt/beegfs/ysu34/hamlib/dia_e2e/BH_20_7.txt,1048576,109,spmv,gopt,232.821,16.570,0.166461,1498
PREPCSV,/mnt/beegfs/ysu34/hamlib/dia_e2e/BH_20_7.txt,1048576,109,spmspm,ours_flat,45.835,4.060,51.054672,1
PREPCSV,/mnt/beegfs/ysu34/hamlib/dia_e2e/BH_20_7.txt,1048576,109,spmspm,ours_sym,16.646,12.074,-1.000000,-1
PREPCSV,/mnt/beegfs/ysu34/hamlib/dia_e2e/BH_20_7.txt,1048576,109,spmspm,ours_sym,16.646,12.074,25.463665,1
PREPCSV,/mnt/beegfs/ysu34/hamlib/dia_e2e/bhc_16_7.txt,65536,85,spmv,didx,9.073,0.549,0.006574,1464
PREPCSV,/mnt/beegfs/ysu34/hamlib/dia_e2e/bhc_16_7.txt,65536,85,spmv,didx_sym,4.984,1.774,0.006554,1031
PREPCSV,/mnt/beegfs/ysu34/hamlib/dia_e2e/bhc_16_7.txt,65536,85,spmv,gopt,12.375,1.433,0.021135,653
PREPCSV,/mnt/beegfs/ysu34/hamlib/dia_e2e/bhc_16_7.txt,65536,85,spmspm,ours_flat,5.197,0.459,1.574707,4
PREPCSV,/mnt/beegfs/ysu34/hamlib/dia_e2e/bhc_16_7.txt,65536,85,spmspm,ours_sym,0.689,3.410,-1.000000,-1
PREPCSV,/mnt/beegfs/ysu34/hamlib/dia_e2e/bhc_16_7.txt,65536,85,spmspm,ours_sym,0.689,3.410,0.687165,6
PREPCSV,/mnt/beegfs/ysu34/hamlib/dia_e2e/bhc_18_7.txt,262144,97,spmv,didx,45.869,1.454,0.013455,3517
PREPCSV,/mnt/beegfs/ysu34/hamlib/dia_e2e/bhc_18_7.txt,262144,97,spmv,didx_sym,24.091,7.160,0.014746,2119
PREPCSV,/mnt/beegfs/ysu34/hamlib/dia_e2e/bhc_18_7.txt,262144,97,spmv,gopt,60.106,4.384,0.055706,1158
PREPCSV,/mnt/beegfs/ysu34/hamlib/dia_e2e/bhc_18_7.txt,262144,97,spmspm,ours_flat,13.421,0.983,9.487401,2
PREPCSV,/mnt/beegfs/ysu34/hamlib/dia_e2e/bhc_18_7.txt,262144,97,spmspm,ours_sym,3.224,4.940,-1.000000,-1
PREPCSV,/mnt/beegfs/ysu34/hamlib/dia_e2e/bhc_18_7.txt,262144,97,spmspm,ours_sym,3.224,4.940,4.566692,2
PREPCSV,/mnt/beegfs/ysu34/hamlib/dia_e2e/bhD1_18_7.txt,262144,97,spmv,didx,46.823,1.458,0.013353,3616
PREPCSV,/mnt/beegfs/ysu34/hamlib/dia_e2e/bhD1_18_7.txt,262144,97,spmv,didx_sym,24.505,7.206,0.014766,2148
PREPCSV,/mnt/beegfs/ysu34/hamlib/dia_e2e/bhD1_18_7.txt,262144,97,spmv,gopt,52.713,4.416,0.054129,1055
PREPCSV,/mnt/beegfs/ysu34/hamlib/dia_e2e/bhD1_18_7.txt,262144,97,spmspm,ours_flat,13.401,1.155,9.486889,2
PREPCSV,/mnt/beegfs/ysu34/hamlib/dia_e2e/bhD1_18_7.txt,262144,97,spmspm,ours_sym,3.205,4.957,-1.000000,-1
PREPCSV,/mnt/beegfs/ysu34/hamlib/dia_e2e/bhD1_18_7.txt,262144,97,spmspm,ours_sym,3.205,4.957,4.567060,2
PREPCSV,/mnt/beegfs/ysu34/hamlib/dia_e2e/C2c_18_4.txt,262144,7407,spmv,didx,2432.283,11.149,1.145078,2134
PREPCSV,/mnt/beegfs/ysu34/hamlib/dia_e2e/C2c_18_4.txt,262144,7407,spmv,gopt,2844.393,94.727,1.504707,1953
PREPCSV,/mnt/beegfs/ysu34/hamlib/dia_e2e/fermi_16_5.txt,65536,29,spmv,didx,4.409,0.416,0.005939,812
PREPCSV,/mnt/beegfs/ysu34/hamlib/dia_e2e/fermi_16_5.txt,65536,29,spmv,didx_sym,2.126,0.681,0.006062,463
PREPCSV,/mnt/beegfs/ysu34/hamlib/dia_e2e/fermi_16_5.txt,65536,29,spmv,gopt,5.531,0.669,0.010035,618
PREPCSV,/mnt/beegfs/ysu34/hamlib/dia_e2e/fermi_16_5.txt,65536,29,spmspm,ours_flat,0.584,0.209,0.186511,4
PREPCSV,/mnt/beegfs/ysu34/hamlib/dia_e2e/fermi_16_5.txt,65536,29,spmspm,ours_sym,0.163,2.023,-1.000000,-1
PREPCSV,/mnt/beegfs/ysu34/hamlib/dia_e2e/fermi_16_5.txt,65536,29,spmspm,ours_sym,0.163,2.023,0.094167,23
PREPCSV,/mnt/beegfs/ysu34/hamlib/dia_e2e/fermi_18_5.txt,262144,33,spmv,didx,17.049,1.291,0.012001,1528
PREPCSV,/mnt/beegfs/ysu34/hamlib/dia_e2e/fermi_18_5.txt,262144,33,spmv,didx_sym,9.714,3.112,0.011776,1089
PREPCSV,/mnt/beegfs/ysu34/hamlib/dia_e2e/fermi_18_5.txt,262144,33,spmv,gopt,20.981,2.137,0.013435,1721
PREPCSV,/mnt/beegfs/ysu34/hamlib/dia_e2e/fermi_18_5.txt,262144,33,spmspm,ours_flat,1.857,0.470,1.193677,2
PREPCSV,/mnt/beegfs/ysu34/hamlib/dia_e2e/fermi_18_5.txt,262144,33,spmspm,ours_sym,0.735,3.121,-1.000000,-1
PREPCSV,/mnt/beegfs/ysu34/hamlib/dia_e2e/fermi_18_5.txt,262144,33,spmspm,ours_sym,0.735,3.121,0.557814,7
PREPCSV,/mnt/beegfs/ysu34/hamlib/dia_e2e/fermi_20_5.txt,1048576,37,spmv,didx,119.387,4.819,0.056361,2204
PREPCSV,/mnt/beegfs/ysu34/hamlib/dia_e2e/fermi_20_5.txt,1048576,37,spmv,didx_sym,46.653,11.623,0.053268,1094
PREPCSV,/mnt/beegfs/ysu34/hamlib/dia_e2e/fermi_20_5.txt,1048576,37,spmv,gopt,108.102,7.142,0.078316,1472
PREPCSV,/mnt/beegfs/ysu34/hamlib/dia_e2e/fermi_20_5.txt,1048576,37,spmspm,ours_flat,7.503,0.889,6.223708,1
PREPCSV,/mnt/beegfs/ysu34/hamlib/dia_e2e/fermi_20_5.txt,1048576,37,spmspm,ours_sym,3.398,3.665,-1.000000,-1
PREPCSV,/mnt/beegfs/ysu34/hamlib/dia_e2e/fermi_20_5.txt,1048576,37,spmspm,ours_sym,3.398,3.665,3.132457,2
PREPCSV,/mnt/beegfs/ysu34/hamlib/dia_e2e/fermiFH_18_4.txt,262144,64,spmv,didx,30.832,1.258,0.011756,2730
PREPCSV,/mnt/beegfs/ysu34/hamlib/dia_e2e/fermiFH_18_4.txt,262144,64,spmv,didx_sym,19.004,4.997,0.011674,2056
PREPCSV,/mnt/beegfs/ysu34/hamlib/dia_e2e/fermiFH_18_4.txt,262144,64,spmv,gopt,42.600,2.865,0.034181,1330
PREPCSV,/mnt/beegfs/ysu34/hamlib/dia_e2e/fermiFH_18_4.txt,262144,64,spmspm,ours_flat,5.445,0.701,4.394906,1
PREPCSV,/mnt/beegfs/ysu34/hamlib/dia_e2e/fermiFH_18_4.txt,262144,64,spmspm,ours_sym,1.794,4.212,-1.000000,-1
PREPCSV,/mnt/beegfs/ysu34/hamlib/dia_e2e/fermiFH_18_4.txt,262144,64,spmspm,ours_sym,1.794,4.212,2.086482,3
PREPCSV,/mnt/beegfs/ysu34/hamlib/dia_e2e/H8c_16_4.txt,65536,6921,spmv,didx,521.300,4.723,0.518513,1014
PREPCSV,/mnt/beegfs/ysu34/hamlib/dia_e2e/H8c_16_4.txt,65536,6921,spmv,gopt,677.431,33.511,1.410806,504
PREPCSV,/mnt/beegfs/ysu34/hamlib/dia_e2e/H8c_16_4.txt,65536,6921,spmspm,ours_flat,8470.603,98.386,8226.325195,1
PREPCSV,/mnt/beegfs/ysu34/hamlib/dia_e2e/H8c_16_4.txt,65536,6921,spmspm,ours_sym,744.994,53.352,-1.000000,-1
PREPCSV,/mnt/beegfs/ysu34/hamlib/dia_e2e/H8c_16_4.txt,65536,6921,spmspm,ours_sym,744.994,53.352,4176.657715,0
PREPCSV,/mnt/beegfs/ysu34/hamlib/dia_e2e/heis_16_5.txt,65536,31,spmv,didx,4.122,4.418,0.006062,1409
PREPCSV,/mnt/beegfs/ysu34/hamlib/dia_e2e/heis_16_5.txt,65536,31,spmv,didx_sym,2.210,7.269,0.006144,1543
PREPCSV,/mnt/beegfs/ysu34/hamlib/dia_e2e/heis_16_5.txt,65536,31,spmv,gopt,5.544,0.728,0.010650,589
PREPCSV,/mnt/beegfs/ysu34/hamlib/dia_e2e/heis_16_5.txt,65536,31,spmspm,ours_flat,0.620,0.222,0.212767,4
PREPCSV,/mnt/beegfs/ysu34/hamlib/dia_e2e/heis_16_5.txt,65536,31,spmspm,ours_sym,0.173,2.278,-1.000000,-1
PREPCSV,/mnt/beegfs/ysu34/hamlib/dia_e2e/heis_16_5.txt,65536,31,spmspm,ours_sym,0.173,2.278,0.106721,23
PREPCSV,/mnt/beegfs/ysu34/hamlib/dia_e2e/heis_18_5.txt,262144,35,spmv,didx,20.156,1.401,0.012247,1760
PREPCSV,/mnt/beegfs/ysu34/hamlib/dia_e2e/heis_18_5.txt,262144,35,spmv,didx_sym,10.185,3.248,0.012083,1112
PREPCSV,/mnt/beegfs/ysu34/hamlib/dia_e2e/heis_18_5.txt,262144,35,spmv,gopt,22.164,2.335,0.016056,1526
PREPCSV,/mnt/beegfs/ysu34/hamlib/dia_e2e/heis_18_5.txt,262144,35,spmspm,ours_flat,2.052,0.487,1.347912,2
PREPCSV,/mnt/beegfs/ysu34/hamlib/dia_e2e/heis_18_5.txt,262144,35,spmspm,ours_sym,0.747,3.105,-1.000000,-1
PREPCSV,/mnt/beegfs/ysu34/hamlib/dia_e2e/heis_18_5.txt,262144,35,spmspm,ours_sym,0.747,3.105,0.629391,6
PREPCSV,/mnt/beegfs/ysu34/hamlib/dia_e2e/heis_20_5.txt,1048576,39,spmv,didx,123.026,5.021,0.058286,2197
PREPCSV,/mnt/beegfs/ysu34/hamlib/dia_e2e/heis_20_5.txt,1048576,39,spmv,didx_sym,48.518,12.489,0.054825,1113
PREPCSV,/mnt/beegfs/ysu34/hamlib/dia_e2e/heis_20_5.txt,1048576,39,spmv,gopt,95.538,7.430,0.080466,1280
PREPCSV,/mnt/beegfs/ysu34/hamlib/dia_e2e/heis_20_5.txt,1048576,39,spmspm,ours_flat,8.005,0.932,6.926766,1
PREPCSV,/mnt/beegfs/ysu34/hamlib/dia_e2e/heis_20_5.txt,1048576,39,spmspm,ours_sym,3.644,4.507,-1.000000,-1
PREPCSV,/mnt/beegfs/ysu34/hamlib/dia_e2e/heis_20_5.txt,1048576,39,spmspm,ours_sym,3.644,4.507,3.478713,2
PREPCSV,/mnt/beegfs/ysu34/hamlib/dia_e2e/heis_20_6.txt,1048576,39,spmv,didx,124.424,5.050,0.058429,2216
PREPCSV,/mnt/beegfs/ysu34/hamlib/dia_e2e/heis_20_6.txt,1048576,39,spmv,didx_sym,48.024,12.475,0.054825,1103
PREPCSV,/mnt/beegfs/ysu34/hamlib/dia_e2e/heis_20_6.txt,1048576,39,spmv,gopt,102.754,7.442,0.080200,1374
PREPCSV,/mnt/beegfs/ysu34/hamlib/dia_e2e/heis_20_6.txt,1048576,39,spmspm,ours_flat,7.993,1.049,6.926705,1
PREPCSV,/mnt/beegfs/ysu34/hamlib/dia_e2e/heis_20_6.txt,1048576,39,spmspm,ours_sym,3.651,4.508,-1.000000,-1
PREPCSV,/mnt/beegfs/ysu34/hamlib/dia_e2e/heis_20_6.txt,1048576,39,spmspm,ours_sym,3.651,4.508,3.478569,2
PREPCSV,/mnt/beegfs/ysu34/hamlib/dia_e2e/maxcut_16_5.txt,65536,1,spmv,didx,0.384,0.088,0.003789,125
PREPCSV,/mnt/beegfs/ysu34/hamlib/dia_e2e/maxcut_16_5.txt,65536,1,spmv,didx_sym,0.352,0.106,0.003850,119
PREPCSV,/mnt/beegfs/ysu34/hamlib/dia_e2e/maxcut_16_5.txt,65536,1,spmv,gopt,0.143,0.074,0.003830,57
PREPCSV,/mnt/beegfs/ysu34/hamlib/dia_e2e/maxcut_16_5.txt,65536,1,spmspm,ours_flat,0.132,0.042,0.005161,34
PREPCSV,/mnt/beegfs/ysu34/hamlib/dia_e2e/maxcut_16_5.txt,65536,1,spmspm,ours_sym,0.068,0.041,-1.000000,-1
PREPCSV,/mnt/beegfs/ysu34/hamlib/dia_e2e/maxcut_16_5.txt,65536,1,spmspm,ours_sym,0.068,0.041,0.005120,21
PREPCSV,/mnt/beegfs/ysu34/hamlib/dia_e2e/maxcut_18_5.txt,262144,1,spmv,didx,1.825,0.444,0.004813,471
PREPCSV,/mnt/beegfs/ysu34/hamlib/dia_e2e/maxcut_18_5.txt,262144,1,spmv,didx_sym,1.156,0.438,0.004915,324
PREPCSV,/mnt/beegfs/ysu34/hamlib/dia_e2e/maxcut_18_5.txt,262144,1,spmv,gopt,0.839,0.228,0.004526,236
PREPCSV,/mnt/beegfs/ysu34/hamlib/dia_e2e/maxcut_18_5.txt,262144,1,spmspm,ours_flat,0.505,0.112,0.005632,109
PREPCSV,/mnt/beegfs/ysu34/hamlib/dia_e2e/maxcut_18_5.txt,262144,1,spmspm,ours_sym,0.275,0.111,-1.000000,-1
PREPCSV,/mnt/beegfs/ysu34/hamlib/dia_e2e/maxcut_18_5.txt,262144,1,spmspm,ours_sym,0.275,0.111,0.005632,69
PREPCSV,/mnt/beegfs/ysu34/hamlib/dia_e2e/maxcut_20_5.txt,1048576,1,spmv,didx,5.525,0.932,0.008479,762
PREPCSV,/mnt/beegfs/ysu34/hamlib/dia_e2e/maxcut_20_5.txt,1048576,1,spmv,didx_sym,5.300,0.982,0.008847,710
PREPCSV,/mnt/beegfs/ysu34/hamlib/dia_e2e/maxcut_20_5.txt,1048576,1,spmv,gopt,2.450,0.405,0.006554,436
PREPCSV,/mnt/beegfs/ysu34/hamlib/dia_e2e/maxcut_20_5.txt,1048576,1,spmspm,ours_flat,2.063,0.169,0.009196,243
PREPCSV,/mnt/beegfs/ysu34/hamlib/dia_e2e/maxcut_20_5.txt,1048576,1,spmspm,ours_sym,1.179,0.193,-1.000000,-1
PREPCSV,/mnt/beegfs/ysu34/hamlib/dia_e2e/maxcut_20_5.txt,1048576,1,spmspm,ours_sym,1.179,0.193,0.009155,150
PREPCSV,/mnt/beegfs/ysu34/hamlib/dia_e2e/O2c_16_5.txt,65536,867,spmv,didx,87.918,2.182,0.067625,1332
PREPCSV,/mnt/beegfs/ysu34/hamlib/dia_e2e/O2c_16_5.txt,65536,867,spmv,gopt,108.980,6.748,0.251167,461
PREPCSV,/mnt/beegfs/ysu34/hamlib/dia_e2e/O2c_16_5.txt,65536,867,spmspm,ours_flat,671.979,3.805,131.691833,5
PREPCSV,/mnt/beegfs/ysu34/hamlib/dia_e2e/O2c_16_5.txt,65536,867,spmspm,ours_sym,28.701,15.128,-1.000000,-1
PREPCSV,/mnt/beegfs/ysu34/hamlib/dia_e2e/O2c_16_5.txt,65536,867,spmspm,ours_sym,28.701,15.128,60.957535,1
PREPCSV,/mnt/beegfs/ysu34/hamlib/dia_e2e/O2c_20_5.txt,1048576,2367,spmv,didx,5252.149,68.990,2.741760,1941
PREPCSV,/mnt/beegfs/ysu34/hamlib/dia_e2e/O2c_20_5.txt,1048576,2367,spmv,gopt,4298.097,194.011,2.064957,2175
PREPCSV,/mnt/beegfs/ysu34/hamlib/dia_e2e/qmaxcut_16_4.txt,65536,31,spmv,didx,3.396,0.500,0.006205,628
PREPCSV,/mnt/beegfs/ysu34/hamlib/dia_e2e/qmaxcut_16_4.txt,65536,31,spmv,didx_sym,1.686,0.559,0.006656,337
PREPCSV,/mnt/beegfs/ysu34/hamlib/dia_e2e/qmaxcut_16_4.txt,65536,31,spmv,gopt,3.306,0.438,0.008192,457
PREPCSV,/mnt/beegfs/ysu34/hamlib/dia_e2e/qmaxcut_16_4.txt,65536,31,spmspm,ours_flat,0.497,0.211,0.106598,7
PREPCSV,/mnt/beegfs/ysu34/hamlib/dia_e2e/qmaxcut_16_4.txt,65536,31,spmspm,ours_sym,0.145,1.390,-1.000000,-1
PREPCSV,/mnt/beegfs/ysu34/hamlib/dia_e2e/qmaxcut_16_4.txt,65536,31,spmspm,ours_sym,0.145,1.390,0.055296,28
PREPCSV,/mnt/beegfs/ysu34/hamlib/dia_e2e/qmaxcut_18_4.txt,262144,35,spmv,didx,13.332,1.411,0.012554,1174
PREPCSV,/mnt/beegfs/ysu34/hamlib/dia_e2e/qmaxcut_18_4.txt,262144,35,spmv,didx_sym,7.598,2.204,0.012554,781
PREPCSV,/mnt/beegfs/ysu34/hamlib/dia_e2e/qmaxcut_18_4.txt,262144,35,spmv,gopt,11.453,1.645,0.010465,1252
PREPCSV,/mnt/beegfs/ysu34/hamlib/dia_e2e/qmaxcut_18_4.txt,262144,35,spmspm,ours_flat,1.531,0.390,0.537580,4
PREPCSV,/mnt/beegfs/ysu34/hamlib/dia_e2e/qmaxcut_18_4.txt,262144,35,spmspm,ours_sym,0.589,3.252,-1.000000,-1
PREPCSV,/mnt/beegfs/ysu34/hamlib/dia_e2e/qmaxcut_18_4.txt,262144,35,spmspm,ours_sym,0.589,3.252,0.270828,14
PREPCSV,/mnt/beegfs/ysu34/hamlib/dia_e2e/qmaxcut_20_4.txt,1048576,39,spmv,didx,80.737,4.945,0.061215,1400
PREPCSV,/mnt/beegfs/ysu34/hamlib/dia_e2e/qmaxcut_20_4.txt,1048576,39,spmv,didx_sym,30.915,8.087,0.062833,621
PREPCSV,/mnt/beegfs/ysu34/hamlib/dia_e2e/qmaxcut_20_4.txt,1048576,39,spmv,gopt,53.944,5.081,0.054682,1079
PREPCSV,/mnt/beegfs/ysu34/hamlib/dia_e2e/qmaxcut_20_4.txt,1048576,39,spmspm,ours_flat,5.713,0.729,2.823455,2
PREPCSV,/mnt/beegfs/ysu34/hamlib/dia_e2e/qmaxcut_20_4.txt,1048576,39,spmspm,ours_sym,2.492,2.528,-1.000000,-1
PREPCSV,/mnt/beegfs/ysu34/hamlib/dia_e2e/qmaxcut_20_4.txt,1048576,39,spmspm,ours_sym,2.492,2.528,1.440727,3
PREPCSV,/mnt/beegfs/ysu34/hamlib/dia_e2e/qmaxcutC_18_4.txt,262144,73,spmv,didx,56.667,2.437,0.026214,2255
PREPCSV,/mnt/beegfs/ysu34/hamlib/dia_e2e/qmaxcutC_18_4.txt,262144,73,spmv,didx_sym,19.719,5.767,0.026276,970
PREPCSV,/mnt/beegfs/ysu34/hamlib/dia_e2e/qmaxcutC_18_4.txt,262144,73,spmv,gopt,50.690,4.066,0.046141,1187
PREPCSV,/mnt/beegfs/ysu34/hamlib/dia_e2e/qmaxcutC_18_4.txt,262144,73,spmspm,ours_flat,6.894,0.754,5.425726,1
PREPCSV,/mnt/beegfs/ysu34/hamlib/dia_e2e/qmaxcutC_18_4.txt,262144,73,spmspm,ours_sym,2.005,4.013,-1.000000,-1
PREPCSV,/mnt/beegfs/ysu34/hamlib/dia_e2e/qmaxcutC_18_4.txt,262144,73,spmspm,ours_sym,2.005,4.013,2.575217,2
PREPCSV,/mnt/beegfs/ysu34/hamlib/dia_e2e/qmaxcutK_18_4.txt,262144,19,spmv,didx,10.986,1.029,0.008847,1358
PREPCSV,/mnt/beegfs/ysu34/hamlib/dia_e2e/qmaxcutK_18_4.txt,262144,19,spmv,didx_sym,5.659,2.087,0.009830,788
PREPCSV,/mnt/beegfs/ysu34/hamlib/dia_e2e/qmaxcutK_18_4.txt,262144,19,spmv,gopt,13.754,1.818,0.011960,1302
PREPCSV,/mnt/beegfs/ysu34/hamlib/dia_e2e/qmaxcutK_18_4.txt,262144,19,spmspm,ours_flat,0.890,0.292,0.364319,3
PREPCSV,/mnt/beegfs/ysu34/hamlib/dia_e2e/qmaxcutK_18_4.txt,262144,19,spmspm,ours_sym,0.438,2.356,-1.000000,-1
PREPCSV,/mnt/beegfs/ysu34/hamlib/dia_e2e/qmaxcutK_18_4.txt,262144,19,spmspm,ours_sym,0.438,2.356,0.175350,16
PREPCSV,/mnt/beegfs/ysu34/hamlib/dia_e2e/qmaxcutR_18_3.txt,262144,9,spmv,didx,5.738,0.708,0.006922,931
PREPCSV,/mnt/beegfs/ysu34/hamlib/dia_e2e/qmaxcutR_18_3.txt,262144,9,spmv,didx_sym,3.186,1.030,0.007905,533
PREPCSV,/mnt/beegfs/ysu34/hamlib/dia_e2e/qmaxcutR_18_3.txt,262144,9,spmv,gopt,6.974,0.648,0.006861,1111
PREPCSV,/mnt/beegfs/ysu34/hamlib/dia_e2e/qmaxcutR_18_3.txt,262144,9,spmspm,ours_flat,0.604,0.210,0.082985,10
PREPCSV,/mnt/beegfs/ysu34/hamlib/dia_e2e/qmaxcutR_18_3.txt,262144,9,spmspm,ours_sym,0.331,0.436,-1.000000,-1
PREPCSV,/mnt/beegfs/ysu34/hamlib/dia_e2e/qmaxcutR_18_3.txt,262144,9,spmspm,ours_sym,0.331,0.436,0.039977,19
PREPCSV,/mnt/beegfs/ysu34/hamlib/dia_e2e/tfim_16_4.txt,65536,33,spmv,didx,6.245,0.714,0.007311,952
PREPCSV,/mnt/beegfs/ysu34/hamlib/dia_e2e/tfim_16_4.txt,65536,33,spmv,didx_sym,2.883,0.880,0.006779,555
PREPCSV,/mnt/beegfs/ysu34/hamlib/dia_e2e/tfim_16_4.txt,65536,33,spmv,gopt,6.396,0.819,0.012472,578
PREPCSV,/mnt/beegfs/ysu34/hamlib/dia_e2e/tfim_16_4.txt,65536,33,spmspm,ours_flat,0.658,0.232,0.229274,4
PREPCSV,/mnt/beegfs/ysu34/hamlib/dia_e2e/tfim_16_4.txt,65536,33,spmspm,ours_sym,0.182,2.430,-1.000000,-1
PREPCSV,/mnt/beegfs/ysu34/hamlib/dia_e2e/tfim_16_4.txt,65536,33,spmspm,ours_sym,0.182,2.430,0.114422,23
PREPCSV,/mnt/beegfs/ysu34/hamlib/dia_e2e/tfim_16_5.txt,65536,33,spmv,didx,5.673,0.749,0.007332,876
PREPCSV,/mnt/beegfs/ysu34/hamlib/dia_e2e/tfim_16_5.txt,65536,33,spmv,didx_sym,2.926,0.913,0.006799,565
PREPCSV,/mnt/beegfs/ysu34/hamlib/dia_e2e/tfim_16_5.txt,65536,33,spmv,gopt,6.446,0.806,0.012390,585
PREPCSV,/mnt/beegfs/ysu34/hamlib/dia_e2e/tfim_16_5.txt,65536,33,spmspm,ours_flat,0.660,0.230,0.229130,4
PREPCSV,/mnt/beegfs/ysu34/hamlib/dia_e2e/tfim_16_5.txt,65536,33,spmspm,ours_sym,0.186,2.427,-1.000000,-1
PREPCSV,/mnt/beegfs/ysu34/hamlib/dia_e2e/tfim_16_5.txt,65536,33,spmspm,ours_sym,0.186,2.427,0.114504,23
PREPCSV,/mnt/beegfs/ysu34/hamlib/dia_e2e/tfim_18_4.txt,262144,37,spmv,didx,43.437,2.490,0.021996,2088
PREPCSV,/mnt/beegfs/ysu34/hamlib/dia_e2e/tfim_18_4.txt,262144,37,spmv,didx_sym,13.175,3.474,0.015811,1053
PREPCSV,/mnt/beegfs/ysu34/hamlib/dia_e2e/tfim_18_4.txt,262144,37,spmv,gopt,25.018,2.707,0.025457,1089
PREPCSV,/mnt/beegfs/ysu34/hamlib/dia_e2e/tfim_18_4.txt,262144,37,spmspm,ours_flat,2.147,0.487,1.445949,2
PREPCSV,/mnt/beegfs/ysu34/hamlib/dia_e2e/tfim_18_4.txt,262144,37,spmspm,ours_sym,0.794,3.065,-1.000000,-1
PREPCSV,/mnt/beegfs/ysu34/hamlib/dia_e2e/tfim_18_4.txt,262144,37,spmspm,ours_sym,0.794,3.065,0.673690,6
PREPCSV,/mnt/beegfs/ysu34/hamlib/dia_e2e/tfim_18_5.txt,262144,37,spmv,didx,43.671,2.476,0.021975,2100
PREPCSV,/mnt/beegfs/ysu34/hamlib/dia_e2e/tfim_18_5.txt,262144,37,spmv,didx_sym,13.399,3.480,0.015770,1070
PREPCSV,/mnt/beegfs/ysu34/hamlib/dia_e2e/tfim_18_5.txt,262144,37,spmv,gopt,25.320,2.744,0.025416,1104
PREPCSV,/mnt/beegfs/ysu34/hamlib/dia_e2e/tfim_18_5.txt,262144,37,spmspm,ours_flat,2.144,0.492,1.446052,2
PREPCSV,/mnt/beegfs/ysu34/hamlib/dia_e2e/tfim_18_5.txt,262144,37,spmspm,ours_sym,0.827,3.023,-1.000000,-1
PREPCSV,/mnt/beegfs/ysu34/hamlib/dia_e2e/tfim_18_5.txt,262144,37,spmspm,ours_sym,0.827,3.023,0.673813,6
PREPCSV,/mnt/beegfs/ysu34/hamlib/dia_e2e/tfim_20_5.txt,1048576,41,spmv,didx,220.975,8.868,0.108196,2124
PREPCSV,/mnt/beegfs/ysu34/hamlib/dia_e2e/tfim_20_5.txt,1048576,41,spmv,didx_sym,75.220,13.578,0.076063,1167
PREPCSV,/mnt/beegfs/ysu34/hamlib/dia_e2e/tfim_20_5.txt,1048576,41,spmv,gopt,106.513,9.300,0.097628,1186
PREPCSV,/mnt/beegfs/ysu34/hamlib/dia_e2e/tfim_20_5.txt,1048576,41,spmspm,ours_flat,8.344,0.998,7.353897,1
PREPCSV,/mnt/beegfs/ysu34/hamlib/dia_e2e/tfim_20_5.txt,1048576,41,spmspm,ours_sym,3.755,4.388,-1.000000,-1
PREPCSV,/mnt/beegfs/ysu34/hamlib/dia_e2e/tfim_20_5.txt,1048576,41,spmspm,ours_sym,3.755,4.388,3.690865,2
PREPCSV,/mnt/beegfs/ysu34/hamlib/dia_e2e/tsp_18_4.txt,262144,1,spmv,didx,1.811,0.439,0.004874,462
PREPCSV,/mnt/beegfs/ysu34/hamlib/dia_e2e/tsp_18_4.txt,262144,1,spmv,didx_sym,1.117,0.435,0.005018,309
PREPCSV,/mnt/beegfs/ysu34/hamlib/dia_e2e/tsp_18_4.txt,262144,1,spmv,gopt,0.823,0.230,0.004506,234
PREPCSV,/mnt/beegfs/ysu34/hamlib/dia_e2e/tsp_18_4.txt,262144,1,spmspm,ours_flat,0.494,0.107,0.005571,108
PREPCSV,/mnt/beegfs/ysu34/hamlib/dia_e2e/tsp_18_4.txt,262144,1,spmspm,ours_sym,0.272,0.113,-1.000000,-1
PREPCSV,/mnt/beegfs/ysu34/hamlib/dia_e2e/tsp_18_4.txt,262144,1,spmspm,ours_sym,0.272,0.113,0.005550,69
PREPCSV,/mnt/beegfs/ysu34/hamlib/dia_e2e/vibbf3_18_3.txt,262144,12,spmv,didx,7.163,0.828,0.007188,1112
PREPCSV,/mnt/beegfs/ysu34/hamlib/dia_e2e/vibbf3_18_3.txt,262144,12,spmv,didx_sym,3.797,1.301,0.008028,635
PREPCSV,/mnt/beegfs/ysu34/hamlib/dia_e2e/vibbf3_18_3.txt,262144,12,spmv,gopt,7.861,0.938,0.007700,1143
PREPCSV,/mnt/beegfs/ysu34/hamlib/dia_e2e/vibbf3_18_3.txt,262144,12,spmspm,ours_flat,0.673,0.247,0.145531,6
PREPCSV,/mnt/beegfs/ysu34/hamlib/dia_e2e/vibbf3_18_3.txt,262144,12,spmspm,ours_sym,0.356,1.088,-1.000000,-1
PREPCSV,/mnt/beegfs/ysu34/hamlib/dia_e2e/vibbf3_18_3.txt,262144,12,spmspm,ours_sym,0.356,1.088,0.070615,20
PREPCSV,/mnt/beegfs/ysu34/hamlib/dia_suitesparse/atmosmodd.txt,1270432,7,spmv,didx,35.546,4.346,0.047677,837
PREPCSV,/mnt/beegfs/ysu34/hamlib/dia_suitesparse/atmosmodd.txt,1270432,7,spmv,gopt,28.023,2.952,0.036188,856
PREPCSV,/mnt/beegfs/ysu34/hamlib/dia_suitesparse/atmosmodd.txt,1270432,7,spmspm,ours_flat,2.723,0.413,0.300257,10
PREPCSV,/mnt/beegfs/ysu34/hamlib/dia_suitesparse/atmosmodd.txt,1270432,7,spmspm,ours_sym,1.567,0.249,-1.000000,-1
PREPCSV,/mnt/beegfs/ysu34/hamlib/dia_suitesparse/atmosmodd.txt,1270432,7,spmspm,ours_sym,1.567,0.249,0.156918,12
PREPCSV,/mnt/beegfs/ysu34/hamlib/dia_suitesparse/ecology2.txt,999999,7,spmv,didx,21.748,2.937,0.030147,819
PREPCSV,/mnt/beegfs/ysu34/hamlib/dia_suitesparse/ecology2.txt,999999,7,spmv,didx_sym,14.014,3.153,0.023122,742
PREPCSV,/mnt/beegfs/ysu34/hamlib/dia_suitesparse/ecology2.txt,999999,7,spmv,gopt,19.347,1.911,0.014971,1420
PREPCSV,/mnt/beegfs/ysu34/hamlib/dia_suitesparse/ecology2.txt,999999,7,spmspm,ours_flat,2.126,0.355,0.210227,12
PREPCSV,/mnt/beegfs/ysu34/hamlib/dia_suitesparse/ecology2.txt,999999,7,spmspm,ours_sym,1.233,0.228,-1.000000,-1
PREPCSV,/mnt/beegfs/ysu34/hamlib/dia_suitesparse/ecology2.txt,999999,7,spmspm,ours_sym,1.233,0.228,0.110100,13
PREPCSV,/mnt/beegfs/ysu34/hamlib/dia_suitesparse/Lin.txt,256000,7,spmv,didx,7.079,1.084,0.008212,994
PREPCSV,/mnt/beegfs/ysu34/hamlib/dia_suitesparse/Lin.txt,256000,7,spmv,didx_sym,3.444,0.984,0.007967,556
PREPCSV,/mnt/beegfs/ysu34/hamlib/dia_suitesparse/Lin.txt,256000,7,spmv,gopt,4.524,0.769,0.007352,720
PREPCSV,/mnt/beegfs/ysu34/hamlib/dia_suitesparse/Lin.txt,256000,7,spmspm,ours_flat,0.597,0.236,0.050872,16
PREPCSV,/mnt/beegfs/ysu34/hamlib/dia_suitesparse/Lin.txt,256000,7,spmspm,ours_sym,0.310,0.200,-1.000000,-1
PREPCSV,/mnt/beegfs/ysu34/hamlib/dia_suitesparse/Lin.txt,256000,7,spmspm,ours_sym,0.310,0.200,0.025477,20
PREPCSV,/mnt/beegfs/ysu34/hamlib/dia_e2e/BH_20_7.txt,1048576,109,spmv,didx,246.850,5.182,0.065188,3866
PREPCSV,/mnt/beegfs/ysu34/hamlib/dia_e2e/BH_20_7.txt,1048576,109,spmv,didx_sym,115.874,31.282,0.073748,1995
PREPCSV,/mnt/beegfs/ysu34/hamlib/dia_e2e/BH_20_7.txt,1048576,109,spmv,gopt,240.095,16.646,0.166646,1541
PREPCSV,/mnt/beegfs/ysu34/hamlib/dia_e2e/BH_20_7.txt,1048576,109,spmspm,ours_flat,45.982,4.065,51.059505,1
PREPCSV,/mnt/beegfs/ysu34/hamlib/dia_e2e/BH_20_7.txt,1048576,109,spmspm,ours_sym,16.713,13.022,-1.000000,-1
PREPCSV,/mnt/beegfs/ysu34/hamlib/dia_e2e/BH_20_7.txt,1048576,109,spmspm,ours_sym,16.713,13.022,25.457336,1
PREPCSV,/mnt/beegfs/ysu34/hamlib/dia_e2e/bhc_16_7.txt,65536,85,spmv,didx,8.912,0.554,0.006554,1444
PREPCSV,/mnt/beegfs/ysu34/hamlib/dia_e2e/bhc_16_7.txt,65536,85,spmv,didx_sym,5.031,1.772,0.006574,1035
PREPCSV,/mnt/beegfs/ysu34/hamlib/dia_e2e/bhc_16_7.txt,65536,85,spmv,gopt,12.163,1.441,0.021094,645
PREPCSV,/mnt/beegfs/ysu34/hamlib/dia_e2e/bhc_16_7.txt,65536,85,spmspm,ours_flat,5.288,0.460,1.574400,4
PREPCSV,/mnt/beegfs/ysu34/hamlib/dia_e2e/bhc_16_7.txt,65536,85,spmspm,ours_sym,0.723,3.375,-1.000000,-1
PREPCSV,/mnt/beegfs/ysu34/hamlib/dia_e2e/bhc_16_7.txt,65536,85,spmspm,ours_sym,0.723,3.375,0.687514,6
PREPCSV,/mnt/beegfs/ysu34/hamlib/dia_e2e/bhc_18_7.txt,262144,97,spmv,didx,45.275,1.447,0.013578,3441
PREPCSV,/mnt/beegfs/ysu34/hamlib/dia_e2e/bhc_18_7.txt,262144,97,spmv,didx_sym,24.424,7.166,0.014848,2128
PREPCSV,/mnt/beegfs/ysu34/hamlib/dia_e2e/bhc_18_7.txt,262144,97,spmv,gopt,51.207,4.381,0.054415,1022
PREPCSV,/mnt/beegfs/ysu34/hamlib/dia_e2e/bhc_18_7.txt,262144,97,spmspm,ours_flat,13.510,0.964,9.486090,2
PREPCSV,/mnt/beegfs/ysu34/hamlib/dia_e2e/bhc_18_7.txt,262144,97,spmspm,ours_sym,3.234,4.923,-1.000000,-1
PREPCSV,/mnt/beegfs/ysu34/hamlib/dia_e2e/bhc_18_7.txt,262144,97,spmspm,ours_sym,3.234,4.923,4.566405,2
PREPCSV,/mnt/beegfs/ysu34/hamlib/dia_e2e/bhD1_18_7.txt,262144,97,spmv,didx,45.193,1.449,0.013496,3456
PREPCSV,/mnt/beegfs/ysu34/hamlib/dia_e2e/bhD1_18_7.txt,262144,97,spmv,didx_sym,23.964,7.090,0.014828,2094
PREPCSV,/mnt/beegfs/ysu34/hamlib/dia_e2e/bhD1_18_7.txt,262144,97,spmv,gopt,64.356,4.511,0.055235,1247
PREPCSV,/mnt/beegfs/ysu34/hamlib/dia_e2e/bhD1_18_7.txt,262144,97,spmspm,ours_flat,13.432,0.976,9.486356,2
PREPCSV,/mnt/beegfs/ysu34/hamlib/dia_e2e/bhD1_18_7.txt,262144,97,spmspm,ours_sym,3.274,4.887,-1.000000,-1
PREPCSV,/mnt/beegfs/ysu34/hamlib/dia_e2e/bhD1_18_7.txt,262144,97,spmspm,ours_sym,3.274,4.887,4.566364,2
PREPCSV,/mnt/beegfs/ysu34/hamlib/dia_e2e/C2c_18_4.txt,262144,7407,spmv,didx,2437.128,10.826,1.147679,2133
PREPCSV,/mnt/beegfs/ysu34/hamlib/dia_e2e/C2c_18_4.txt,262144,7407,spmv,gopt,2869.033,92.189,1.504297,1969
PREPCSV,/mnt/beegfs/ysu34/hamlib/dia_e2e/fermi_16_5.txt,65536,29,spmv,didx,4.399,0.417,0.006042,797
PREPCSV,/mnt/beegfs/ysu34/hamlib/dia_e2e/fermi_16_5.txt,65536,29,spmv,didx_sym,2.218,0.688,0.006124,475
PREPCSV,/mnt/beegfs/ysu34/hamlib/dia_e2e/fermi_16_5.txt,65536,29,spmv,gopt,5.341,0.665,0.010097,595
PREPCSV,/mnt/beegfs/ysu34/hamlib/dia_e2e/fermi_16_5.txt,65536,29,spmspm,ours_flat,0.548,0.222,0.187290,4
PREPCSV,/mnt/beegfs/ysu34/hamlib/dia_e2e/fermi_16_5.txt,65536,29,spmspm,ours_sym,0.163,2.017,-1.000000,-1
PREPCSV,/mnt/beegfs/ysu34/hamlib/dia_e2e/fermi_16_5.txt,65536,29,spmspm,ours_sym,0.163,2.017,0.094269,23
PREPCSV,/mnt/beegfs/ysu34/hamlib/dia_e2e/fermi_18_5.txt,262144,33,spmv,didx,16.378,1.296,0.012165,1453
PREPCSV,/mnt/beegfs/ysu34/hamlib/dia_e2e/fermi_18_5.txt,262144,33,spmv,didx_sym,9.485,3.090,0.011960,1051
PREPCSV,/mnt/beegfs/ysu34/hamlib/dia_e2e/fermi_18_5.txt,262144,33,spmv,gopt,20.786,2.152,0.013558,1692
PREPCSV,/mnt/beegfs/ysu34/hamlib/dia_e2e/fermi_18_5.txt,262144,33,spmspm,ours_flat,1.865,0.464,1.193820,2
PREPCSV,/mnt/beegfs/ysu34/hamlib/dia_e2e/fermi_18_5.txt,262144,33,spmspm,ours_sym,0.699,3.153,-1.000000,-1
PREPCSV,/mnt/beegfs/ysu34/hamlib/dia_e2e/fermi_18_5.txt,262144,33,spmspm,ours_sym,0.699,3.153,0.558039,7
PREPCSV,/mnt/beegfs/ysu34/hamlib/dia_e2e/fermi_20_5.txt,1048576,37,spmv,didx,130.469,4.890,0.056443,2398
PREPCSV,/mnt/beegfs/ysu34/hamlib/dia_e2e/fermi_20_5.txt,1048576,37,spmv,didx_sym,45.665,11.878,0.053289,1080
PREPCSV,/mnt/beegfs/ysu34/hamlib/dia_e2e/fermi_20_5.txt,1048576,37,spmv,gopt,106.975,7.306,0.078316,1459
PREPCSV,/mnt/beegfs/ysu34/hamlib/dia_e2e/fermi_20_5.txt,1048576,37,spmspm,ours_flat,7.487,0.904,6.223114,1
PREPCSV,/mnt/beegfs/ysu34/hamlib/dia_e2e/fermi_20_5.txt,1048576,37,spmspm,ours_sym,3.407,3.728,-1.000000,-1
PREPCSV,/mnt/beegfs/ysu34/hamlib/dia_e2e/fermi_20_5.txt,1048576,37,spmspm,ours_sym,3.407,3.728,3.132457,2
PREPCSV,/mnt/beegfs/ysu34/hamlib/dia_e2e/fermiFH_18_4.txt,262144,64,spmv,didx,31.279,1.247,0.011715,2777
PREPCSV,/mnt/beegfs/ysu34/hamlib/dia_e2e/fermiFH_18_4.txt,262144,64,spmv,didx_sym,16.606,5.056,0.011633,1862
PREPCSV,/mnt/beegfs/ysu34/hamlib/dia_e2e/fermiFH_18_4.txt,262144,64,spmv,gopt,38.313,2.869,0.034202,1204
PREPCSV,/mnt/beegfs/ysu34/hamlib/dia_e2e/fermiFH_18_4.txt,262144,64,spmspm,ours_flat,5.447,0.682,4.394619,1
PREPCSV,/mnt/beegfs/ysu34/hamlib/dia_e2e/fermiFH_18_4.txt,262144,64,spmspm,ours_sym,1.709,4.294,-1.000000,-1
PREPCSV,/mnt/beegfs/ysu34/hamlib/dia_e2e/fermiFH_18_4.txt,262144,64,spmspm,ours_sym,1.709,4.294,2.086605,3
PREPCSV,/mnt/beegfs/ysu34/hamlib/dia_e2e/H8c_16_4.txt,65536,6921,spmv,didx,520.662,4.589,0.518595,1013
PREPCSV,/mnt/beegfs/ysu34/hamlib/dia_e2e/H8c_16_4.txt,65536,6921,spmv,gopt,602.191,33.501,1.410171,451
PREPCSV,/mnt/beegfs/ysu34/hamlib/dia_e2e/H8c_16_4.txt,65536,6921,spmspm,ours_flat,8427.552,98.597,8226.322266,1
PREPCSV,/mnt/beegfs/ysu34/hamlib/dia_e2e/H8c_16_4.txt,65536,6921,spmspm,ours_sym,749.624,53.535,-1.000000,-1
PREPCSV,/mnt/beegfs/ysu34/hamlib/dia_e2e/H8c_16_4.txt,65536,6921,spmspm,ours_sym,749.624,53.535,4176.564453,0
PREPCSV,/mnt/beegfs/ysu34/hamlib/dia_e2e/heis_16_5.txt,65536,31,spmv,didx,4.540,3.991,0.006042,1412
PREPCSV,/mnt/beegfs/ysu34/hamlib/dia_e2e/heis_16_5.txt,65536,31,spmv,didx_sym,2.274,7.159,0.006124,1540
PREPCSV,/mnt/beegfs/ysu34/hamlib/dia_e2e/heis_16_5.txt,65536,31,spmv,gopt,5.653,1.212,0.010691,642
PREPCSV,/mnt/beegfs/ysu34/hamlib/dia_e2e/heis_16_5.txt,65536,31,spmspm,ours_flat,0.585,0.218,0.212685,4
PREPCSV,/mnt/beegfs/ysu34/hamlib/dia_e2e/heis_16_5.txt,65536,31,spmspm,ours_sym,0.173,2.279,-1.000000,-1
PREPCSV,/mnt/beegfs/ysu34/hamlib/dia_e2e/heis_16_5.txt,65536,31,spmspm,ours_sym,0.173,2.279,0.106414,23
PREPCSV,/mnt/beegfs/ysu34/hamlib/dia_e2e/heis_18_5.txt,262144,35,spmv,didx,20.935,1.415,0.012370,1807
PREPCSV,/mnt/beegfs/ysu34/hamlib/dia_e2e/heis_18_5.txt,262144,35,spmv,didx_sym,10.023,3.236,0.012206,1086
PREPCSV,/mnt/beegfs/ysu34/hamlib/dia_e2e/heis_18_5.txt,262144,35,spmv,gopt,21.873,2.319,0.016138,1499
PREPCSV,/mnt/beegfs/ysu34/hamlib/dia_e2e/heis_18_5.txt,262144,35,spmspm,ours_flat,2.045,0.487,1.348280,2
PREPCSV,/mnt/beegfs/ysu34/hamlib/dia_e2e/heis_18_5.txt,262144,35,spmspm,ours_sym,0.749,3.105,-1.000000,-1
PREPCSV,/mnt/beegfs/ysu34/hamlib/dia_e2e/heis_18_5.txt,262144,35,spmspm,ours_sym,0.749,3.105,0.629494,6
PREPCSV,/mnt/beegfs/ysu34/hamlib/dia_e2e/heis_20_5.txt,1048576,39,spmv,didx,127.124,5.052,0.058368,2265
PREPCSV,/mnt/beegfs/ysu34/hamlib/dia_e2e/heis_20_5.txt,1048576,39,spmv,didx_sym,48.071,12.507,0.054825,1105
PREPCSV,/mnt/beegfs/ysu34/hamlib/dia_e2e/heis_20_5.txt,1048576,39,spmv,gopt,93.576,7.441,0.080220,1259
PREPCSV,/mnt/beegfs/ysu34/hamlib/dia_e2e/heis_20_5.txt,1048576,39,spmspm,ours_flat,7.994,0.933,6.927462,1
PREPCSV,/mnt/beegfs/ysu34/hamlib/dia_e2e/heis_20_5.txt,1048576,39,spmspm,ours_sym,3.685,4.501,-1.000000,-1
PREPCSV,/mnt/beegfs/ysu34/hamlib/dia_e2e/heis_20_5.txt,1048576,39,spmspm,ours_sym,3.685,4.501,3.479224,2
PREPCSV,/mnt/beegfs/ysu34/hamlib/dia_e2e/heis_20_6.txt,1048576,39,spmv,didx,126.273,5.058,0.058491,2245
PREPCSV,/mnt/beegfs/ysu34/hamlib/dia_e2e/heis_20_6.txt,1048576,39,spmv,didx_sym,48.774,12.474,0.054784,1118
PREPCSV,/mnt/beegfs/ysu34/hamlib/dia_e2e/heis_20_6.txt,1048576,39,spmv,gopt,102.781,7.401,0.080179,1374
PREPCSV,/mnt/beegfs/ysu34/hamlib/dia_e2e/heis_20_6.txt,1048576,39,spmspm,ours_flat,7.978,1.070,6.927278,1
PREPCSV,/mnt/beegfs/ysu34/hamlib/dia_e2e/heis_20_6.txt,1048576,39,spmspm,ours_sym,3.652,4.491,-1.000000,-1
PREPCSV,/mnt/beegfs/ysu34/hamlib/dia_e2e/heis_20_6.txt,1048576,39,spmspm,ours_sym,3.652,4.491,3.479102,2
PREPCSV,/mnt/beegfs/ysu34/hamlib/dia_e2e/maxcut_16_5.txt,65536,1,spmv,didx,0.375,0.089,0.003809,122
PREPCSV,/mnt/beegfs/ysu34/hamlib/dia_e2e/maxcut_16_5.txt,65536,1,spmv,didx_sym,0.373,0.107,0.003973,121
PREPCSV,/mnt/beegfs/ysu34/hamlib/dia_e2e/maxcut_16_5.txt,65536,1,spmv,gopt,0.144,0.072,0.003830,56
PREPCSV,/mnt/beegfs/ysu34/hamlib/dia_e2e/maxcut_16_5.txt,65536,1,spmspm,ours_flat,0.128,0.043,0.005100,34
PREPCSV,/mnt/beegfs/ysu34/hamlib/dia_e2e/maxcut_16_5.txt,65536,1,spmspm,ours_sym,0.068,0.041,-1.000000,-1
PREPCSV,/mnt/beegfs/ysu34/hamlib/dia_e2e/maxcut_16_5.txt,65536,1,spmspm,ours_sym,0.068,0.041,0.005059,22
PREPCSV,/mnt/beegfs/ysu34/hamlib/dia_e2e/maxcut_18_5.txt,262144,1,spmv,didx,1.799,0.433,0.004792,466
PREPCSV,/mnt/beegfs/ysu34/hamlib/dia_e2e/maxcut_18_5.txt,262144,1,spmv,didx_sym,1.133,0.435,0.004895,320
PREPCSV,/mnt/beegfs/ysu34/hamlib/dia_e2e/maxcut_18_5.txt,262144,1,spmv,gopt,0.836,0.227,0.004526,235
PREPCSV,/mnt/beegfs/ysu34/hamlib/dia_e2e/maxcut_18_5.txt,262144,1,spmspm,ours_flat,0.497,0.109,0.005612,108
PREPCSV,/mnt/beegfs/ysu34/hamlib/dia_e2e/maxcut_18_5.txt,262144,1,spmspm,ours_sym,0.275,0.111,-1.000000,-1
PREPCSV,/mnt/beegfs/ysu34/hamlib/dia_e2e/maxcut_18_5.txt,262144,1,spmspm,ours_sym,0.275,0.111,0.005612,69
PREPCSV,/mnt/beegfs/ysu34/hamlib/dia_e2e/maxcut_20_5.txt,1048576,1,spmv,didx,4.730,0.897,0.008397,670
PREPCSV,/mnt/beegfs/ysu34/hamlib/dia_e2e/maxcut_20_5.txt,1048576,1,spmv,didx_sym,5.265,0.987,0.008806,710
PREPCSV,/mnt/beegfs/ysu34/hamlib/dia_e2e/maxcut_20_5.txt,1048576,1,spmv,gopt,2.402,0.393,0.006431,435
PREPCSV,/mnt/beegfs/ysu34/hamlib/dia_e2e/maxcut_20_5.txt,1048576,1,spmspm,ours_flat,1.994,0.164,0.009032,239
PREPCSV,/mnt/beegfs/ysu34/hamlib/dia_e2e/maxcut_20_5.txt,1048576,1,spmspm,ours_sym,1.187,0.180,-1.000000,-1
PREPCSV,/mnt/beegfs/ysu34/hamlib/dia_e2e/maxcut_20_5.txt,1048576,1,spmspm,ours_sym,1.187,0.180,0.009032,151
PREPCSV,/mnt/beegfs/ysu34/hamlib/dia_e2e/O2c_16_5.txt,65536,867,spmv,didx,87.922,2.185,0.067666,1332
PREPCSV,/mnt/beegfs/ysu34/hamlib/dia_e2e/O2c_16_5.txt,65536,867,spmv,gopt,97.849,6.732,0.250982,417
PREPCSV,/mnt/beegfs/ysu34/hamlib/dia_e2e/O2c_16_5.txt,65536,867,spmspm,ours_flat,674.120,3.829,131.694458,5
PREPCSV,/mnt/beegfs/ysu34/hamlib/dia_e2e/O2c_16_5.txt,65536,867,spmspm,ours_sym,28.587,15.246,-1.000000,-1
PREPCSV,/mnt/beegfs/ysu34/hamlib/dia_e2e/O2c_16_5.txt,65536,867,spmspm,ours_sym,28.587,15.246,60.959869,1
PREPCSV,/mnt/beegfs/ysu34/hamlib/dia_e2e/O2c_20_5.txt,1048576,2367,spmv,didx,5239.116,67.132,2.741166,1936
PREPCSV,/mnt/beegfs/ysu34/hamlib/dia_e2e/O2c_20_5.txt,1048576,2367,spmv,gopt,4528.732,188.869,2.068029,2281
PREPCSV,/mnt/beegfs/ysu34/hamlib/dia_e2e/qmaxcut_16_4.txt,65536,31,spmv,didx,3.387,0.417,0.006205,613
PREPCSV,/mnt/beegfs/ysu34/hamlib/dia_e2e/qmaxcut_16_4.txt,65536,31,spmv,didx_sym,1.431,0.528,0.006697,293
PREPCSV,/mnt/beegfs/ysu34/hamlib/dia_e2e/qmaxcut_16_4.txt,65536,31,spmv,gopt,2.853,0.447,0.008192,403
PREPCSV,/mnt/beegfs/ysu34/hamlib/dia_e2e/qmaxcut_16_4.txt,65536,31,spmspm,ours_flat,0.533,0.199,0.106803,7
PREPCSV,/mnt/beegfs/ysu34/hamlib/dia_e2e/qmaxcut_16_4.txt,65536,31,spmspm,ours_sym,0.144,1.390,-1.000000,-1
PREPCSV,/mnt/beegfs/ysu34/hamlib/dia_e2e/qmaxcut_16_4.txt,65536,31,spmspm,ours_sym,0.144,1.390,0.055296,28
PREPCSV,/mnt/beegfs/ysu34/hamlib/dia_e2e/qmaxcut_18_4.txt,262144,35,spmv,didx,13.588,1.410,0.012575,1193
PREPCSV,/mnt/beegfs/ysu34/hamlib/dia_e2e/qmaxcut_18_4.txt,262144,35,spmv,didx_sym,6.402,2.184,0.012636,680
PREPCSV,/mnt/beegfs/ysu34/hamlib/dia_e2e/qmaxcut_18_4.txt,262144,35,spmv,gopt,11.405,1.902,0.010465,1271
PREPCSV,/mnt/beegfs/ysu34/hamlib/dia_e2e/qmaxcut_18_4.txt,262144,35,spmspm,ours_flat,1.569,0.358,0.537457,4
PREPCSV,/mnt/beegfs/ysu34/hamlib/dia_e2e/qmaxcut_18_4.txt,262144,35,spmspm,ours_sym,0.586,3.259,-1.000000,-1
PREPCSV,/mnt/beegfs/ysu34/hamlib/dia_e2e/qmaxcut_18_4.txt,262144,35,spmspm,ours_sym,0.586,3.259,0.270889,14
PREPCSV,/mnt/beegfs/ysu34/hamlib/dia_e2e/qmaxcut_20_4.txt,1048576,39,spmv,didx,81.504,4.883,0.061583,1403
PREPCSV,/mnt/beegfs/ysu34/hamlib/dia_e2e/qmaxcut_20_4.txt,1048576,39,spmv,didx_sym,31.242,7.852,0.062956,621
PREPCSV,/mnt/beegfs/ysu34/hamlib/dia_e2e/qmaxcut_20_4.txt,1048576,39,spmv,gopt,67.701,5.003,0.054784,1327
PREPCSV,/mnt/beegfs/ysu34/hamlib/dia_e2e/qmaxcut_20_4.txt,1048576,39,spmspm,ours_flat,5.803,0.794,2.823721,2
PREPCSV,/mnt/beegfs/ysu34/hamlib/dia_e2e/qmaxcut_20_4.txt,1048576,39,spmspm,ours_sym,2.495,2.493,-1.000000,-1
PREPCSV,/mnt/beegfs/ysu34/hamlib/dia_e2e/qmaxcut_20_4.txt,1048576,39,spmspm,ours_sym,2.495,2.493,1.440952,3
PREPCSV,/mnt/beegfs/ysu34/hamlib/dia_e2e/qmaxcutC_18_4.txt,262144,73,spmv,didx,56.687,2.405,0.026276,2249
PREPCSV,/mnt/beegfs/ysu34/hamlib/dia_e2e/qmaxcutC_18_4.txt,262144,73,spmv,didx_sym,20.361,5.760,0.026317,993
PREPCSV,/mnt/beegfs/ysu34/hamlib/dia_e2e/qmaxcutC_18_4.txt,262144,73,spmv,gopt,43.309,3.908,0.046408,1017
PREPCSV,/mnt/beegfs/ysu34/hamlib/dia_e2e/qmaxcutC_18_4.txt,262144,73,spmspm,ours_flat,6.894,0.760,5.425951,1
PREPCSV,/mnt/beegfs/ysu34/hamlib/dia_e2e/qmaxcutC_18_4.txt,262144,73,spmspm,ours_sym,2.009,4.005,-1.000000,-1
PREPCSV,/mnt/beegfs/ysu34/hamlib/dia_e2e/qmaxcutC_18_4.txt,262144,73,spmspm,ours_sym,2.009,4.005,2.575012,2
PREPCSV,/mnt/beegfs/ysu34/hamlib/dia_e2e/qmaxcutK_18_4.txt,262144,19,spmv,didx,11.468,1.023,0.008745,1428
PREPCSV,/mnt/beegfs/ysu34/hamlib/dia_e2e/qmaxcutK_18_4.txt,262144,19,spmv,didx_sym,5.696,2.044,0.009728,796
PREPCSV,/mnt/beegfs/ysu34/hamlib/dia_e2e/qmaxcutK_18_4.txt,262144,19,spmv,gopt,14.901,1.776,0.011878,1404
PREPCSV,/mnt/beegfs/ysu34/hamlib/dia_e2e/qmaxcutK_18_4.txt,262144,19,spmspm,ours_flat,0.880,0.303,0.364257,3
PREPCSV,/mnt/beegfs/ysu34/hamlib/dia_e2e/qmaxcutK_18_4.txt,262144,19,spmspm,ours_sym,0.443,2.343,-1.000000,-1
PREPCSV,/mnt/beegfs/ysu34/hamlib/dia_e2e/qmaxcutK_18_4.txt,262144,19,spmspm,ours_sym,0.443,2.343,0.175350,16
PREPCSV,/mnt/beegfs/ysu34/hamlib/dia_e2e/qmaxcutR_18_3.txt,262144,9,spmv,didx,5.877,0.701,0.006984,942
PREPCSV,/mnt/beegfs/ysu34/hamlib/dia_e2e/qmaxcutR_18_3.txt,262144,9,spmv,didx_sym,2.976,1.019,0.007926,504
PREPCSV,/mnt/beegfs/ysu34/hamlib/dia_e2e/qmaxcutR_18_3.txt,262144,9,spmv,gopt,6.764,0.658,0.006881,1078
PREPCSV,/mnt/beegfs/ysu34/hamlib/dia_e2e/qmaxcutR_18_3.txt,262144,9,spmspm,ours_flat,0.601,0.207,0.083026,10
PREPCSV,/mnt/beegfs/ysu34/hamlib/dia_e2e/qmaxcutR_18_3.txt,262144,9,spmspm,ours_sym,0.329,0.436,-1.000000,-1
PREPCSV,/mnt/beegfs/ysu34/hamlib/dia_e2e/qmaxcutR_18_3.txt,262144,9,spmspm,ours_sym,0.329,0.436,0.040079,19
PREPCSV,/mnt/beegfs/ysu34/hamlib/dia_e2e/tfim_16_4.txt,65536,33,spmv,didx,6.119,0.714,0.007352,929
PREPCSV,/mnt/beegfs/ysu34/hamlib/dia_e2e/tfim_16_4.txt,65536,33,spmv,didx_sym,2.567,0.881,0.006902,500
PREPCSV,/mnt/beegfs/ysu34/hamlib/dia_e2e/tfim_16_4.txt,65536,33,spmv,gopt,5.443,0.838,0.012411,506
PREPCSV,/mnt/beegfs/ysu34/hamlib/dia_e2e/tfim_16_4.txt,65536,33,spmspm,ours_flat,0.657,0.231,0.229171,4
PREPCSV,/mnt/beegfs/ysu34/hamlib/dia_e2e/tfim_16_4.txt,65536,33,spmspm,ours_sym,0.182,2.430,-1.000000,-1
PREPCSV,/mnt/beegfs/ysu34/hamlib/dia_e2e/tfim_16_4.txt,65536,33,spmspm,ours_sym,0.182,2.430,0.114483,23
PREPCSV,/mnt/beegfs/ysu34/hamlib/dia_e2e/tfim_16_5.txt,65536,33,spmv,didx,6.160,0.756,0.007270,951
PREPCSV,/mnt/beegfs/ysu34/hamlib/dia_e2e/tfim_16_5.txt,65536,33,spmv,didx_sym,2.852,0.914,0.006758,557
PREPCSV,/mnt/beegfs/ysu34/hamlib/dia_e2e/tfim_16_5.txt,65536,33,spmv,gopt,6.249,0.820,0.012370,571
PREPCSV,/mnt/beegfs/ysu34/hamlib/dia_e2e/tfim_16_5.txt,65536,33,spmspm,ours_flat,0.698,0.226,0.229212,4
PREPCSV,/mnt/beegfs/ysu34/hamlib/dia_e2e/tfim_16_5.txt,65536,33,spmspm,ours_sym,0.182,2.427,-1.000000,-1
PREPCSV,/mnt/beegfs/ysu34/hamlib/dia_e2e/tfim_16_5.txt,65536,33,spmspm,ours_sym,0.182,2.427,0.114319,23
PREPCSV,/mnt/beegfs/ysu34/hamlib/dia_e2e/tfim_18_4.txt,262144,37,spmv,didx,44.326,2.483,0.022057,2122
PREPCSV,/mnt/beegfs/ysu34/hamlib/dia_e2e/tfim_18_4.txt,262144,37,spmv,didx_sym,11.491,3.463,0.015913,940
PREPCSV,/mnt/beegfs/ysu34/hamlib/dia_e2e/tfim_18_4.txt,262144,37,spmv,gopt,25.340,2.697,0.025457,1101
PREPCSV,/mnt/beegfs/ysu34/hamlib/dia_e2e/tfim_18_4.txt,262144,37,spmspm,ours_flat,2.147,0.483,1.446277,2
PREPCSV,/mnt/beegfs/ysu34/hamlib/dia_e2e/tfim_18_4.txt,262144,37,spmspm,ours_sym,0.831,3.028,-1.000000,-1
PREPCSV,/mnt/beegfs/ysu34/hamlib/dia_e2e/tfim_18_4.txt,262144,37,spmspm,ours_sym,0.831,3.028,0.673792,6
PREPCSV,/mnt/beegfs/ysu34/hamlib/dia_e2e/tfim_18_5.txt,262144,37,spmv,didx,43.754,2.460,0.021934,2107
PREPCSV,/mnt/beegfs/ysu34/hamlib/dia_e2e/tfim_18_5.txt,262144,37,spmv,didx_sym,11.632,3.420,0.015770,954
PREPCSV,/mnt/beegfs/ysu34/hamlib/dia_e2e/tfim_18_5.txt,262144,37,spmv,gopt,25.051,2.674,0.025375,1093
PREPCSV,/mnt/beegfs/ysu34/hamlib/dia_e2e/tfim_18_5.txt,262144,37,spmspm,ours_flat,2.150,0.486,1.446236,2
PREPCSV,/mnt/beegfs/ysu34/hamlib/dia_e2e/tfim_18_5.txt,262144,37,spmspm,ours_sym,0.831,3.024,-1.000000,-1
PREPCSV,/mnt/beegfs/ysu34/hamlib/dia_e2e/tfim_18_5.txt,262144,37,spmspm,ours_sym,0.831,3.024,0.673874,6
PREPCSV,/mnt/beegfs/ysu34/hamlib/dia_e2e/tfim_20_5.txt,1048576,41,spmv,didx,218.529,8.725,0.107991,2104
PREPCSV,/mnt/beegfs/ysu34/hamlib/dia_e2e/tfim_20_5.txt,1048576,41,spmv,didx_sym,74.531,13.759,0.076288,1157
PREPCSV,/mnt/beegfs/ysu34/hamlib/dia_e2e/tfim_20_5.txt,1048576,41,spmv,gopt,108.406,9.461,0.097833,1205
PREPCSV,/mnt/beegfs/ysu34/hamlib/dia_e2e/tfim_20_5.txt,1048576,41,spmspm,ours_flat,8.375,0.949,7.354102,1
PREPCSV,/mnt/beegfs/ysu34/hamlib/dia_e2e/tfim_20_5.txt,1048576,41,spmspm,ours_sym,3.744,4.458,-1.000000,-1
PREPCSV,/mnt/beegfs/ysu34/hamlib/dia_e2e/tfim_20_5.txt,1048576,41,spmspm,ours_sym,3.744,4.458,3.691356,2
PREPCSV,/mnt/beegfs/ysu34/hamlib/dia_e2e/tsp_18_4.txt,262144,1,spmv,didx,1.826,0.440,0.004813,471
PREPCSV,/mnt/beegfs/ysu34/hamlib/dia_e2e/tsp_18_4.txt,262144,1,spmv,didx_sym,1.130,0.441,0.004977,316
PREPCSV,/mnt/beegfs/ysu34/hamlib/dia_e2e/tsp_18_4.txt,262144,1,spmv,gopt,0.831,0.227,0.004362,242
PREPCSV,/mnt/beegfs/ysu34/hamlib/dia_e2e/tsp_18_4.txt,262144,1,spmspm,ours_flat,0.497,0.110,0.005427,112
PREPCSV,/mnt/beegfs/ysu34/hamlib/dia_e2e/tsp_18_4.txt,262144,1,spmspm,ours_sym,0.281,0.111,-1.000000,-1
PREPCSV,/mnt/beegfs/ysu34/hamlib/dia_e2e/tsp_18_4.txt,262144,1,spmspm,ours_sym,0.281,0.111,0.005407,73
PREPCSV,/mnt/beegfs/ysu34/hamlib/dia_e2e/vibbf3_18_3.txt,262144,12,spmv,didx,7.573,0.830,0.007066,1189
PREPCSV,/mnt/beegfs/ysu34/hamlib/dia_e2e/vibbf3_18_3.txt,262144,12,spmv,didx_sym,3.696,1.318,0.007967,629
PREPCSV,/mnt/beegfs/ysu34/hamlib/dia_e2e/vibbf3_18_3.txt,262144,12,spmv,gopt,7.430,0.958,0.007557,1110
PREPCSV,/mnt/beegfs/ysu34/hamlib/dia_e2e/vibbf3_18_3.txt,262144,12,spmspm,ours_flat,0.664,0.247,0.145408,6
PREPCSV,/mnt/beegfs/ysu34/hamlib/dia_e2e/vibbf3_18_3.txt,262144,12,spmspm,ours_sym,0.364,1.088,-1.000000,-1
PREPCSV,/mnt/beegfs/ysu34/hamlib/dia_e2e/vibbf3_18_3.txt,262144,12,spmspm,ours_sym,0.364,1.088,0.070554,21
PREPCSV,/mnt/beegfs/ysu34/hamlib/dia_suitesparse/atmosmodd.txt,1270432,7,spmv,didx,35.620,4.336,0.047739,837
PREPCSV,/mnt/beegfs/ysu34/hamlib/dia_suitesparse/atmosmodd.txt,1270432,7,spmv,gopt,28.584,2.933,0.036291,868
PREPCSV,/mnt/beegfs/ysu34/hamlib/dia_suitesparse/atmosmodd.txt,1270432,7,spmspm,ours_flat,2.776,0.389,0.300401,11
PREPCSV,/mnt/beegfs/ysu34/hamlib/dia_suitesparse/atmosmodd.txt,1270432,7,spmspm,ours_sym,1.565,0.240,-1.000000,-1
PREPCSV,/mnt/beegfs/ysu34/hamlib/dia_suitesparse/atmosmodd.txt,1270432,7,spmspm,ours_sym,1.565,0.240,0.157368,11
PREPCSV,/mnt/beegfs/ysu34/hamlib/dia_suitesparse/ecology2.txt,999999,7,spmv,didx,21.791,2.919,0.030188,819
PREPCSV,/mnt/beegfs/ysu34/hamlib/dia_suitesparse/ecology2.txt,999999,7,spmv,didx_sym,13.836,3.116,0.022999,737
PREPCSV,/mnt/beegfs/ysu34/hamlib/dia_suitesparse/ecology2.txt,999999,7,spmv,gopt,17.100,1.899,0.014848,1280
PREPCSV,/mnt/beegfs/ysu34/hamlib/dia_suitesparse/ecology2.txt,999999,7,spmspm,ours_flat,2.114,0.364,0.210186,12
PREPCSV,/mnt/beegfs/ysu34/hamlib/dia_suitesparse/ecology2.txt,999999,7,spmspm,ours_sym,1.192,0.218,-1.000000,-1
PREPCSV,/mnt/beegfs/ysu34/hamlib/dia_suitesparse/ecology2.txt,999999,7,spmspm,ours_sym,1.192,0.218,0.110019,13
PREPCSV,/mnt/beegfs/ysu34/hamlib/dia_suitesparse/Lin.txt,256000,7,spmv,didx,7.115,1.088,0.008212,999
PREPCSV,/mnt/beegfs/ysu34/hamlib/dia_suitesparse/Lin.txt,256000,7,spmv,didx_sym,3.513,0.984,0.007967,564
PREPCSV,/mnt/beegfs/ysu34/hamlib/dia_suitesparse/Lin.txt,256000,7,spmv,gopt,4.972,0.813,0.007352,787
PREPCSV,/mnt/beegfs/ysu34/hamlib/dia_suitesparse/Lin.txt,256000,7,spmspm,ours_flat,0.562,0.208,0.050995,15
PREPCSV,/mnt/beegfs/ysu34/hamlib/dia_suitesparse/Lin.txt,256000,7,spmspm,ours_sym,0.309,0.189,-1.000000,-1
PREPCSV,/mnt/beegfs/ysu34/hamlib/dia_suitesparse/Lin.txt,256000,7,spmspm,ours_sym,0.309,0.189,0.025518,20
